,experiment_id,number,type,Laboratory identifier,Internal cell serial,Testpoint,Measurement start date,Measurement device used,Test channel,Climate chamber used,Climate chamber temperature setpoint,Position within climate chamber,Q_mean
0,TP_k01_01_1,1,ET_T45, SIE, S001, k01, 11.09.2021, BaSyTec X50.X.13.13.0864, CH01, CTS C-70/200 SN: 092061, 45°C, left (Position 1 of 6),4.992517503216748
1,TP_k01_01_1,1,ET_T23, SIE, S001, k01, 15.09.2021, BaSyTec X50.X.13.13.0864, CH01, CTS C-70/200 SN: 092061, 23°C, left (Position 1 of 6),4.903352334790302
2,TP_k01_01_1,1,ET_T10, SIE, S001, k01, 08.09.2021, BaSyTec X50.X.13.13.0864, CH01, CTS C-70/200 SN: 092061, 10°C, left (Position 1 of 6),4.824176860399433
3,TP_k01_01_1,2,CU, SIE, S001, k01, 26.10.2021, BaSyTec X50.X.13.13.0864, CH01, CTS C-70/200 SN: 092061, 23°C, left (Position 1 of 6),4.937685077551938
4,TP_k01_01_1,3,exCU, SIE, S001, k01, 30.11.2021, BaSyTec X50.X.13.13.0864, CH01, CTS C-70/200 SN: 092061, 23°C, left (Position 1 of 6),4.916338213905013
5,TP_k01_01_1,4,CU, SIE, S001, k01, 18.01.2022, BaSyTec X50.X.13.13.0864, CH01, CTS C-70/200 SN: 092061, 23°C, left (Position 1 of 6),4.911691126263757
6,TP_k01_01_1,5,CU, SIE, S001, k01, 15.03.2022, BaSyTec X50.X.13.13.0864, CH01, CTS C-70/200 SN: 092061, 23°C, left (Position 1 of 6),4.908074196693927
7,TP_k01_01_1,6,CU, SIE, S001, k01, 10.05.2022, BaSyTec X50.X.13.13.0864, CH01, CTS C-70/200 SN: 092061, 23°C, left (Position 1 of 6),4.910515619392121
8,TP_k01_01_1,7,exCU, SIE, S001, k01, 05.06.2022, BaSyTec X50.X.13.13.0864, CH01, CTS C-70/200 SN: 092061, 23°C, left (Position 1 of 6),4.907722805940413
9,TP_k01_01_1,8,CU, SIE, S001, k01, 30.08.2022, BaSyTec X50.X.13.13.0864, CH01, CTS C-70/200 SN: 092061, 23°C, left (Position 1 of 6),4.905705940560439
10,TP_k01_01_1,9,AT_T10, SIE, S001, k01, 12.09.2022, BaSyTec X50.X.13.13.0864, CH01, CTS C-70/200 SN: 092061, 10°C, left (Position 1 of 6),4.802975300810354
11,TP_k01_01_1,9,AT_T23, SIE, S001, k01, 12.09.2022, BaSyTec X50.X.13.13.0864, CH01, CTS C-70/200 SN: 092061, 23°C, left (Position 1 of 6),4.836335014994619
12,TP_k01_01_1,9,AT_T45, SIE, S001, k01, 12.09.2022, BaSyTec X50.X.13.13.0864, CH01, CTS C-70/200 SN: 092061, 45°C, left (Position 1 of 6),4.9437869002331905
13,TP_k01_01_2,1,ET_T45, SIE, 057, k01, 08.12.2022, BaSyTec X50.X.13.13.0864, CH01, KB115 #11-00467, 45°C, left (Position 1 of 6),4.963455639291757
14,TP_k01_01_2,1,ET_T23, SIE, 057, k01, 11.12.2022, BaSyTec X50.X.13.13.0864, CH01, KB115 #11-00467, 23°C, left (Position 1 of 6),4.869691775586276
15,TP_k01_01_2,1,ET_T10, SIE, 057, k01, 06.12.2022, BaSyTec X50.X.13.13.0864, CH01, KB115 #11-00467, 10°C, left (Position 1 of 6),4.740585226076341
16,TP_k01_01_2,2,CU, SIE, 057, k01, 23.01.2023, BaSyTec X50.X.13.13.0864, CH01, KB53 #03-50970, 23°C, left (Position 1 of 6),4.868683459588931
17,TP_k01_01_2,3,exCU, SIE, 057, k01, 21.02.2023, BaSyTec X50.X.13.13.0864, CH01, KB53 #03-50970, 23°C, left (Position 1 of 6),4.869057801600897
18,TP_k01_01_2,4,CU, SIE, 057, k01, 25.04.2023, BaSyTec X50.X.13.13.0864, CH01, KB53 #03-50970, 23°C,  left (Position 1 of 6),4.863525998102787
19,TP_k01_01_2,5,exCU, SIE, 057, k01, 13.06.2023, BaSyTec X50.X.13.13.0864, CH01, KB53 #03-50970, 23°C, left (Position 1 of 6),4.861054734445522
20,TP_k01_01_2,6,CU, SIE, 057, k01, 08.08.2023, BaSyTec X50.X.13.13.0864, CH01, KB53 #03-50970, 23°C, left (Position 1 of 6),4.857060083917563
21,TP_k01_01_2,7,exCU, SIE, 057, k01, 04.10.2023, BaSyTec X50.X.13.13.0864, CH01, KB53 #03-50970, 23°C, left (Position 1 of 6),4.854061694980585
22,TP_k01_01_2,8,CU, SIE, 057, k01, 27.11.2023, BaSyTec X50.X.13.13.0864, CH01, KB53 #03-50970, 23°C, left (Position 1 of 6),4.84537716478716
23,TP_k01_01_2,9,AT_T10, SIE, 57, k01, 15.01.2024, BaSyTec X50.X.13.13.0864, CH01, Binder KB115 #11-00467, 10°C, left (Position 1 of 6),4.754204083963867
24,TP_k01_01_2,9,AT_T23, SIE, 57, k01, 15.01.2024, BaSyTec X50.X.13.13.0864, CH01, Binder KB115 #11-00467, 23°C, left (Position 1 of 6),4.796407993752063
25,TP_k01_01_2,9,AT_T45, SIE, 57, k01, 15.01.2024, BaSyTec X50.X.13.13.0864, CH01, Binder KB115 #11-00467, 45°C, left (Position 1 of 6),4.903533635493288
26,TP_k01_02_1,1,ET_T45, SIE, S002, k01, 11.09.2021, BaSyTec X50.X.13.13.0864, CH02, CTS C-70/200 SN: 092061, 45°C, halb left (Position 2 of 6),4.947800665714837
27,TP_k01_02_1,1,ET_T23, SIE, S002, k01, 15.09.2021, BaSyTec X50.X.13.13.0864, CH02, CTS C-70/200 SN: 092061, 23°C, halb left (Position 2 of 6),4.860722417280769
28,TP_k01_02_1,1,ET_T10, SIE, S002, k01, 08.09.2021, BaSyTec X50.X.13.13.0864, CH02, CTS C-70/200 SN: 092061, 10°C, halb left (Position 2 of 6),4.7745548764408525
29,TP_k01_02_1,2,CU, SIE, S002, k01, 26.10.2021, BaSyTec X50.X.13.13.0864, CH02, CTS C-70/200 SN: 092061, 23°C, halb left (Position 2 of 6),4.881979719551593
30,TP_k01_02_1,3,exCU, SIE, S002, k01, 30.11.2021, BaSyTec X50.X.13.13.0864, CH02, CTS C-70/200 SN: 092061, 23°C, halb left (Position 2 of 6),4.876564236000321
31,TP_k01_02_1,4,CU, SIE, S002, k01, 18.01.2022, BaSyTec X50.X.13.13.0864, CH02, CTS C-70/200 SN: 092061, 23°C, halb left (Position 2 of 6),4.86725073369714
32,TP_k01_02_1,5,CU, SIE, S002, k01, 15.03.2022, BaSyTec X50.X.13.13.0864, CH02, CTS C-70/200 SN: 092061, 23°C, halb left (Position 2 of 6),4.869514664084044
33,TP_k01_02_1,6,CU, SIE, S002, k01, 10.05.2022, BaSyTec X50.X.13.13.0864, CH02, CTS C-70/200 SN: 092061, 23°C, halb left (Position 2 of 6),4.8661802435464745
34,TP_k01_02_1,7,exCU, SIE, S002, k01, 05.06.2022, BaSyTec X50.X.13.13.0864, CH02, CTS C-70/200 SN: 092061, 23°C, halb left (Position 2 of 6),4.860595357405121
35,TP_k01_02_1,8,CU, SIE, S002, k01, 30.08.2022, BaSyTec X50.X.13.13.0864, CH02, CTS C-70/200 SN: 092061, 23°C, halb left (Position 2 of 6),4.8541767339113235
36,TP_k01_02_1,9,AT_T10, SIE, S002, k01, 12.09.2022, BaSyTec X50.X.13.13.0864, CH02, CTS C-70/200 SN: 092061, 10°C, halb left (Position 2 of 6),4.754888296528502
37,TP_k01_02_1,9,AT_T23, SIE, S002, k01, 12.09.2022, BaSyTec X50.X.13.13.0864, CH02, CTS C-70/200 SN: 092061, 23°C, halb left (Position 2 of 6),4.797170711380968
38,TP_k01_02_1,9,AT_T45, SIE, S002, k01, 12.09.2022, BaSyTec X50.X.13.13.0864, CH02, CTS C-70/200 SN: 092061, 45°C, halb left (Position 2 of 6),4.8956022026874795
39,TP_k01_02_2,1,ET_T45, SIE, 167, k01, 08.12.2022, BaSyTec X50.X.13.13.0864, CH02, KB115 #11-00467, 45°C, middle left (Position 2 of 6),4.951924841688886
40,TP_k01_02_2,1,ET_T23, SIE, 167, k01, 11.12.2022, BaSyTec X50.X.13.13.0864, CH02, KB115 #11-00467, 23°C, middle left (Position 2 of 6),4.863052037519415
41,TP_k01_02_2,1,ET_T10, SIE, 167, k01, 06.12.2022, BaSyTec X50.X.13.13.0864, CH02, KB115 #11-00467, 10°C, middle left (Position 2 of 6),4.760310959746086
42,TP_k01_02_2,2,CU, SIE, 167, k01, 23.01.2023, BaSyTec X50.X.13.13.0864, CH02, KB53 #03-50970, 23°C, middle left (Position 2 of 6),4.861683639419855
43,TP_k01_02_2,3,exCU, SIE, 167, k01, 21.02.2023, BaSyTec X50.X.13.13.0864, CH02, KB53 #03-50970, 23°C, middle left (Position 2 of 6),4.859672487564422
44,TP_k01_02_2,4,CU, SIE, 167, k01, 25.04.2023, BaSyTec X50.X.13.13.0864, CH02, KB53 #03-50970, 23°C, middle left (Position 2 of 6),4.853678345635014
45,TP_k01_02_2,5,exCU, SIE, 167, k01, 13.06.2023, BaSyTec X50.X.13.13.0864, CH02, KB53 #03-50970, 23°C, middle left (Position 2 of 6),4.850351314801554
46,TP_k01_02_2,6,CU, SIE, 167, k01, 08.08.2023, BaSyTec X50.X.13.13.0864, CH02, KB53 #03-50970, 23°C, middle left (Position 2 of 6),4.84496912148652
47,TP_k01_02_2,7,exCU, SIE, 167, k01, 04.10.2023, BaSyTec X50.X.13.13.0864, CH02, KB53 #03-50970, 23°C, middle left (Position 2 of 6),4.842252641836065
48,TP_k01_02_2,8,CU, SIE, 167, k01, 27.11.2023, BaSyTec X50.X.13.13.0864, CH02, KB53 #03-50970, 23°C, middle left (Position 2 of 6),4.835368441597334
49,TP_k01_02_2,9,AT_T10, SIE, 167, k01, 15.01.2024, BaSyTec X50.X.13.13.0864, CH02, Binder KB115 #11-00467, 10°C, middle left (Position 2 of 6),4.750539101162978
50,TP_k01_02_2,9,AT_T23, SIE, 167, k01, 15.01.2024, BaSyTec X50.X.13.13.0864, CH02, Binder KB115 #11-00467, 23°C, middle left (Position 2 of 6),4.785979210309746
51,TP_k01_02_2,9,AT_T45, SIE, 167, k01, 15.01.2024, BaSyTec X50.X.13.13.0864, CH02, Binder KB115 #11-00467, 45°C, middle left (Position 2 of 6),4.890587876229247
52,TP_k01_03_1,1,ET_T10, SIE, S003, k01, 08.09.2021, BaSyTec X50.X.13.13.0864, CH03, CTS C-70/200 SN: 092061, 10°C, middle left (Position 3 of 6),4.809974809540188
53,TP_k01_03_1,1,ET_T23, SIE, S003, k01, 15.09.2021, BaSyTec X50.X.13.13.0864, CH03, CTS C-70/200 SN: 092061, 23°C, middle left (Position 3 of 6),4.899375305664563
54,TP_k01_03_1,1,ET_T45, SIE, S003, k01, 11.09.2021, BaSyTec X50.X.13.13.0864, CH03, CTS C-70/200 SN: 092061, 45°C, middle left (Position 3 of 6),4.993770286519802
55,TP_k01_03_1,2,CU, SIE, S003, k01, 26.10.2021, BaSyTec X50.X.13.13.0864, CH03, CTS C-70/200 SN: 092061, 23°C, middle left (Position 3 of 6),4.923284841058436
56,TP_k01_03_1,3,exCU, SIE, S003, k01, 30.11.2021, BaSyTec X50.X.13.13.0864, CH03, CTS C-70/200 SN: 092061, 23°C, middle left (Position 3 of 6),4.918149000107059
57,TP_k01_03_1,4,CU, SIE, S003, k01, 18.01.2022, BaSyTec X50.X.13.13.0864, CH03, CTS C-70/200 SN: 092061, 23°C, middle left (Position 3 of 6),4.915754812312448
58,TP_k01_03_1,5,CU, SIE, S003, k01, 15.03.2022, BaSyTec X50.X.13.13.0864, CH03, CTS C-70/200 SN: 092061, 23°C, middle left (Position 3 of 6),4.912818772327242
59,TP_k01_03_1,6,CU, SIE, S003, k01, 10.05.2022, BaSyTec X50.X.13.13.0864, CH03, CTS C-70/200 SN: 092061, 23°C, middle left (Position 3 of 6),4.913221081790917
60,TP_k01_03_1,7,exCU, SIE, S003, k01, 05.06.2022, BaSyTec X50.X.13.13.0864, CH03, CTS C-70/200 SN: 092061, 23°C, middle left (Position 3 of 6),4.914004014484176
61,TP_k01_03_1,8,CU, SIE, S003, k01, 30.08.2022, BaSyTec X50.X.13.13.0864, CH03, CTS C-70/200 SN: 092061, 23°C, middle left (Position 3 of 6),4.9069061606248505
62,TP_k01_03_1,9,AT_T45, SIE, S003, k01, 12.09.2022, BaSyTec X50.X.13.13.0864, CH03, CTS C-70/200 SN: 092061, 45°C, middle left (Position 3 of 6),4.941325149631046
63,TP_k01_03_1,9,AT_T23, SIE, S003, k01, 12.09.2022, BaSyTec X50.X.13.13.0864, CH03, CTS C-70/200 SN: 092061, 23°C, middle left (Position 3 of 6),4.834544365756397
64,TP_k01_03_1,9,AT_T10, SIE, S003, k01, 12.09.2022, BaSyTec X50.X.13.13.0864, CH03, CTS C-70/200 SN: 092061, 10°C, middle left (Position 3 of 6),4.81449675658891
65,TP_k01_03_2,1,ET_T10, SIE, 012, k01, 06.12.2022, BaSyTec X50.X.13.13.0864, CH03, KB115 #11-00467, 10°C, middle left (Position 3 of 6),4.739350838906466
66,TP_k01_03_2,1,ET_T23, SIE, 012, k01, 11.12.2022, BaSyTec X50.X.13.13.0864, CH03, KB115 #11-00467, 23°C, middle left (Position 3 of 6),4.866754153299842
67,TP_k01_03_2,1,ET_T45, SIE, 012, k01, 08.12.2022, BaSyTec X50.X.13.13.0864, CH03, KB115 #11-00467, 45°C, middle left (Position 3 of 6),4.958293871531797
68,TP_k01_03_2,2,CU, SIE, 012, k01, 23.01.2023, BaSyTec X50.X.13.13.0864, CH03, KB53 #03-50970, 23°C, middle left (Position 3 of 6),4.873495142208711
69,TP_k01_03_2,3,exCU, SIE, 012, k01, 21.02.2023, BaSyTec X50.X.13.13.0864, CH03, KB53 #03-50970, 23°C, middle left (Position 3 of 6),4.8781812334320325
70,TP_k01_03_2,4,CU, SIE, 012, k01, 25.04.2023, BaSyTec X50.X.13.13.0864, CH03, KB53 #03-50970, 23°C, middle left (Position 3 of 6),4.870297817162436
71,TP_k01_03_2,5,exCU, SIE, 012, k01, 13.06.2023, BaSyTec X50.X.13.13.0864, CH03, KB53 #03-50970, 23°C, middle left (Position 3 of 6),4.867183173494901
72,TP_k01_03_2,6,CU, SIE, 012, k01, 08.08.2023, BaSyTec X50.X.13.13.0864, CH03, KB53 #03-50970, 23°C, middle left (Position 3 of 6),4.864686842417511
73,TP_k01_03_2,7,exCU, SIE, 012, k01, 04.10.2023, BaSyTec X50.X.13.13.0864, CH03, KB53 #03-50970, 23°C, middle left (Position 3 of 6),4.859774911000591
74,TP_k01_03_2,8,CU, SIE, 012, k01, 27.11.2023, BaSyTec X50.X.13.13.0864, CH03, KB53 #03-50970, 23°C, middle left (Position 3 of 6),4.851882166289776
75,TP_k01_03_2,9,AT_T45, SIE, 12, k01, 15.01.2024, BaSyTec X50.X.13.13.0864, CH03, Binder KB115 #11-00467, 45°C, middle left (Position 3 of 6),4.909407889191831
76,TP_k01_03_2,9,AT_T23, SIE, 12, k01, 15.01.2024, BaSyTec X50.X.13.13.0864, CH03, Binder KB115 #11-00467, 23°C, middle left (Position 3 of 6),4.80810368838341
77,TP_k01_03_2,9,AT_T10, SIE, 12, k01, 15.01.2024, BaSyTec X50.X.13.13.0864, CH03, Binder KB115 #11-00467, 10°C, middle left (Position 3 of 6),4.776461780447304
78,TP_k01_04_1,1,ET_T10, SIE, S010, k01noCU, 21.09.2021, BaSyTec X50.X.13.13.0864, CH04, CTS C-70/200 SN: 092061, 10°C, middle right (Position 4 of 6),4.74602919123112
79,TP_k01_04_1,1,ET_T23, SIE, S010, k01noCU, 30.09.2021, BaSyTec X50.X.13.13.0864, CH04, CTS C-70/200 SN: 092061, 23°C, middle right (Position 4 of 6),4.838562600300582
80,TP_k01_04_1,1,ET_T45, SIE, S010, k01noCU, 23.09.2021, BaSyTec X50.X.13.13.0864, CH04, CTS C-70/200 SN: 092061, 45°C, middle right (Position 4 of 6),4.9327435957393515
81,TP_k01_04_1,2,AT_T10, SIE, S010, k01noCU, 22.09.2022, BaSyTec X50.X.13.13.0864, CH04, CTS C-70/200 SN: 092061, 10°C, middle right (Position 4 of 6),4.718293673229932
82,TP_k01_04_1,2,AT_T23, SIE, S010, k01noCU, 22.09.2022, BaSyTec X50.X.13.13.0864, CH04, CTS C-70/200 SN: 092061, 23°C, middle right (Position 4 of 6),4.819791721722388
83,TP_k01_04_1,2,AT_T45, SIE, S010, k01noCU, 22.09.2022, BaSyTec X50.X.13.13.0864, CH04, CTS C-70/200 SN: 092061, 45°C, middle right (Position 4 of 6),4.906344945799164
84,TP_k01_04_2,1,ET_T10, SIE, 070, k01, 01.12.2022, BaSyTec GSM.X.62.43.0427, CH00," Binder KB115 #10, SN:20200000019983", 10°C, bottom left,4.769795856222075
85,TP_k01_04_2,1,ET_T23, SIE, 070, k01, 07.12.2022, BaSyTec GSM.X.62.43.0427, CH00," Binder KB115 #10, SN:20200000019983", 23°C, bottom left,4.870716724437129
86,TP_k01_04_2,1,ET_T45, SIE, 070, k01, 03.12.2022, BaSyTec GSM.X.62.43.0427, CH00," Binder KB115 #10, SN:20200000019983", 45°C, bottom left,4.961014370908121
87,TP_k01_04_2,2,AT_T10, SIE, 70, k01, 29.01.2024, BaSyTec GSM.X.62.43.0427, CH00," Binder KB115 #10, SN:20200000019983", 10°C, bottom left,4.769983183095136
88,TP_k01_04_2,2,AT_T23, SIE, 70, k01, 29.01.2024, BaSyTec GSM.X.62.43.0427, CH00," Binder KB115 #10, SN:20200000019983", 23°C, bottom left,4.8267002749107135
89,TP_k01_04_2,2,AT_T45, SIE, 70, k01, 29.01.2024, BaSyTec GSM.X.62.43.0427, CH00," Binder KB115 #10, SN:20200000019983", 45°C, bottom left,4.930002498333314
90,TP_k01_05_1,1,ET_T45, SIE, S011, k01noCU, 24.09.2021, BaSyTec X50.X.13.13.0864, CH05, CTS C-70/200 SN: 092061, 45°C, halb right (Position 5 of 6),4.940096171966725
91,TP_k01_05_1,1,ET_T23, SIE, S011, k01noCU, 30.09.2021, BaSyTec X50.X.13.13.0864, CH05, CTS C-70/200 SN: 092061, 23°C, halb right (Position 5 of 6),4.84868464625953
92,TP_k01_05_1,1,ET_T10, SIE, S011, k01noCU, 21.09.2021, BaSyTec X50.X.13.13.0864, CH05, CTS C-70/200 SN: 092061, 10°C, halb right (Position 5 of 6),4.773817927896332
93,TP_k01_05_1,2,AT_T45, SIE, S011, k01noCU, 22.09.2022, BaSyTec X50.X.13.13.0864, CH05, CTS C-70/200 SN: 092061, 45°C, halb right (Position 5 of 6),4.9187063698244895
94,TP_k01_05_1,2,AT_T23, SIE, S011, k01noCU, 22.09.2022, BaSyTec X50.X.13.13.0864, CH05, CTS C-70/200 SN: 092061, 23°C, halb right (Position 5 of 6),4.83829406493053
95,TP_k01_05_1,2,AT_T10, SIE, S011, k01noCU, 22.09.2022, BaSyTec X50.X.13.13.0864, CH05, CTS C-70/200 SN: 092061, 10°C, halb right (Position 5 of 6),4.744125576796729
96,TP_k01_05_2,1,ET_T45, SIE, 168, k01, 03.12.2022, BaSyTec GSM.X.62.43.0427, CH01," Binder KB115 #10, SN:20200000019983", 45°C, bottom halb left,4.9546022933474845
97,TP_k01_05_2,1,ET_T23, SIE, 168, k01, 07.12.2022, BaSyTec GSM.X.62.43.0427, CH01," Binder KB115 #10, SN:20200000019983", 23°C, bottom halb left,4.856632562008963
98,TP_k01_05_2,1,ET_T10, SIE, 168, k01, 01.12.2022, BaSyTec GSM.X.62.43.0427, CH01," Binder KB115 #10, SN:20200000019983", 10°C, bottom halb left,4.763464158086554
99,TP_k01_05_2,2,AT_T45, SIE, 168, k01, 29.01.2024, BaSyTec GSM.X.62.43.0427, CH01," Binder KB115 #10, SN:20200000019983", 45°C, bottom halb left,4.931304582564459
100,TP_k01_05_2,2,AT_T23, SIE, 168, k01, 29.01.2024, BaSyTec GSM.X.62.43.0427, CH01," Binder KB115 #10, SN:20200000019983", 23°C, bottom halb left,4.827722159495555
101,TP_k01_05_2,2,AT_T10, SIE, 168, k01, 29.01.2024, BaSyTec GSM.X.62.43.0427, CH01," Binder KB115 #10, SN:20200000019983", 10°C, bottom halb left,4.759982366927595
102,TP_k01_06_1,1,ET_T45, SIE, S012, k01noCU, 24.09.2021, BaSyTec X50.X.13.13.0864, CH06, CTS C-70/200 SN: 092061, 45°C, right (Position 6 of 6),4.995367366175573
103,TP_k01_06_1,1,ET_T23, SIE, S012, k01noCU, 30.09.2021, BaSyTec X50.X.13.13.0864, CH06, CTS C-70/200 SN: 092061, 23°C, right (Position 6 of 6),4.904946736050579
104,TP_k01_06_1,1,ET_T10, SIE, S012, k01noCU, 21.09.2021, BaSyTec X50.X.13.13.0864, CH06, CTS C-70/200 SN: 092061, 10°C, right (Position 6 of 6),4.849181121216446
105,TP_k01_06_1,2,AT_T45, SIE, S012, k01noCU, 22.09.2022, BaSyTec X50.X.13.13.0864, CH06, CTS C-70/200 SN: 092061, 45°C, right (Position 6 of 6),4.966470812785552
106,TP_k01_06_1,2,AT_T23, SIE, S012, k01noCU, 22.09.2022, BaSyTec X50.X.13.13.0864, CH06, CTS C-70/200 SN: 092061, 23°C, right (Position 6 of 6),4.8798583938240085
107,TP_k01_06_1,2,AT_T10, SIE, S012, k01noCU, 22.09.2022, BaSyTec X50.X.13.13.0864, CH06, CTS C-70/200 SN: 092061, 10°C, right (Position 6 of 6),4.797632953359239
108,TP_k01_06_2,1,ET_T45, SIE, 123, k01, 03.12.2022, BaSyTec GSM.X.62.43.0427, CH02," Binder KB115 #10, SN:20200000019983", 45°C, bottom middle,4.953202623503417
109,TP_k01_06_2,1,ET_T23, SIE, 123, k01, 07.12.2022, BaSyTec GSM.X.62.43.0427, CH02," Binder KB115 #10, SN:20200000019983", 23°C, bottom middle,4.846873240568348
110,TP_k01_06_2,1,ET_T10, SIE, 123, k01, 01.12.2022, BaSyTec GSM.X.62.43.0427, CH02," Binder KB115 #10, SN:20200000019983", 10°C, bottom middle,4.730864868439671
111,TP_k01_06_2,2,AT_T45, SIE, 123, k01, 29.01.2024, BaSyTec GSM.X.62.43.0427, CH02," Binder KB115 #10, SN:20200000019983", 45°C, bottom middle,4.93029217356721
112,TP_k01_06_2,2,AT_T23, SIE, 123, k01, 29.01.2024, BaSyTec GSM.X.62.43.0427, CH02," Binder KB115 #10, SN:20200000019983", 23°C, bottom middle,4.822791805068341
113,TP_k01_06_2,2,AT_T10, SIE, 123, k01, 29.01.2024, BaSyTec GSM.X.62.43.0427, CH02," Binder KB115 #10, SN:20200000019983", 10°C, bottom middle,4.767989146631299
114,TP_k02_01_1,1,ET_T10, SIE, S004, k02, 08.09.2021, BaSyTec X50.X.13.13.0864, CH04, CTS C-70/200 SN: 092061, 10°C, middle right (Position 4 of 6),4.79625619930373
115,TP_k02_01_1,1,ET_T23, SIE, S004, k02, 15.09.2021, BaSyTec X50.X.13.13.0864, CH04, CTS C-70/200 SN: 092061, 23°C, middle right (Position 4 of 6),4.882635633758522
116,TP_k02_01_1,1,ET_T45, SIE, S004, k02, 11.09.2021, BaSyTec X50.X.13.13.0864, CH04, CTS C-70/200 SN: 092061, 45°C, middle right (Position 4 of 6),4.982560315077924
117,TP_k02_01_1,2,CU, SIE, S004, k02, 26.10.2021, BaSyTec X50.X.13.13.0864, CH04, CTS C-70/200 SN: 092061, 23°C, middle right (Position 4 of 6),4.877203625831556
118,TP_k02_01_1,3,exCU, SIE, S004, k02, 30.11.2021, BaSyTec X50.X.13.13.0864, CH04, CTS C-70/200 SN: 092061, 23°C, middle right (Position 4 of 6),4.867897656023741
119,TP_k02_01_1,4,CU, SIE, S004, k02, 18.01.2022, BaSyTec X50.X.13.13.0864, CH04, CTS C-70/200 SN: 092061, 23°C, middle right (Position 4 of 6),4.861625402128158
120,TP_k02_01_1,5,CU, SIE, S004, k02, 15.03.2022, BaSyTec X50.X.13.13.0864, CH04, CTS C-70/200 SN: 092061, 23°C, middle right (Position 4 of 6),4.856971144034684
121,TP_k02_01_1,6,CU, SIE, S004, k02, 10.05.2022, BaSyTec X50.X.13.13.0864, CH04, CTS C-70/200 SN: 092061, 23°C, middle right (Position 4 of 6),4.856379623298672
122,TP_k02_01_1,7,exCU, SIE, S004, k02, 05.06.2022, BaSyTec X50.X.13.13.0864, CH04, CTS C-70/200 SN: 092061, 23°C, middle right (Position 4 of 6),4.846136035227194
123,TP_k02_01_1,8,CU, SIE, S004, k02, 30.08.2022, BaSyTec X50.X.13.13.0864, CH04, CTS C-70/200 SN: 092061, 23°C, middle right (Position 4 of 6),4.8388554773574395
124,TP_k02_01_1,9,AT_T45, SIE, S004, k02, 12.09.2022, BaSyTec X50.X.13.13.0864, CH04, CTS C-70/200 SN: 092061, 45°C, middle right (Position 4 of 6),4.892324887343047
125,TP_k02_01_1,9,AT_T23, SIE, S004, k02, 12.09.2022, BaSyTec X50.X.13.13.0864, CH04, CTS C-70/200 SN: 092061, 23°C, middle right (Position 4 of 6),4.790621052607699
126,TP_k02_01_1,9,AT_T10, SIE, S004, k02, 12.09.2022, BaSyTec X50.X.13.13.0864, CH04, CTS C-70/200 SN: 092061, 10°C, middle right (Position 4 of 6),4.753890717059912
127,TP_k02_01_2,1,ET_T10, SIE, 131, k02, 06.12.2022, BaSyTec X50.X.13.13.0864, CH04, KB115 #11-00467, 10°C, middle right (Position 4 of 6),4.720434196714627
128,TP_k02_01_2,1,ET_T23, SIE, 131, k02, 11.12.2022, BaSyTec X50.X.13.13.0864, CH04, KB115 #11-00467, 23°C, middle right (Position 4 of 6),4.852899414078003
129,TP_k02_01_2,1,ET_T45, SIE, 131, k02, 08.12.2022, BaSyTec X50.X.13.13.0864, CH04, KB115 #11-00467, 45°C, middle right (Position 4 of 6),4.952238529591445
130,TP_k02_01_2,2,CU, SIE, 131, k02, 23.01.2023, BaSyTec X50.X.13.13.0864, CH04, KB53 #03-50970, 23°C, middle right (Position 4 of 6),4.820057943277563
131,TP_k02_01_2,3,exCU, SIE, 131, k02, 21.02.2023, BaSyTec X50.X.13.13.0864, CH04, KB53 #03-50970, 23°C, middle right (Position 4 of 6),4.805958002511739
132,TP_k02_01_2,4,CU, SIE, 131, k02, 25.04.2023, BaSyTec X50.X.13.13.0864, CH04, KB53 #03-50970, 23°C, middle right (Position 4 of 6),4.781084691617805
133,TP_k02_01_2,5,exCU, SIE, 131, k02, 13.06.2023, BaSyTec X50.X.13.13.0864, CH04, KB53 #03-50970, 23°C, middle right (Position 4 of 6),4.7688038728843285
134,TP_k02_01_2,6,CU, SIE, 131, k02, 08.08.2023, BaSyTec X50.X.13.13.0864, CH04, KB53 #03-50970, 23°C, middle right (Position 4 of 6),4.754524670708626
135,TP_k02_01_2,7,exCU, SIE, 131, k02, 04.10.2023, BaSyTec X50.X.13.13.0864, CH04, KB53 #03-50970, 23°C, middle right (Position 4 of 6),4.741009825884787
136,TP_k02_01_2,8,CU, SIE, 131, k02, 27.11.2023, BaSyTec X50.X.13.13.0864, CH04, KB53 #03-50970, 23°C, middle right (Position 4 of 6),4.724412666063358
137,TP_k02_01_2,9,AT_T45, SIE, 131, k02, 15.01.2024, BaSyTec X50.X.13.13.0864, CH04, Binder KB115 #11-00467, 45°C, middle right (Position 4 of 6),4.797866014281886
138,TP_k02_01_2,9,AT_T23, SIE, 131, k02, 15.01.2024, BaSyTec X50.X.13.13.0864, CH04, Binder KB115 #11-00467, 23°C, middle right (Position 4 of 6),4.718391014140318
139,TP_k02_01_2,9,AT_T10, SIE, 131, k02, 15.01.2024, BaSyTec X50.X.13.13.0864, CH04, Binder KB115 #11-00467, 10°C, middle right (Position 4 of 6),4.630801059167327
140,TP_k02_02_1,1,ET_T10, SIE, S005, k02, 08.09.2021, BaSyTec X50.X.13.13.0864, CH05, CTS C-70/200 SN: 092061, 10°C, halb right (Position 5 of 6),4.7863687518080535
141,TP_k02_02_1,1,ET_T23, SIE, S005, k02, 15.09.2021, BaSyTec X50.X.13.13.0864, CH05, CTS C-70/200 SN: 092061, 23°C, halb right (Position 5 of 6),4.874148366873925
142,TP_k02_02_1,1,ET_T45, SIE, S005, k02, 11.09.2021, BaSyTec X50.X.13.13.0864, CH05, CTS C-70/200 SN: 092061, 23°C, halb right (Position 5 of 6),4.960327168585492
143,TP_k02_02_1,2,CU, SIE, S005, k02, 26.10.2021, BaSyTec X50.X.13.13.0864, CH05, CTS C-70/200 SN: 092061, 23°C, halb right (Position 5 of 6),4.864874546595667
144,TP_k02_02_1,3,exCU, SIE, S005, k02, 30.11.2021, BaSyTec X50.X.13.13.0864, CH05, CTS C-70/200 SN: 092061, 23°C, halb right (Position 5 of 6),4.854654293893263
145,TP_k02_02_1,4,CU, SIE, S005, k02, 18.01.2022, BaSyTec X50.X.13.13.0864, CH05, CTS C-70/200 SN: 092061, 23°C, halb right (Position 5 of 6),4.8547918160864505
146,TP_k02_02_1,5,CU, SIE, S005, k02, 15.03.2022, BaSyTec X50.X.13.13.0864, CH05, CTS C-70/200 SN: 092061, 23°C, halb right (Position 5 of 6),4.841271127709446
147,TP_k02_02_1,6,CU, SIE, S005, k02, 10.05.2022, BaSyTec X50.X.13.13.0864, CH05, CTS C-70/200 SN: 092061, 23°C, halb right (Position 5 of 6),4.848411393243191
148,TP_k02_02_1,7,exCU, SIE, S005, k02, 05.06.2022, BaSyTec X50.X.13.13.0864, CH05, CTS C-70/200 SN: 092061, 23°C, halb right (Position 5 of 6),4.842429619319009
149,TP_k02_02_1,8,CU, SIE, S005, k02, 30.08.2022, BaSyTec X50.X.13.13.0864, CH05, CTS C-70/200 SN: 092061, 23°C, halb right (Position 5 of 6),4.83251824917097
150,TP_k02_02_1,9,AT_T45, SIE, S005, k02, 12.09.2022, BaSyTec X50.X.13.13.0864, CH05, CTS C-70/200 SN: 092061, 45°C, halb right (Position 5 of 6),4.878683077110241
151,TP_k02_02_1,9,AT_T23, SIE, S005, k02, 12.09.2022, BaSyTec X50.X.13.13.0864, CH05, CTS C-70/200 SN: 092061, 23°C, halb right (Position 5 of 6),4.787841684915614
152,TP_k02_02_1,9,AT_T10, SIE, S005, k02, 12.09.2022, BaSyTec X50.X.13.13.0864, CH05, CTS C-70/200 SN: 092061, 10°C, halb right (Position 5 of 6),4.755265304409907
153,TP_k02_02_2,1,ET_T10, SIE, 019, k02, 06.12.2022, BaSyTec X50.X.13.13.0864, CH05, KB115 #11-00467, 10°C, middle right (Position 5 of 6),4.719133603422316
154,TP_k02_02_2,1,ET_T23, SIE, 019, k02, 11.12.2022, BaSyTec X50.X.13.13.0864, CH05, KB115 #11-00467, 23°C, middle right (Position 5 of 6),4.856523673674078
155,TP_k02_02_2,1,ET_T45, SIE, 019, k02, 08.12.2022, BaSyTec X50.X.13.13.0864, CH05, KB115 #11-00467, 45°C, middle right (Position 5 of 6),4.953861920492367
156,TP_k02_02_2,2,CU, SIE, 019, k02, 23.01.2023, BaSyTec X50.X.13.13.0864, CH05, KB53 #03-50970, 23°C, middle right (Position 5 of 6),4.8256267568184
157,TP_k02_02_2,3,exCU, SIE, 019, k02, 21.02.2023, BaSyTec X50.X.13.13.0864, CH05, KB53 #03-50970, 23°C, middle right (Position 5 of 6),4.814674122534362
158,TP_k02_02_2,4,CU, SIE, 019, k02, 25.04.2023, BaSyTec X50.X.13.13.0864, CH05, KB53 #03-50970, 23°C, middle right (Position 5 of 6),4.787226448995936
159,TP_k02_02_2,5,exCU, SIE, 019, k02, 13.06.2023, BaSyTec X50.X.13.13.0864, CH05, KB53 #03-50970, 23°C, middle right (Position 5 of 6),4.775459096466681
160,TP_k02_02_2,6,CU, SIE, 019, k02, 08.08.2023, BaSyTec X50.X.13.13.0864, CH05, KB53 #03-50970, 23°C, middle right (Position 5 of 6),4.762358238929262
161,TP_k02_02_2,7,exCU, SIE, 019, k02, 04.10.2023, BaSyTec X50.X.13.13.0864, CH05, KB53 #03-50970, 23°C, middle right (Position 5 of 6),4.750664619821084
162,TP_k02_02_2,8,CU, SIE, 019, k02, 27.11.2023, BaSyTec X50.X.13.13.0864, CH05, KB53 #03-50970, 23°C, middle right (Position 5 of 6),4.734093583692639
163,TP_k02_02_2,9,AT_T45, SIE, 19, k02, 15.01.2024, BaSyTec X50.X.13.13.0864, CH05, Binder KB115 #11-00467, 45°C, middle right (Position 5 of 6),4.810312782193544
164,TP_k02_02_2,9,AT_T23, SIE, 19, k02, 15.01.2024, BaSyTec X50.X.13.13.0864, CH05, Binder KB115 #11-00467, 23°C, middle right (Position 5 of 6),4.729004803188109
165,TP_k02_02_2,9,AT_T10, SIE, 19, k02, 15.01.2024, BaSyTec X50.X.13.13.0864, CH05, Binder KB115 #11-00467, 10°C, middle right (Position 5 of 6),4.643132345448701
166,TP_k02_03_1,1,ET_T45, SIE, S006, k02, 11.09.2021, BaSyTec X50.X.13.13.0864, CH06, CTS C-70/200 SN: 092061, 45°C, right (Position 6 of 6),4.95408535581635
167,TP_k02_03_1,1,ET_T23, SIE, S006, k02, 15.09.2021, BaSyTec X50.X.13.13.0864, CH06, CTS C-70/200 SN: 092061, 23°C, right (Position 6 of 6),4.874080757773889
168,TP_k02_03_1,1,ET_T10, SIE, S006, k02, 08.09.2021, BaSyTec X50.X.13.13.0864, CH06, CTS C-70/200 SN: 092061, 10°C, right (Position 6 of 6),4.801901403809571
169,TP_k02_03_1,2,CU, SIE, S006, k02, 26.10.2021, BaSyTec X50.X.13.13.0864, CH06, CTS C-70/200 SN: 092061, 23°C, right (Position 6 of 6),4.864081258755391
170,TP_k02_03_1,3,exCU, SIE, S006, k02, 30.11.2021, BaSyTec X50.X.13.13.0864, CH06, CTS C-70/200 SN: 092061, 23°C, right (Position 6 of 6),4.8520555264287015
171,TP_k02_03_1,4,CU, SIE, S006, k02, 18.01.2022, BaSyTec X50.X.13.13.0864, CH06, CTS C-70/200 SN: 092061, 23°C, right (Position 6 of 6),4.848990357721426
172,TP_k02_03_1,5,CU, SIE, S006, k02, 15.03.2022, BaSyTec X50.X.13.13.0864, CH06, CTS C-70/200 SN: 092061, 23°C, right (Position 6 of 6),4.839296166123614
173,TP_k02_03_1,6,CU, SIE, S006, k02, 10.05.2022, BaSyTec X50.X.13.13.0864, CH06, CTS C-70/200 SN: 092061, 23°C, right (Position 6 of 6),4.843613005487109
174,TP_k02_03_1,7,exCU, SIE, S006, k02, 05.06.2022, BaSyTec X50.X.13.13.0864, CH06, CTS C-70/200 SN: 092061, 23°C, right (Position 6 of 6),4.839201589473978
175,TP_k02_03_1,8,CU, SIE, S006, k02, 30.08.2022, BaSyTec X50.X.13.13.0864, CH06, CTS C-70/200 SN: 092061, 23°C, right (Position 6 of 6),4.826370713201639
176,TP_k02_03_1,9,AT_T10, SIE, S006, k02, 12.09.2022, BaSyTec X50.X.13.13.0864, CH06, CTS C-70/200 SN: 092061, 10°C, right (Position 6 of 6),4.759196996583599
177,TP_k02_03_1,9,AT_T23, SIE, S006, k02, 12.09.2022, BaSyTec X50.X.13.13.0864, CH06, CTS C-70/200 SN: 092061, 23°C, right (Position 6 of 6),4.78159209198575
178,TP_k02_03_1,9,AT_T45, SIE, S006, k02, 12.09.2022, BaSyTec X50.X.13.13.0864, CH06, CTS C-70/200 SN: 092061, 45°C, right (Position 6 of 6),4.871315853449907
179,TP_k02_03_2,1,ET_T45, SIE, 197, k02, 08.12.2022, BaSyTec X50.X.13.13.0864, CH06, KB115 #11-00467, 45°C,  right (Position 6 of 6),4.964561935259954
180,TP_k02_03_2,1,ET_T23, SIE, 197, k02, 11.12.2022, BaSyTec X50.X.13.13.0864, CH06, KB115 #11-00467, 23°C,  right (Position 6 of 6),4.866225452465206
181,TP_k02_03_2,1,ET_T10, SIE, 197, k02, 06.12.2022, BaSyTec X50.X.13.13.0864, CH06, KB115 #11-00467, 10°C,  right (Position 6 of 6),4.722806046307607
182,TP_k02_03_2,2,CU, SIE, 197, k02, 23.01.2023, BaSyTec X50.X.13.13.0864, CH06, KB53 #03-50970, 23°C, right (Position 6 of 6),4.816799162574452
183,TP_k02_03_2,3,exCU, SIE, 197, k02, 21.02.2023, BaSyTec X50.X.13.13.0864, CH06, KB53 #03-50970, 23°C, right (Position 6 of 6),4.804515016406969
184,TP_k02_03_2,4,CU, SIE, 197, k02, 25.04.2023, BaSyTec X50.X.13.13.0864, CH06, KB53 #03-50970, 23°C, right (Position 6 of 6),4.7767269974834985
185,TP_k02_03_2,5,exCU, SIE, 197, k02, 13.06.2023, BaSyTec X50.X.13.13.0864, CH06, KB53 #03-50970, 23°C, right (Position 6 of 6),4.764495859881723
186,TP_k02_03_2,6,CU, SIE, 197, k02, 08.08.2023, BaSyTec X50.X.13.13.0864, CH06, KB53 #03-50970, 23°C, right (Position 6 of 6),4.75406946078122
187,TP_k02_03_2,7,exCU, SIE, 197, k02, 04.10.2023, BaSyTec X50.X.13.13.0864, CH06, KB53 #03-50970, 23°C, right (Position 6 of 6),4.741416714952895
188,TP_k02_03_2,8,CU, SIE, 197, k02, 27.11.2023, BaSyTec X50.X.13.13.0864, CH06, KB53 #03-50970, 23°C, right (Position 6 of 6),4.729421557858532
189,TP_k02_03_2,9,AT_T10, SIE, 197, k02, 15.01.2024, BaSyTec X50.X.13.13.0864, CH06, Binder KB115 #11-00467, 10°C, right (Position 6 of 6),4.604672295758755
190,TP_k02_03_2,9,AT_T23, SIE, 197, k02, 15.01.2024, BaSyTec X50.X.13.13.0864, CH06, Binder KB115 #11-00467, 23°C, right (Position 6 of 6),4.721323799437437
191,TP_k02_03_2,9,AT_T45, SIE, 197, k02, 15.01.2024, BaSyTec X50.X.13.13.0864, CH06, Binder KB115 #11-00467, 45°C, right (Position 6 of 6),4.810128746469735
192,TP_k02_04_1,1,ET_T45, SIE, S013, k02noCU, 08.10.2021, BaSyTec X50.X.13.13.0864, CH01, CTS C-70/200 SN: 092061, 45°C, left (Position 1 of 6),4.957273355246478
193,TP_k02_04_1,1,ET_T23, SIE, S013, k02noCU, 14.10.2021, BaSyTec X50.X.13.13.0864, CH01, CTS C-70/200 SN: 092061, 23°C, left (Position 1 of 6),4.867305146716328
194,TP_k02_04_1,1,ET_T10, SIE, S013, k02noCU, 05.10.2021, BaSyTec X50.X.13.13.0864, CH01, CTS C-70/200 SN: 092061, 10°C, left (Position 1 of 6),4.791539588611979
195,TP_k02_04_1,2,AT_T45, SIE, S013, k02noCU, 04.10.2022, BaSyTec X50.X.13.13.0864, CH01, CTS C-70/200 SN: 092061, 45°C, left (Position 1 of 6),4.904066484756776
196,TP_k02_04_1,2,AT_T23, SIE, S013, k02noCU, 04.10.2022, BaSyTec X50.X.13.13.0864, CH01, CTS C-70/200 SN: 092061, 23°C, left (Position 1 of 6),4.8258500300868254
197,TP_k02_04_1,2,AT_T10, SIE, S013, k02noCU, 04.10.2022, BaSyTec X50.X.13.13.0864, CH01, CTS C-70/200 SN: 092061, 10°C, left (Position 1 of 6),4.70489072567624
198,TP_k02_04_2,1,ET_T45, SIE, 145, k02, 03.12.2022, BaSyTec GSM.X.62.43.0427, CH03," Binder KB115 #10, SN:20200000019983", 45°C, bottom middle right,4.955668353319643
199,TP_k02_04_2,1,ET_T23, SIE, 145, k02, 07.12.2022, BaSyTec GSM.X.62.43.0427, CH03," Binder KB115 #10, SN:20200000019983", 23°C, bottom middle right,4.854613368914746
200,TP_k02_04_2,1,ET_T10, SIE, 145, k02, 01.12.2022, BaSyTec GSM.X.62.43.0427, CH03," Binder KB115 #10, SN:20200000019983", 10°C, bottom middle right,4.750111967818381
201,TP_k02_04_2,2,AT_T45, SIE, 145, k02, 29.01.2024, BaSyTec GSM.X.62.43.0427, CH03," Binder KB115 #10, SN:20200000019983", 45°C, bottom middle right,4.848768237691259
202,TP_k02_04_2,2,AT_T23, SIE, 145, k02, 29.01.2024, BaSyTec GSM.X.62.43.0427, CH03," Binder KB115 #10, SN:20200000019983", 23°C, bottom middle right,4.765831618256911
203,TP_k02_04_2,2,AT_T10, SIE, 145, k02, 29.01.2024, BaSyTec GSM.X.62.43.0427, CH03," Binder KB115 #10, SN:20200000019983", 10°C, bottom middle right,4.649601033778616
204,TP_k02_05_1,1,ET_T10, SIE, S014, k02noCU, 05.10.2021, BaSyTec X50.X.13.13.0864, CH02, CTS C-70/200 SN: 092061, 10°C, halb left (Position 2 of 6),4.7616061773507745
205,TP_k02_05_1,1,ET_T23, SIE, S014, k02noCU, 14.10.2021, BaSyTec X50.X.13.13.0864, CH02, CTS C-70/200 SN: 092061, 23°C, halb left (Position 2 of 6),4.840585438215966
206,TP_k02_05_1,1,ET_T45, SIE, S014, k02noCU, 08.10.2021, BaSyTec X50.X.13.13.0864, CH02, CTS C-70/200 SN: 092061, 45°C, halb left (Position 2 of 6),4.929397212048557
207,TP_k02_05_1,2,AT_T10, SIE, S014, k02noCU, 04.10.2022, BaSyTec X50.X.13.13.0864, CH02, CTS C-70/200 SN: 092061, 10°C, halb left (Position 2 of 6),4.676418027977646
208,TP_k02_05_1,2,AT_T23, SIE, S014, k02noCU, 04.10.2022, BaSyTec X50.X.13.13.0864, CH02, CTS C-70/200 SN: 092061, 23°C, halb left (Position 2 of 6),4.789042739804133
209,TP_k02_05_1,2,AT_T45, SIE, S014, k02noCU, 04.10.2022, BaSyTec X50.X.13.13.0864, CH02, CTS C-70/200 SN: 092061, 45°C, halb left (Position 2 of 6),4.8683925415037805
210,TP_k02_05_2,1,ET_T10, SIE, 186, k02, 01.12.2022, BaSyTec GSM.X.62.43.0427, CH04," Binder KB115 #10, SN:20200000019983", 10°C, bottom right,4.764377607079995
211,TP_k02_05_2,1,ET_T23, SIE, 186, k02, 07.12.2022, BaSyTec GSM.X.62.43.0427, CH04," Binder KB115 #10, SN:20200000019983", 23°C, bottom right,4.857468246944462
212,TP_k02_05_2,1,ET_T45, SIE, 186, k02, 03.12.2022, BaSyTec GSM.X.62.43.0427, CH04," Binder KB115 #10, SN:20200000019983", 45°C, bottom right,4.957758698822241
213,TP_k02_05_2,2,AT_T10, SIE, 186, k02, 29.01.2024, BaSyTec GSM.X.62.43.0427, CH04," Binder KB115 #10, SN:20200000019983", 10°C, bottom right,4.651522591776662
214,TP_k02_05_2,2,AT_T23, SIE, 186, k02, 29.01.2024, BaSyTec GSM.X.62.43.0427, CH04," Binder KB115 #10, SN:20200000019983", 23°C, bottom right,4.763509304088824
215,TP_k02_05_2,2,AT_T45, SIE, 186, k02, 29.01.2024, BaSyTec GSM.X.62.43.0427, CH04," Binder KB115 #10, SN:20200000019983", 45°C, bottom right,4.849796373341137
216,TP_k02_06_1,1,ET_T10, SIE, S015, k02noCU, 05.10.2021, BaSyTec X50.X.13.13.0864, CH03, CTS C-70/200 SN: 092061, 10°C, middle left (Position 3 of 6),4.753686217416783
217,TP_k02_06_1,1,ET_T23, SIE, S015, k02noCU, 14.10.2021, BaSyTec X50.X.13.13.0864, CH03, CTS C-70/200 SN: 092061, 23°C, middle left (Position 3 of 6),4.845885823562263
218,TP_k02_06_1,1,ET_T45, SIE, S015, k02noCU, 08.10.2021, BaSyTec X50.X.13.13.0864, CH03, CTS C-70/200 SN: 092061, 45°C, middle left (Position 3 of 6),4.93846991455835
219,TP_k02_06_1,2,AT_T10, SIE, S015, k02noCU, 04.10.2022, BaSyTec X50.X.13.13.0864, CH03, CTS C-70/200 SN: 092061, 10°C, middle left (Position 3 of 6),4.6862896927762785
220,TP_k02_06_1,2,AT_T23, SIE, S015, k02noCU, 04.10.2022, BaSyTec X50.X.13.13.0864, CH03, CTS C-70/200 SN: 092061, 23°C, middle left (Position 3 of 6),4.805330138024832
221,TP_k02_06_1,2,AT_T45, SIE, S015, k02noCU, 04.10.2022, BaSyTec X50.X.13.13.0864, CH03, CTS C-70/200 SN: 092061, 45°C, middle left (Position 3 of 6),4.881913042253913
222,TP_k02_06_2,1,ET_T10, SIE, 095, k02, 01.12.2022, BaSyTec GSM.X.62.43.0427, CH05," Binder KB115 #10, SN:20200000019983", 10°C, top left,4.759401108965504
223,TP_k02_06_2,1,ET_T23, SIE, 095, k02, 07.12.2022, BaSyTec GSM.X.62.43.0427, CH05," Binder KB115 #10, SN:20200000019983", 23°C, top left,4.855900456502478
224,TP_k02_06_2,1,ET_T45, SIE, 095, k02, 03.12.2022, BaSyTec GSM.X.62.43.0427, CH05," Binder KB115 #10, SN:20200000019983", 45°C, top left,4.9534630902914465
225,TP_k02_06_2,2,AT_T10, SIE, 95, k02, 29.01.2024, BaSyTec GSM.X.62.43.0427, CH05," Binder KB115 #10, SN:20200000019983", 10°C, top left,4.662933924065992
226,TP_k02_06_2,2,AT_T23, SIE, 95, k02, 29.01.2024, BaSyTec GSM.X.62.43.0427, CH05," Binder KB115 #10, SN:20200000019983", 23°C, top left,4.761666441002009
227,TP_k02_06_2,2,AT_T45, SIE, 95, k02, 29.01.2024, BaSyTec GSM.X.62.43.0427, CH05," Binder KB115 #10, SN:20200000019983", 45°C, top left,4.845201294051659
228,TP_k03_01_1,1,ET_T10, SIE, S007, k03, 21.09.2021, BaSyTec X50.X.13.13.0864, CH01, CTS C-70/200 SN: 092061, 10°C, left (Position 1 of 6),4.737488196216556
229,TP_k03_01_1,1,ET_T45, SIE, S007, k03, 23.09.2021, BaSyTec X50.X.13.13.0864, CH01, CTS C-70/200 SN: 092061, 45°C, left (Position 1 of 6),4.9106584302793195
230,TP_k03_01_1,1,ET_T23, SIE, S007, k03, 30.09.2021, BaSyTec X50.X.13.13.0864, CH01, CTS C-70/200 SN: 092061, 23°C, left (Position 1 of 6),4.822798227680289
231,TP_k03_01_1,2,CU, SIE, S007, k03, 09.11.2021, BaSyTec X50.X.13.13.0864, CH01, CTS C-70/200 SN: 092061, 23°C, left (Position 1 of 6),4.797946953643775
232,TP_k03_01_1,3,exCU, SIE, S007, k03, 07.12.2021, BaSyTec X50.X.13.13.0864, CH01, CTS C-70/200 SN: 092061, 23°C, left (Position 1 of 6),4.787314760109689
233,TP_k03_01_1,4,CU, SIE, S007, k03, 01.02.2022, BaSyTec X50.X.13.13.0864, CH01, CTS C-70/200 SN: 092061, 23°C, left (Position 1 of 6),4.762371169526698
234,TP_k03_01_1,5,CU, SIE, S007, k03, 29.03.2022, BaSyTec X50.X.13.13.0864, CH01, CTS C-70/200 SN: 092061, 23°C, left (Position 1 of 6),4.7495298535021195
235,TP_k03_01_1,6,CU, SIE, S007, k03, 24.05.2022, BaSyTec X50.X.13.13.0864, CH01, CTS C-70/200 SN: 092061, 23°C, left (Position 1 of 6),4.735802783177428
236,TP_k03_01_1,7,exCU, SIE, S007, k03, 12.06.2022, BaSyTec X50.X.13.13.0864, CH01, CTS C-70/200 SN: 092061, 23°C, left (Position 1 of 6),4.725933483561391
237,TP_k03_01_1,8,CU, SIE, S007, k03, 06.09.2022, BaSyTec X50.X.13.13.0864, CH01, CTS C-70/200 SN: 092061, 23°C, left (Position 1 of 6),4.712667709981686
238,TP_k03_01_1,9,AT_T23, SIE, S007, k03, 22.09.2022, BaSyTec X50.X.13.13.0864, CH01, CTS C-70/200 SN: 092061, 23°C, left (Position 1 of 6),4.689929885918806
239,TP_k03_01_1,9,AT_T45, SIE, S007, k03, 22.09.2022, BaSyTec X50.X.13.13.0864, CH01, CTS C-70/200 SN: 092061, 45°C, left (Position 1 of 6),4.7604025619799
240,TP_k03_01_1,9,AT_T10, SIE, S007, k03, 22.09.2022, BaSyTec X50.X.13.13.0864, CH01, CTS C-70/200 SN: 092061, 10°C, left (Position 1 of 6),4.605610117260193
241,TP_k03_01_2,1,ET_T10, SIE, 055, k03, 10.01.2023, BaSyTec X50.X.13.13.0864, CH01, KB115 #11-00467, 10°C,  left (Position 1 of 6),4.7342089880407325
242,TP_k03_01_2,1,ET_T45, SIE, 055, k03, 12.01.2023, BaSyTec X50.X.13.13.0864, CH01, KB115 #11-00467, 45°C,  left (Position 1 of 6),4.956223357013905
243,TP_k03_01_2,1,ET_T23, SIE, 055, k03, 18.01.2023, BaSyTec X50.X.13.13.0864, CH01, KB115 #11-00467, 23°C,  left (Position 1 of 6),4.871541071294573
244,TP_k03_01_2,2,CU, SIE, 055, k03, 28.02.2023, BaSyTec X50.X.13.13.0864, CH01, KB53 #03-50970, 23°C, left (Position 1 of 6),4.871822427742586
245,TP_k03_01_2,3,exCU, SIE, 055, k03, 28.03.2023, BaSyTec X50.X.13.13.0864, CH01, KB53 #03-50970, 23°C, left (Position 1 of 6),4.871264052727806
246,TP_k03_01_2,4,CU, SIE, 055, k03, 08.05.2023, BaSyTec X50.X.13.13.0864, CH01, KB53 #03-50970, 23°C, left (Position 1 of 6),4.865169594679998
247,TP_k03_01_2,5,exCU, SIE, 055, k03, 21.06.2023, BaSyTec X50.X.13.13.0864, CH01, KB53 #03-50970, 23°C, left (Position 1 of 6),4.859940634789172
248,TP_k03_01_2,6,CU, SIE, 055, k03, 14.08.2023, BaSyTec X50.X.13.13.0864, CH01, KB53 #03-50970, 23°C, left (Position 1 of 6),4.856718969066362
249,TP_k03_01_2,7,exCU, SIE, 055, k03, 10.10.2023, BaSyTec X50.X.13.13.0864, CH01, KB53 #03-50970, 23°C, left (Position 1 of 6),4.850577318232077
250,TP_k03_01_2,8,CU, SIE, 055, k03, 04.12.2023, BaSyTec X50.X.13.13.0864, CH01, KB53 #03-50970, 23°C, left (Position 1 of 6),4.839321380663369
251,TP_k03_01_2,9,AT_T23, SIE, 55, k03, 29.01.2024, BaSyTec X50.X.13.13.0864, CH01, Binder KB115 #11-00467, 23°C, left (Position 1 of 6),4.788968924925235
252,TP_k03_01_2,9,AT_T45, SIE, 55, k03, 29.01.2024, BaSyTec X50.X.13.13.0864, CH01, Binder KB115 #11-00467, 45°C, left (Position 1 of 6),4.896602289533491
253,TP_k03_01_2,9,AT_T10, SIE, 55, k03, 29.01.2024, BaSyTec X50.X.13.13.0864, CH01, Binder KB115 #11-00467, 10°C, left (Position 1 of 6),4.738236113576117
254,TP_k03_02_1,1,ET_T10, SIE, S008, k03, 21.09.2021, BaSyTec X50.X.13.13.0864, CH02, CTS C-70/200 SN: 092061, 10°C, halb left (Position 2 of 6),4.779193502690024
255,TP_k03_02_1,1,ET_T45, SIE, S008, k03, 23.09.2021, BaSyTec X50.X.13.13.0864, CH02, CTS C-70/200 SN: 092061, 45°C, halb left (Position 2 of 6),4.945177304435443
256,TP_k03_02_1,1,ET_T23, SIE, S008, k03, 30.09.2021, BaSyTec X50.X.13.13.0864, CH02, CTS C-70/200 SN: 092061, 23°C, halb left (Position 2 of 6),4.856376404516815
257,TP_k03_02_1,2,CU, SIE, S008, k03, 09.11.2021, BaSyTec X50.X.13.13.0864, CH02, CTS C-70/200 SN: 092061, 23°C, halb left (Position 2 of 6),4.836235437453675
258,TP_k03_02_1,3,exCU, SIE, S008, k03, 07.12.2021, BaSyTec X50.X.13.13.0864, CH02, CTS C-70/200 SN: 092061, 23°C, halb left (Position 2 of 6),4.8245995507896895
259,TP_k03_02_1,4,CU, SIE, S008, k03, 01.02.2022, BaSyTec X50.X.13.13.0864, CH02, CTS C-70/200 SN: 092061, 23°C, halb left (Position 2 of 6),4.8021671888569495
260,TP_k03_02_1,5,CU, SIE, S008, k03, 29.03.2022, BaSyTec X50.X.13.13.0864, CH02, CTS C-70/200 SN: 092061, 23°C, halb left (Position 2 of 6),4.787825169397568
261,TP_k03_02_1,6,CU, SIE, S008, k03, 24.05.2022, BaSyTec X50.X.13.13.0864, CH02, CTS C-70/200 SN: 092061, 23°C, halb left (Position 2 of 6),4.771078671017693
262,TP_k03_02_1,7,exCU, SIE, S008, k03, 12.06.2022, BaSyTec X50.X.13.13.0864, CH02, CTS C-70/200 SN: 092061, 23°C, halb left (Position 2 of 6),4.7573621595483715
263,TP_k03_02_1,8,CU, SIE, S008, k03, 06.09.2022, BaSyTec X50.X.13.13.0864, CH02, CTS C-70/200 SN: 092061, 23°C, halb left (Position 2 of 6),4.742958488402881
264,TP_k03_02_1,9,AT_T23, SIE, S008, k03, 22.09.2022, BaSyTec X50.X.13.13.0864, CH02, CTS C-70/200 SN: 092061, 23°C, halb left (Position 2 of 6),4.7259887458287455
265,TP_k03_02_1,9,AT_T45, SIE, S008, k03, 22.09.2022, BaSyTec X50.X.13.13.0864, CH02, CTS C-70/200 SN: 092061, 45°C, halb left (Position 2 of 6),4.794873803547946
266,TP_k03_02_1,9,AT_T10, SIE, S008, k03, 22.09.2022, BaSyTec X50.X.13.13.0864, CH02, CTS C-70/200 SN: 092061, 10°C, halb left (Position 2 of 6),4.638483781572052
267,TP_k03_02_2,1,ET_T10, SIE, 039, k03, 10.01.2023, BaSyTec X50.X.13.13.0864, CH02, KB115 #11-00467, 10°C, middle left (Position 2 of 6),4.779211796831545
268,TP_k03_02_2,1,ET_T45, SIE, 039, k03, 12.01.2023, BaSyTec X50.X.13.13.0864, CH02, KB115 #11-00467, 45°C, middle left (Position 2 of 6),4.9617858986425905
269,TP_k03_02_2,1,ET_T23, SIE, 039, k03, 18.01.2023, BaSyTec X50.X.13.13.0864, CH02, KB115 #11-00467, 23°C, middle left (Position 2 of 6),4.8890773194070185
270,TP_k03_02_2,2,CU, SIE, 039, k03, 28.02.2023, BaSyTec X50.X.13.13.0864, CH02, KB53 #03-50970, 23°C, middle left (Position 2 of 6),4.878893233378674
271,TP_k03_02_2,3,exCU, SIE, 039, k03, 28.03.2023, BaSyTec X50.X.13.13.0864, CH02, KB53 #03-50970, 23°C, middle left (Position 2 of 6),4.880246992901126
272,TP_k03_02_2,4,CU, SIE, 039, k03, 08.05.2023, BaSyTec X50.X.13.13.0864, CH02, KB53 #03-50970, 23°C, middle left (Position 2 of 6),4.873411914913581
273,TP_k03_02_2,5,exCU, SIE, 039, k03, 21.06.2023, BaSyTec X50.X.13.13.0864, CH02, KB53 #03-50970, 23°C, middle left (Position 2 of 6),4.8679796788075915
274,TP_k03_02_2,6,CU, SIE, 039, k03, 14.08.2023, BaSyTec X50.X.13.13.0864, CH02, KB53 #03-50970, 23°C, middle left (Position 2 of 6),4.86306271741284
275,TP_k03_02_2,7,exCU, SIE, 039, k03, 10.10.2023, BaSyTec X50.X.13.13.0864, CH02, KB53 #03-50970, 23°C, middle left (Position 2 of 6),4.855052189304615
276,TP_k03_02_2,8,CU, SIE, 039, k03, 04.12.2023, BaSyTec X50.X.13.13.0864, CH02, KB53 #03-50970, 23°C, middle left (Position 2 of 6),4.8477024105076705
277,TP_k03_02_2,9,AT_T23, SIE, 39, k03, 29.01.2024, BaSyTec X50.X.13.13.0864, CH02, Binder KB115 #11-00467, 23°C, middle left (Position 2 of 6),4.799425947109524
278,TP_k03_02_2,9,AT_T45, SIE, 39, k03, 29.01.2024, BaSyTec X50.X.13.13.0864, CH02, Binder KB115 #11-00467, 45°C, middle left (Position 2 of 6),4.901010959891408
279,TP_k03_02_2,9,AT_T10, SIE, 39, k03, 29.01.2024, BaSyTec X50.X.13.13.0864, CH02, Binder KB115 #11-00467, 10°C, middle left (Position 2 of 6),4.7678572030685125
280,TP_k03_03_1,1,ET_T23, SIE, S009, k03, 30.09.2021, BaSyTec X50.X.13.13.0864, CH03, CTS C-70/200 SN: 092061, 23°C, middle left (Position 3 of 6),4.831316538899246
281,TP_k03_03_1,1,ET_T45, SIE, S009, k03, 24.09.2021, BaSyTec X50.X.13.13.0864, CH03, CTS C-70/200 SN: 092061, 45°C, middle left (Position 3 of 6),4.9285660545582815
282,TP_k03_03_1,1,ET_T10, SIE, S009, k03, 21.09.2021, BaSyTec X50.X.13.13.0864, CH03, CTS C-70/200 SN: 092061, 10°C, middle left (Position 3 of 6),4.744422541223475
283,TP_k03_03_1,2,CU, SIE, S009, k03, 09.11.2021, BaSyTec X50.X.13.13.0864, CH03, CTS C-70/200 SN: 092061, 23°C, middle left (Position 3 of 6),4.817756732538782
284,TP_k03_03_1,3,exCU, SIE, S009, k03, 07.12.2021, BaSyTec X50.X.13.13.0864, CH03, CTS C-70/200 SN: 092061, 23°C, middle left (Position 3 of 6),4.803328113818249
285,TP_k03_03_1,4,CU, SIE, S009, k03, 01.02.2022, BaSyTec X50.X.13.13.0864, CH03, CTS C-70/200 SN: 092061, 23°C, middle left (Position 3 of 6),4.7812447088953425
286,TP_k03_03_1,5,CU, SIE, S009, k03, 29.03.2022, BaSyTec X50.X.13.13.0864, CH03, CTS C-70/200 SN: 092061, 23°C, middle left (Position 3 of 6),4.769802418123918
287,TP_k03_03_1,6,CU, SIE, S009, k03, 24.05.2022, BaSyTec X50.X.13.13.0864, CH03, CTS C-70/200 SN: 092061, 23°C, middle left (Position 3 of 6),4.759029891993842
288,TP_k03_03_1,7,exCU, SIE, S009, k03, 12.06.2022, BaSyTec X50.X.13.13.0864, CH03, CTS C-70/200 SN: 092061, 23°C, middle left (Position 3 of 6),4.7460798854002935
289,TP_k03_03_1,8,CU, SIE, S009, k03, 06.09.2022, BaSyTec X50.X.13.13.0864, CH03, CTS C-70/200 SN: 092061, 23°C, middle left (Position 3 of 6),4.728972458188842
290,TP_k03_03_1,9,AT_T10, SIE, S009, k03, 22.09.2022, BaSyTec X50.X.13.13.0864, CH03, CTS C-70/200 SN: 092061, 10°C, middle left (Position 3 of 6),4.619907783862693
291,TP_k03_03_1,9,AT_T45, SIE, S009, k03, 22.09.2022, BaSyTec X50.X.13.13.0864, CH03, CTS C-70/200 SN: 092061, 45°C, middle left (Position 3 of 6),4.781544291972994
292,TP_k03_03_1,9,AT_T23, SIE, S009, k03, 22.09.2022, BaSyTec X50.X.13.13.0864, CH03, CTS C-70/200 SN: 092061, 23°C, middle left (Position 3 of 6),4.710039236865515
293,TP_k03_03_2,1,ET_T23, SIE, 130, k03, 18.01.2023, BaSyTec X50.X.13.13.0864, CH03, KB115 #11-00467, 23°C, middle left (Position 3 of 6),4.864775247956906
294,TP_k03_03_2,1,ET_T45, SIE, 130, k03, 12.01.2023, BaSyTec X50.X.13.13.0864, CH03, KB115 #11-00467, 45°C, middle left (Position 3 of 6),4.947251747031913
295,TP_k03_03_2,1,ET_T10, SIE, 130, k03, 10.01.2023, BaSyTec X50.X.13.13.0864, CH03, KB115 #11-00467, 10°C, middle left (Position 3 of 6),4.721625552932373
296,TP_k03_03_2,2,CU, SIE, 130, k03, 28.02.2023, BaSyTec X50.X.13.13.0864, CH03, KB53 #03-50970, 23°C, middle left (Position 3 of 6),4.870198817066629
297,TP_k03_03_2,3,exCU, SIE, 130, k03, 28.03.2023, BaSyTec X50.X.13.13.0864, CH03, KB53 #03-50970, 23°C, middle left (Position 3 of 6),4.873454961670799
298,TP_k03_03_2,4,CU, SIE, 130, k03, 08.05.2023, BaSyTec X50.X.13.13.0864, CH03, KB53 #03-50970, 23°C, middle left (Position 3 of 6),4.869213366493845
299,TP_k03_03_2,5,exCU, SIE, 130, k03, 21.06.2023, BaSyTec X50.X.13.13.0864, CH03, KB53 #03-50970, 23°C, middle left (Position 3 of 6),4.864626581450134
300,TP_k03_03_2,6,CU, SIE, 130, k03, 14.08.2023, BaSyTec X50.X.13.13.0864, CH03, KB53 #03-50970, 23°C, middle left (Position 3 of 6),4.858773965200283
301,TP_k03_03_2,7,exCU, SIE, 130, k03, 10.10.2023, BaSyTec X50.X.13.13.0864, CH03, KB53 #03-50970, 23°C, middle left (Position 3 of 6),4.853567583588781
302,TP_k03_03_2,8,CU, SIE, 130, k03, 04.12.2023, BaSyTec X50.X.13.13.0864, CH03, KB53 #03-50970, 23°C, middle left (Position 3 of 6),4.845424225272689
303,TP_k03_03_2,9,AT_T10, SIE, 130, k03, 29.01.2024, BaSyTec X50.X.13.13.0864, CH03, Binder KB115 #11-00467, 10°C, middle left (Position 3 of 6),4.769232321755389
304,TP_k03_03_2,9,AT_T45, SIE, 130, k03, 29.01.2024, BaSyTec X50.X.13.13.0864, CH03, Binder KB115 #11-00467, 45°C, middle left (Position 3 of 6),4.899074570004261
305,TP_k03_03_2,9,AT_T23, SIE, 130, k03, 29.01.2024, BaSyTec X50.X.13.13.0864, CH03, Binder KB115 #11-00467, 23°C, middle left (Position 3 of 6),4.801095317260577
306,TP_k03_04_1,1,ET_T23, SIE, S016, k02noCU, 14.10.2021, BaSyTec X50.X.13.13.0864, CH04, CTS C-70/200 SN: 092061, 23°C, middle right (Position 4 of 6),4.897449811542082
307,TP_k03_04_1,1,ET_T45, SIE, S016, k02noCU, 08.10.2021, BaSyTec X50.X.13.13.0864, CH04, CTS C-70/200 SN: 092061, 45°C, middle right (Position 4 of 6),4.987731758527613
308,TP_k03_04_1,1,ET_T10, SIE, S016, k02noCU, 05.10.2021, BaSyTec X50.X.13.13.0864, CH04, CTS C-70/200 SN: 092061, 10°C, middle right (Position 4 of 6),4.814495555789472
309,TP_k03_04_1,2,AT_T23, SIE, S016, k02noCU, 04.10.2022, BaSyTec X50.X.13.13.0864, CH04, CTS C-70/200 SN: 092061, 23°C, middle right (Position 4 of 6),4.79877348641017
310,TP_k03_04_1,2,AT_T45, SIE, S016, k02noCU, 04.10.2022, BaSyTec X50.X.13.13.0864, CH04, CTS C-70/200 SN: 092061, 45°C, middle right (Position 4 of 6),4.878034907567816
311,TP_k03_04_1,2,AT_T10, SIE, S016, k02noCU, 04.10.2022, BaSyTec X50.X.13.13.0864, CH04, CTS C-70/200 SN: 092061, 10°C, middle right (Position 4 of 6),4.6842595494173285
312,TP_k03_04_2,1,ET_T23, SIE, 189, k03, 07.12.2022, BaSyTec GSM.X.62.43.0427, CH06," Binder KB115 #10, SN:20200000019983", 23°C, top middle left,4.850897497342323
313,TP_k03_04_2,1,ET_T45, SIE, 189, k03, 03.12.2022, BaSyTec GSM.X.62.43.0427, CH06," Binder KB115 #10, SN:20200000019983", 45°C, top middle left,4.955910746215065
314,TP_k03_04_2,1,ET_T10, SIE, 189, k03, 01.12.2022, BaSyTec GSM.X.62.43.0427, CH06," Binder KB115 #10, SN:20200000019983", 10°C, top middle left,4.737797434955981
315,TP_k03_04_2,2,AT_T23, SIE, 189, k03, 29.01.2024, BaSyTec GSM.X.62.43.0427, CH06," Binder KB115 #10, SN:20200000019983", 23°C, top middle left,4.813192697778463
316,TP_k03_04_2,2,AT_T45, SIE, 189, k03, 29.01.2024, BaSyTec GSM.X.62.43.0427, CH06," Binder KB115 #10, SN:20200000019983", 45°C, top middle left,4.921182398678015
317,TP_k03_04_2,2,AT_T10, SIE, 189, k03, 29.01.2024, BaSyTec GSM.X.62.43.0427, CH06," Binder KB115 #10, SN:20200000019983", 10°C, top middle left,4.745601421813507
318,TP_k03_05_1,1,ET_T10, SIE, S017, k02noCU, 05.10.2021, BaSyTec X50.X.13.13.0864, CH05, CTS C-70/200 SN: 092061, 10°C, halb right (Position 5 of 6),4.764166301252926
319,TP_k03_05_1,1,ET_T45, SIE, S017, k02noCU, 08.10.2021, BaSyTec X50.X.13.13.0864, CH05, CTS C-70/200 SN: 092061, 45°C, halb right (Position 5 of 6),4.93137314616154
320,TP_k03_05_1,1,ET_T23, SIE, S017, k02noCU, 14.10.2021, BaSyTec X50.X.13.13.0864, CH05, CTS C-70/200 SN: 092061, 23°C, halb right (Position 5 of 6),4.843180057922796
321,TP_k03_05_1,2,AT_T10, SIE, S017, k02noCU, 04.10.2022, BaSyTec X50.X.13.13.0864, CH05, CTS C-70/200 SN: 092061, 10°C, halb right (Position 5 of 6),4.664598273545488
322,TP_k03_05_1,2,AT_T45, SIE, S017, k02noCU, 04.10.2022, BaSyTec X50.X.13.13.0864, CH05, CTS C-70/200 SN: 092061, 45°C, halb right (Position 5 of 6),4.826652767341573
323,TP_k03_05_1,2,AT_T23, SIE, S017, k02noCU, 04.10.2022, BaSyTec X50.X.13.13.0864, CH05, CTS C-70/200 SN: 092061, 23°C, halb right (Position 5 of 6),4.758337946113036
324,TP_k03_05_2,1,ET_T10, SIE, 013, k03, 01.12.2022, BaSyTec GSM.X.62.43.0427, CH07," Binder KB115 #10, SN:20200000019983", 10°C, top middle,4.7284805404050285
325,TP_k03_05_2,1,ET_T45, SIE, 013, k03, 03.12.2022, BaSyTec GSM.X.62.43.0427, CH07," Binder KB115 #10, SN:20200000019983", 45°C, top middle,4.940979932574275
326,TP_k03_05_2,1,ET_T23, SIE, 013, k03, 07.12.2022, BaSyTec GSM.X.62.43.0427, CH07," Binder KB115 #10, SN:20200000019983", 23°C, top middle,4.839579744755234
327,TP_k03_05_2,2,AT_T10, SIE, 013, k03, 29.01.2024, BaSyTec GSM.X.62.43.0427, CH07," Binder KB115 #10, SN:20200000019983", 10°C, top middle,4.7397636817978235
328,TP_k03_05_2,2,AT_T45, SIE, 013, k03, 29.01.2024, BaSyTec GSM.X.62.43.0427, CH07," Binder KB115 #10, SN:20200000019983", 45°C, top middle,4.90696086449006
329,TP_k03_05_2,2,AT_T23, SIE, 013, k03, 29.01.2024, BaSyTec GSM.X.62.43.0427, CH07," Binder KB115 #10, SN:20200000019983", 23°C, top middle,4.800352777574485
330,TP_k03_06_1,1,ET_T10, SIE, S018, k02noCU, 05.10.2021, BaSyTec X50.X.13.13.0864, CH06, CTS C-70/200 SN: 092061, 10°C, right (Position 6 of 6),4.7412201956065765
331,TP_k03_06_1,1,ET_T45, SIE, S018, k02noCU, 08.10.2021, BaSyTec X50.X.13.13.0864, CH06, CTS C-70/200 SN: 092061, 45°C, right (Position 6 of 6),4.887808458834904
332,TP_k03_06_1,1,ET_T23, SIE, S018, k02noCU, 14.10.2021, BaSyTec X50.X.13.13.0864, CH06, CTS C-70/200 SN: 092061, 23°C, right (Position 6 of 6),4.805952535718269
333,TP_k03_06_1,2,AT_T10, SIE, S018, k02noCU, 04.10.2022, BaSyTec X50.X.13.13.0864, CH06, CTS C-70/200 SN: 092061, 10°C, right (Position 6 of 6),4.633929260541462
334,TP_k03_06_1,2,AT_T45, SIE, S018, k02noCU, 04.10.2022, BaSyTec X50.X.13.13.0864, CH06, CTS C-70/200 SN: 092061, 45°C, right (Position 6 of 6),4.77842473024833
335,TP_k03_06_1,2,AT_T23, SIE, S018, k02noCU, 04.10.2022, BaSyTec X50.X.13.13.0864, CH06, CTS C-70/200 SN: 092061, 23°C, right (Position 6 of 6),4.713891236129477
336,TP_k03_06_2,1,ET_T10, SIE, 118, k03, 01.12.2022, BaSyTec GSM.X.62.43.0427, CH08," Binder KB115 #10, SN:20200000019983", 10°C, top middle right,4.7614368446152024
337,TP_k03_06_2,1,ET_T45, SIE, 118, k03, 03.12.2022, BaSyTec GSM.X.62.43.0427, CH08," Binder KB115 #10, SN:20200000019983", 45°C, top middle right,4.970629277852648
338,TP_k03_06_2,1,ET_T23, SIE, 118, k03, 07.12.2022, BaSyTec GSM.X.62.43.0427, CH08," Binder KB115 #10, SN:20200000019983", 23°C, top middle right,4.869829891375026
339,TP_k03_06_2,2,AT_T10, SIE, 118, k03, 29.01.2024, BaSyTec GSM.X.62.43.0427, CH08," Binder KB115 #10, SN:20200000019983", 10°C, top middle right,4.763275463748029
340,TP_k03_06_2,2,AT_T45, SIE, 118, k03, 29.01.2024, BaSyTec GSM.X.62.43.0427, CH08," Binder KB115 #10, SN:20200000019983", 45°C, top middle right,4.936402082628861
341,TP_k03_06_2,2,AT_T23, SIE, 118, k03, 29.01.2024, BaSyTec GSM.X.62.43.0427, CH08," Binder KB115 #10, SN:20200000019983", 23°C, top middle right,4.82992319554554
342,TP_k04_01_1,1,ET_T23, INT, INT001, k04, 07.10.2021," Basytec CTS, SN:CTS.X.13.00.0355", CH00/01, Binder MK240 #Planck, 23°C, 11,4.798031176378395
343,TP_k04_01_1,1,ET_T45, INT, INT001, k04, 04.10.2021," Basytec CTS, SN:CTS.X.13.00.0355", CH00/01, Binder MK240 #Planck, 45°C, 11,4.899217301579596
344,TP_k04_01_1,1,ET_T10, INT, INT001, k04, 30.09.2021," Basytec CTS, SN:CTS.X.13.00.0355", CH00/01, Binder MK240 #Planck, 10°C, 11,4.703585908671688
345,TP_k04_01_1,2,CU, INT, INT001, k04, 11.11.2021," Basytec CTS, SN:CTS.X.13.00.0355", CH00/01, Binder MK240 #Planck, 23°C, 11,4.831211780983272
346,TP_k04_01_1,3,CU, INT, INT001, k04, 27.12.2021," Basytec CTS, SN:CTS.X.13.00.0408", CH00/01, Binder MK240 #Planck, 23°C, 11,4.8379078345533735
347,TP_k04_01_1,4,exCU, INT, INT001, k04, 09.02.2022," Basytec CTS, SN:CTS.X.13.00.0408", CH00/01, Binder MK240 #Planck, 23°C, 11,4.837495577080288
348,TP_k04_01_1,5,CU, INT, INT001, k04, 03.05.2022," Basytec CTS, SN:CTS.X.13.00.0408", CH00/01, Binder MK240 #Planck, 23°C, 11,4.830043262694192
349,TP_k04_01_1,6,exCU, INT, INT001, k04, 19.07.2022," Basytec CTS, SN:CTS.X.13.00.0408", CH00/01, Binder MK240 #Planck, 23°C, 11,4.825463783392106
350,TP_k04_01_1,7,AT_T23, INT, INT001, k04, 12.10.2022," Basytec CTS, SN:CTS.X.13.00.0408", CH00/01, Binder MK240 #Planck, 23°C, 11,4.762665332743337
351,TP_k04_01_1,7,AT_T45, INT, INT001, k04, 09.10.2022," Basytec CTS, SN:CTS.X.13.00.0408", CH00/01, Binder MK240 #Planck, 45°C, 11,4.857043852505836
352,TP_k04_01_1,7,AT_T10, INT, INT001, k04, 06.10.2022," Basytec CTS, SN:CTS.X.13.00.0408", CH00/01, Binder MK240 #Planck, 10°C, 11,4.720306710696094
353,TP_k04_01_2,1,ET_T23, INT, INT085, TP_k04_01_MKII, 25.01.2023, Basytec CTS.x.13.00.0354, CH00/01, Binder MK240 #Schroedinger, 23, 1,4.841712332824088
354,TP_k04_01_2,1,ET_T45, INT, INT085, TP_k04_01_MKII, 22.01.2023, Basytec CTS.x.13.00.0354, CH00/01, Binder MK240 #Schroedinger, 45, 1,4.939050730780684
355,TP_k04_01_2,1,ET_T10, INT, INT085, TP_k04_01_MKII, 19.01.2023, Basytec CTS.x.13.00.0354, CH00/01, Binder MK240 #Schroedinger, 10, 1,4.741161777550932
356,TP_k04_01_2,2,CU, INT, INT085, TP_k04_01_MKII, 24.04.2023, Basytec CTS.x.13.00.0354, CH00/01, Binder MK240 #Schroedinger, 23, 1,4.769438473487579
357,TP_k04_01_2,3,CU, INT, INT085, TP_k04_01_MKII, 13.06.2023, Basytec CTS.x.13.00.0354, CH00/01, Binder MK240 #Schroedinger, 23, 1,4.7542268688318865
358,TP_k04_01_2,4,exCU, INT, INT085, TP_k04_01_MKII, 19.07.2023, Basytec CTS.x.13.00.0354, CH00/01, Binder MK240 #Schroedinger, 23, 1,4.738195739021615
359,TP_k04_01_2,5,CU, INT, INT085, TP_k04_01_MKII, 10.10.2023, Basytec CTS.x.13.00.0354, CH00/01, Binder MK240 #Schroedinger, 23, 1,4.717390991958141
360,TP_k04_01_2,6,exCU, INT, INT085, TP_k04_01_MKII, 13.12.2023, Basytec CTS.x.13.00.0354, CH00/01, Binder MK240 #Schroedinger, 23, 1,4.694663845227045
361,TP_k04_01_2,7,AT_T23, INT, INT085, TP_k04_01_MKII, 26.02.2024, Basytec CTS.x.13.00.0354, CH00/01, Binder MK240 #Schroedinger, 23, 1,4.690387146443535
362,TP_k04_01_2,7,AT_T45, INT, INT085, TP_k04_01_MKII, 23.02.2024, Basytec CTS.x.13.00.0354, CH00/01, Binder MK240 #Schroedinger, 45, 1,4.762635910498187
363,TP_k04_01_2,7,AT_T10, INT, INT085, TP_k04_01_MKII, 20.02.2024, Basytec CTS.x.13.00.0354, CH00/01, Binder MK240 #Schroedinger, 10, 1,4.564000194302814
364,TP_k04_02_1,1,ET_T23, INT, INT002, k04, 07.10.2021," Basytec CTS, SN:CTS.X.13.00.0355", CH02/03, Binder MK240 #Planck, 23°C, 12,4.854535801259624
365,TP_k04_02_1,1,ET_T45, INT, INT002, k04, 04.10.2021," Basytec CTS, SN:CTS.X.13.00.0355", CH02/03, Binder MK240 #Planck, 45°C, 12,4.948058916226286
366,TP_k04_02_1,1,ET_T10, INT, INT002, k04, 30.09.2021," Basytec CTS, SN:CTS.X.13.00.0355", CH02/03, Binder MK240 #Planck, 10°C, 12,4.779501106337829
367,TP_k04_02_1,2,CU, INT, INT002, k04, 11.11.2021," Basytec CTS, SN:CTS.X.13.00.0355", CH02/03, Binder MK240 #Planck, 23°C, 12,4.889566249012486
368,TP_k04_02_1,3,CU, INT, INT002, k04, 27.12.2021," Basytec CTS, SN:CTS.X.13.00.0408", CH02/03, Binder MK240 #Planck, 23°C, 12,4.888237299635393
369,TP_k04_02_1,4,exCU, INT, INT002, k04, 09.02.2022," Basytec CTS, SN:CTS.X.13.00.0408", CH02/03, Binder MK240 #Planck, 23°C, 12,4.886088697056888
370,TP_k04_02_1,5,CU, INT, INT002, k04, 03.05.2022," Basytec CTS, SN:CTS.X.13.00.0408", CH02/03, Binder MK240 #Planck, 23°C, 12,4.876934655667862
371,TP_k04_02_1,6,exCU, INT, INT002, k04, 19.07.2022," Basytec CTS, SN:CTS.X.13.00.0408", CH02/03, Binder MK240 #Planck, 23°C, 12,4.874542997268042
372,TP_k04_02_1,7,AT_T23, INT, INT002, k04, 12.10.2022," Basytec CTS, SN:CTS.X.13.00.0408", CH02/03, Binder MK240 #Planck, 23°C, 12,4.8193795410974865
373,TP_k04_02_1,7,AT_T45, INT, INT002, k04, 09.10.2022," Basytec CTS, SN:CTS.X.13.00.0408", CH02/03, Binder MK240 #Planck, 45°C, 12,4.906885332424039
374,TP_k04_02_1,7,AT_T10, INT, INT002, k04, 06.10.2022," Basytec CTS, SN:CTS.X.13.00.0408", CH02/03, Binder MK240 #Planck, 10°C, 12,4.785269736460403
375,TP_k04_02_2,1,ET_T23, INT, INT004, TP_k04_02_MKII, 25.01.2023, Basytec CTS.x.13.00.0354, CH02/03, Binder MK240 #Schroedinger, 23, 2,4.858705461596521
376,TP_k04_02_2,1,ET_T45, INT, INT004, TP_k04_02_MKII, 22.01.2023, Basytec CTS.x.13.00.0354, CH02/03, Binder MK240 #Schroedinger, 45, 2,4.947875911412936
377,TP_k04_02_2,1,ET_T10, INT, INT004, TP_k04_02_MKII, 19.01.2023, Basytec CTS.x.13.00.0354, CH02/03, Binder MK240 #Schroedinger, 10, 2,4.782308479498974
378,TP_k04_02_2,2,CU, INT, INT004, TP_k04_02_MKII, 24.04.2023, Basytec CTS.x.13.00.0354, CH02/03, Binder MK240 #Schroedinger, 23, 2,4.780038303887377
379,TP_k04_02_2,3,CU, INT, INT004, TP_k04_02_MKII, 13.06.2023, Basytec CTS.x.13.00.0354, CH02/03, Binder MK240 #Schroedinger, 23, 2,4.760293914831412
380,TP_k04_02_2,4,exCU, INT, INT004, TP_k04_02_MKII, 19.07.2023, Basytec CTS.x.13.00.0354, CH02/03, Binder MK240 #Schroedinger, 23, 2,4.7466928782917766
381,TP_k04_02_2,5,CU, INT, INT004, TP_k04_02_MKII, 10.10.2023, Basytec CTS.x.13.00.0354, CH02/03, Binder MK240 #Schroedinger, 23, 2,4.719791592552117
382,TP_k04_02_2,6,exCU, INT, INT004, TP_k04_02_MKII, 13.12.2023, Basytec CTS.x.13.00.0354, CH02/03, Binder MK240 #Schroedinger, 23, 2,4.699110872630673
383,TP_k04_02_2,7,AT_T23, INT, INT004, TP_k04_02_MKII, 26.02.2024, Basytec CTS.x.13.00.0354, CH02/03, Binder MK240 #Schroedinger, 23, 2,4.687540919487679
384,TP_k04_02_2,7,AT_T45, INT, INT004, TP_k04_02_MKII, 23.02.2024, Basytec CTS.x.13.00.0354, CH02/03, Binder MK240 #Schroedinger, 45, 2,4.758012865883856
385,TP_k04_02_2,7,AT_T10, INT, INT004, TP_k04_02_MKII, 20.02.2024, Basytec CTS.x.13.00.0354, CH02/03, Binder MK240 #Schroedinger, 10, 2,4.573463810319597
386,TP_k04_03_1,1,ET_T10, INT, INT003, k04, 30.09.2021," Basytec CTS, SN:CTS.X.13.00.0355", CH04/05, Binder MK240 #Planck, 10°C, 13,4.7656732599394
387,TP_k04_03_1,1,ET_T45, INT, INT003, k04, 04.10.2021," Basytec CTS, SN:CTS.X.13.00.0355", CH04/05, Binder MK240 #Planck, 45°C, 13,4.926693880961695
388,TP_k04_03_1,1,ET_T23, INT, INT003, k04, 07.10.2021," Basytec CTS, SN:CTS.X.13.00.0355", CH04/05, Binder MK240 #Planck, 23°C, 13,4.830124597927572
389,TP_k04_03_1,2,CU, INT, INT003, k04, 11.11.2021," Basytec CTS, SN:CTS.X.13.00.0355", CH04/05, Binder MK240 #Planck, 23°C, 13,4.86423134483427
390,TP_k04_03_1,3,CU, INT, INT003, k04, 27.12.2021," Basytec CTS, SN:CTS.X.13.00.0408", CH04/05, Binder MK240 #Planck, 23°C, 13,4.857818830669131
391,TP_k04_03_1,4,exCU, INT, INT003, k04, 09.02.2022," Basytec CTS, SN:CTS.X.13.00.0408", CH04/05, Binder MK240 #Planck, 23°C, 13,4.852152547470478
392,TP_k04_03_1,5,CU, INT, INT003, k04, 03.05.2022," Basytec CTS, SN:CTS.X.13.00.0408", CH04/05, Binder MK240 #Planck, 23°C, 13,4.845682364838816
393,TP_k04_03_1,6,exCU, INT, INT003, k04, 19.07.2022," Basytec CTS, SN:CTS.X.13.00.0408", CH04/05, Binder MK240 #Planck, 23°C, 13,4.8391995870609374
394,TP_k04_03_1,7,AT_T10, INT, INT003, k04, 06.10.2022," Basytec CTS, SN:CTS.X.13.00.0408", CH04/05, Binder MK240 #Planck, 10°C, 13,4.733528273700255
395,TP_k04_03_1,7,AT_T45, INT, INT003, k04, 09.10.2022," Basytec CTS, SN:CTS.X.13.00.0408", CH04/05, Binder MK240 #Planck, 45°C, 13,4.8728564178370455
396,TP_k04_03_1,7,AT_T23, INT, INT003, k04, 12.10.2022," Basytec CTS, SN:CTS.X.13.00.0408", CH04/05, Binder MK240 #Planck, 23°C, 13,4.7790616203951615
397,TP_k04_03_2,1,ET_T10, INT, INT103, TP_k04_03_MKII, 19.01.2023, Basytec CTS.x.13.00.0354, CH04/05, Binder MK240 #Schroedinger, 10, 3,4.764574553685749
398,TP_k04_03_2,1,ET_T45, INT, INT103, TP_k04_03_MKII, 22.01.2023, Basytec CTS.x.13.00.0354, CH04/05, Binder MK240 #Schroedinger, 45, 3,4.949352747704672
399,TP_k04_03_2,1,ET_T23, INT, INT103, TP_k04_03_MKII, 25.01.2023, Basytec CTS.x.13.00.0354, CH04/05, Binder MK240 #Schroedinger, 23, 3,4.8532795361190715
400,TP_k04_03_2,2,CU, INT, INT103, TP_k04_03_MKII, 24.04.2023, Basytec CTS.x.13.00.0354, CH04/05, Binder MK240 #Schroedinger, 23, 3,4.772308007067621
401,TP_k04_03_2,3,CU, INT, INT103, TP_k04_03_MKII, 13.06.2023, Basytec CTS.x.13.00.0354, CH04/05, Binder MK240 #Schroedinger, 23, 3,4.754129208361709
402,TP_k04_03_2,4,exCU, INT, INT103, TP_k04_03_MKII, 19.07.2023, Basytec CTS.x.13.00.0354, CH04/05, Binder MK240 #Schroedinger, 23, 3,4.741147263858742
403,TP_k04_03_2,5,CU, INT, INT103, TP_k04_03_MKII, 10.10.2023, Basytec CTS.x.13.00.0354, CH04/05, Binder MK240 #Schroedinger, 23, 3,4.718139645952592
404,TP_k04_03_2,6,exCU, INT, INT103, TP_k04_03_MKII, 13.12.2023, Basytec CTS.x.13.00.0354, CH04/05, Binder MK240 #Schroedinger, 23, 3,4.695983928112675
405,TP_k04_03_2,7,AT_T10, INT, INT103, TP_k04_03_MKII, 20.02.2024, Basytec CTS.x.13.00.0354, CH04/05, Binder MK240 #Schroedinger, 10, 3,4.565034054825663
406,TP_k04_03_2,7,AT_T45, INT, INT103, TP_k04_03_MKII, 23.02.2024, Basytec CTS.x.13.00.0354, CH04/05, Binder MK240 #Schroedinger, 45, 3,4.765810462029579
407,TP_k04_03_2,7,AT_T23, INT, INT103, TP_k04_03_MKII, 26.02.2024, Basytec CTS.x.13.00.0354, CH04/05, Binder MK240 #Schroedinger, 23, 3,4.695233080044762
408,TP_k04_04_1,1,ET_T10, INT, INT046, k04, 30.09.2021," Basytec CTS, SN:CTS.X.13.00.0354", CH02/03, Binder MK240 #Schroedinger, 10°C, 12,4.809614387684977
409,TP_k04_04_1,1,ET_T45, INT, INT046, k04, 04.10.2021," Basytec CTS, SN:CTS.X.13.00.0354", CH02/03, Binder MK240 #Schroedinger, 45°C, 12,4.984034727892287
410,TP_k04_04_1,1,ET_T23, INT, INT046, k04, 07.10.2021," Basytec CTS, SN:CTS.X.13.00.0354", CH02/03, Binder MK240 #Schroedinger, 23°C, 12,4.8856585068380545
411,TP_k04_04_1,2,AT_T10, INT, INT046, k04, 06.10.2022," Basytec CTS, SN:CTS.X.13.00.0354", CH02/03, Binder MK240 #Schroedinger, 10°C, 12,4.761608350742966
412,TP_k04_04_1,2,AT_T45, INT, INT046, k04, 09.10.2022," Basytec CTS, SN:CTS.X.13.00.0354", CH02/03, Binder MK240 #Schroedinger, 45°C, 12,4.954409915364464
413,TP_k04_04_1,2,AT_T23, INT, INT046, k04, 12.10.2022," Basytec CTS, SN:CTS.X.13.00.0354", CH02/03, Binder MK240 #Schroedinger, 23°C, 12,4.845811846112186
414,TP_k04_04_2,1,ET_T10, INT, INT090, TP_k04_04_MKII, 19.01.2023, Basytec CTS.x.13.00.0354, CH06/07, Binder MK240 #Schroedinger, 10, 4,4.746186050195096
415,TP_k04_04_2,1,ET_T45, INT, INT090, TP_k04_04_MKII, 22.01.2023, Basytec CTS.x.13.00.0354, CH06/07, Binder MK240 #Schroedinger, 45, 4,4.942941104340427
416,TP_k04_04_2,1,ET_T23, INT, INT090, TP_k04_04_MKII, 25.01.2023, Basytec CTS.x.13.00.0354, CH06/07, Binder MK240 #Schroedinger, 23, 4,4.846516891219988
417,TP_k04_04_2,2,AT_T10, INT, INT090, TP_k04_04_MKII, 20.02.2024, Basytec CTS.x.13.00.0354, CH06/07, Binder MK240 #Schroedinger, 10, 4,4.570722857867768
418,TP_k04_04_2,2,AT_T45, INT, INT090, TP_k04_04_MKII, 23.02.2024, Basytec CTS.x.13.00.0354, CH06/07, Binder MK240 #Schroedinger, 45, 4,4.793469534936996
419,TP_k04_04_2,2,AT_T23, INT, INT090, TP_k04_04_MKII, 26.02.2024, Basytec CTS.x.13.00.0354, CH06/07, Binder MK240 #Schroedinger, 23, 4,4.719186941993405
420,TP_k04_05_1,1,ET_T23, INT, INT047, k04, 07.10.2021," Basytec CTS, SN:CTS.X.13.00.0354", CH04/05, Binder MK240 #Schroedinger, 23°C, 13,4.784152375935435
421,TP_k04_05_1,1,ET_T45, INT, INT047, k04, 04.10.2021," Basytec CTS, SN:CTS.X.13.00.0354", CH04/05, Binder MK240 #Schroedinger, 45°C, 13,4.884801201054298
422,TP_k04_05_1,1,ET_T10, INT, INT047, k04, 30.09.2021," Basytec CTS, SN:CTS.X.13.00.0354", CH04/05, Binder MK240 #Schroedinger, 10°C, 13,4.69650578748827
423,TP_k04_05_1,2,AT_T23, INT, INT047, k04, 06.10.2022," Basytec CTS, SN:CTS.X.13.00.0354", CH04/05, Binder MK240 #Schroedinger, 23°C, 13,4.755878537702111
424,TP_k04_05_1,2,AT_T45, INT, INT047, k04, 09.10.2022," Basytec CTS, SN:CTS.X.13.00.0354", CH04/05, Binder MK240 #Schroedinger, 45°C, 13,4.858618227185178
425,TP_k04_05_1,2,AT_T10, INT, INT047, k04, 06.10.2022," Basytec CTS, SN:CTS.X.13.00.0354", CH04/05, Binder MK240 #Schroedinger, 10°C, 13,4.688589473510505
426,TP_k04_05_2,1,ET_T23, INT, INT165, TP_k04_05_MKII, 25.01.2023, Basytec CTS.x.13.00.0354, CH08/09, Binder MK240 #Schroedinger, 23, 5,4.8408391043702395
427,TP_k04_05_2,1,ET_T45, INT, INT165, TP_k04_05_MKII, 22.01.2023, Basytec CTS.x.13.00.0354, CH08/09, Binder MK240 #Schroedinger, 45, 5,4.939831375179901
428,TP_k04_05_2,1,ET_T10, INT, INT165, TP_k04_05_MKII, 19.01.2023, Basytec CTS.x.13.00.0354, CH08/09, Binder MK240 #Schroedinger, 10, 5,4.743415913709054
429,TP_k04_05_2,2,AT_T23, INT, INT165, TP_k04_05_MKII, 26.02.2024, Basytec CTS.x.13.00.0354, CH08/09, Binder MK240 #Schroedinger, 23, 5,4.708562975423525
430,TP_k04_05_2,2,AT_T45, INT, INT165, TP_k04_05_MKII, 23.02.2024, Basytec CTS.x.13.00.0354, CH08/09, Binder MK240 #Schroedinger, 45, 5,4.788051686087405
431,TP_k04_05_2,2,AT_T10, INT, INT165, TP_k04_05_MKII, 20.02.2024, Basytec CTS.x.13.00.0354, CH08/09, Binder MK240 #Schroedinger, 10, 5,4.55865072149499
432,TP_k04_06_1,1,ET_T23, INT, INT048, k04, 07.10.2021," Basytec CTS, SN:CTS.X.13.00.0354", CH06/07, Binder MK240 #Schroedinger, 23°C, 14,4.856812754035156
433,TP_k04_06_1,1,ET_T45, INT, INT048, k04, 04.10.2021," Basytec CTS, SN:CTS.X.13.00.0354", CH06/07, Binder MK240 #Schroedinger, 45°C, 14,4.953223674218723
434,TP_k04_06_1,1,ET_T10, INT, INT048, k04, 30.09.2021," Basytec CTS, SN:CTS.X.13.00.0354", CH06/07, Binder MK240 #Schroedinger, 10°C, 14,4.761686832124244
435,TP_k04_06_1,2,AT_T23, INT, INT048, k04, 12.10.2022," Basytec CTS, SN:CTS.X.13.00.0354", CH06/07, Binder MK240 #Schroedinger, 23°C, 14,4.822472937972602
436,TP_k04_06_1,2,AT_T45, INT, INT048, k04, 09.10.2022," Basytec CTS, SN:CTS.X.13.00.0354", CH06/07, Binder MK240 #Schroedinger, 45°C, 14,4.921298009539404
437,TP_k04_06_1,2,AT_T10, INT, INT048, k04, 06.10.2022," Basytec CTS, SN:CTS.X.13.00.0354", CH06/07, Binder MK240 #Schroedinger, 10°C, 14,4.74941610140943
438,TP_k04_06_2,1,ET_T23, INT, INT190, TP_k04_06_MKII, 25.01.2023, Basytec CTS.x.13.00.0354, CH10/11, Binder MK240 #Schroedinger, 23, 6,4.8346618917409945
439,TP_k04_06_2,1,ET_T45, INT, INT190, TP_k04_06_MKII, 22.01.2023, Basytec CTS.x.13.00.0354, CH10/11, Binder MK240 #Schroedinger, 45, 6,4.929387906974318
440,TP_k04_06_2,1,ET_T10, INT, INT190, TP_k04_06_MKII, 19.01.2023, Basytec CTS.x.13.00.0354, CH10/11, Binder MK240 #Schroedinger, 10, 6,4.735285025543828
441,TP_k04_06_2,2,AT_T23, INT, INT190, TP_k04_06_MKII, 26.02.2024, Basytec CTS.x.13.00.0354, CH10/11, Binder MK240 #Schroedinger, 23, 6,4.70886807619234
442,TP_k04_06_2,2,AT_T45, INT, INT190, TP_k04_06_MKII, 23.02.2024, Basytec CTS.x.13.00.0354, CH10/11, Binder MK240 #Schroedinger, 45, 6,4.781572662187884
443,TP_k04_06_2,2,AT_T10, INT, INT190, TP_k04_06_MKII, 20.02.2024, Basytec CTS.x.13.00.0354, CH10/11, Binder MK240 #Schroedinger, 10, 6,4.557653586987518
444,TP_k05_01_1,1,ET_T45, INT, INT004, k05, 04.10.2021," Basytec CTS, SN:CTS.X.13.00.0354", CH06/07, Binder MK240 #Planck, 45°C, 14,4.958535536670597
445,TP_k05_01_1,1,ET_T23, INT, INT004, k05, 07.10.2021," Basytec CTS, SN:CTS.X.13.00.0354", CH06/07, Binder MK240 #Planck, 23°C, 14,4.867337238969368
446,TP_k05_01_1,1,ET_T10, INT, INT004, k05, 30.09.2021," Basytec CTS, SN:CTS.X.13.00.0354", CH06/07, Binder MK240 #Planck, 10°C, 14,4.793009049799915
447,TP_k05_01_1,2,CU, INT, INT004, k05, 11.11.2021," Basytec CTS, SN:CTS.X.13.00.0355", CH06/07, Binder MK240 #Planck, 23°C, 14,4.853459568794545
448,TP_k05_01_1,3,CU, INT, INT004, k05, 27.12.2021," Basytec CTS, SN:CTS.X.13.00.0408", CH06/07, Binder MK240 #Planck, 23°C, 14,4.841191265299136
449,TP_k05_01_1,4,exCU, INT, INT004, k05, 09.02.2022," Basytec CTS, SN:CTS.X.13.00.0408", CH06/07, Binder MK240 #Planck, 23°C, 14,4.8302606832074675
450,TP_k05_01_1,5,CU, INT, INT004, k05, 03.05.2022," Basytec CTS, SN:CTS.X.13.00.0408", CH06/07, Binder MK240 #Planck, 23°C, 14,4.80819906286478
451,TP_k05_01_1,6,exCU, INT, INT004, k05, 19.07.2022," Basytec CTS, SN:CTS.X.13.00.0408", CH06/07, Binder MK240 #Planck, 23°C, 14,4.7954351263642785
452,TP_k05_01_1,7,AT_T45, INT, INT004, k05, 09.10.2022," Basytec CTS, SN:CTS.X.13.00.0408", CH06/07, Binder MK240 #Planck, 45°C, 14,4.847537722212536
453,TP_k05_01_1,7,AT_T23, INT, INT004, k05, 12.10.2022," Basytec CTS, SN:CTS.X.13.00.0408", CH06/07, Binder MK240 #Planck, 23°C, 14,4.7637942338253385
454,TP_k05_01_1,7,AT_T10, INT, INT004, k05, 06.10.2022," Basytec CTS, SN:CTS.X.13.00.0408", CH06/07, Binder MK240 #Planck, 10°C, 14,4.685942847037832
455,TP_k05_01_2,1,ET_T45, INT, INT195, TP_k05_01_MKII, 22.01.2023, Basytec CTS.x.13.00.0354, CH12/13, Binder MK240 #Schroedinger, 45, 7,4.93540975200299
456,TP_k05_01_2,1,ET_T23, INT, INT195, TP_k05_01_MKII, 25.01.2023, Basytec CTS.x.13.00.0354, CH12/13, Binder MK240 #Schroedinger, 23, 7,4.837271354861159
457,TP_k05_01_2,1,ET_T10, INT, INT195, TP_k05_01_MKII, 19.01.2023, Basytec CTS.x.13.00.0354, CH12/13, Binder MK240 #Schroedinger, 10, 7,4.745224223511057
458,TP_k05_01_2,2,CU, INT, INT195, TP_k05_01_MKII, 24.04.2023, Basytec CTS.x.13.00.0354, CH12/13, Binder MK240 #Schroedinger, 23, 7,4.7621155068812255
459,TP_k05_01_2,3,CU, INT, INT195, TP_k05_01_MKII, 13.06.2023, Basytec CTS.x.13.00.0354, CH12/13, Binder MK240 #Schroedinger, 23, 7,4.739921368059308
460,TP_k05_01_2,4,exCU, INT, INT195, TP_k05_01_MKII, 19.07.2023, Basytec CTS.x.13.00.0354, CH12/13, Binder MK240 #Schroedinger, 23, 7,4.728225561496355
461,TP_k05_01_2,5,CU, INT, INT195, TP_k05_01_MKII, 10.10.2023, Basytec CTS.x.13.00.0354, CH12/13, Binder MK240 #Schroedinger, 23, 7,4.7016167978530445
462,TP_k05_01_2,6,exCU, INT, INT195, TP_k05_01_MKII, 13.12.2023, Basytec CTS.x.13.00.0354, CH12/13, Binder MK240 #Schroedinger, 23, 7,4.685886912597185
463,TP_k05_01_2,7,AT_T45, INT, INT195, TP_k05_01_MKII, 23.02.2024, Basytec CTS.x.13.00.0354, CH12/13, Binder MK240 #Schroedinger, 45, 7,4.7531025055361535
464,TP_k05_01_2,7,AT_T23, INT, INT195, TP_k05_01_MKII, 26.02.2024, Basytec CTS.x.13.00.0354, CH12/13, Binder MK240 #Schroedinger, 23, 7,4.677309251100262
465,TP_k05_01_2,7,AT_T10, INT, INT195, TP_k05_01_MKII, 20.02.2024, Basytec CTS.x.13.00.0354, CH12/13, Binder MK240 #Schroedinger, 10, 7,4.544703827082394
466,TP_k05_02_1,1,ET_T45, INT, INT005, k05, 04.10.2021," Basytec CTS, SN:CTS.X.13.00.0355", CH10/11, Binder MK240 #Planck, 45°C, 15,4.979656419071419
467,TP_k05_02_1,1,ET_T23, INT, INT005, k05, 07.10.2021," Basytec CTS, SN:CTS.X.13.00.0355", CH10/11, Binder MK240 #Planck, 23°C, 15,4.884121905294698
468,TP_k05_02_1,1,ET_T10, INT, INT005, k05, 30.09.2021," Basytec CTS, SN:CTS.X.13.00.0355", CH10/11, Binder MK240 #Planck, 10°C, 15,4.813697963392749
469,TP_k05_02_1,2,CU, INT, INT005, k05, 11.11.2021," Basytec CTS, SN:CTS.X.13.00.0355", CH10/11, Binder MK240 #Planck, 23°C, 15,4.871471812975129
470,TP_k05_02_1,3,CU, INT, INT005, k05, 27.12.2021," Basytec CTS, SN:CTS.X.13.00.0408", CH10/11, Binder MK240 #Planck, 23°C, 15,4.860644628049105
471,TP_k05_02_1,4,exCU, INT, INT005, k05, 09.02.2022," Basytec CTS, SN:CTS.X.13.00.0408", CH10/11, Binder MK240 #Planck, 23°C, 15,4.850670263631754
472,TP_k05_02_1,5,CU, INT, INT005, k05, 03.05.2022," Basytec CTS, SN:CTS.X.13.00.0408", CH10/11, Binder MK240 #Planck, 23°C, 15,4.825268679811521
473,TP_k05_02_1,6,exCU, INT, INT005, k05, 19.07.2022," Basytec CTS, SN:CTS.X.13.00.0408", CH10/11, Binder MK240 #Planck, 23°C, 15,4.811951728693225
474,TP_k05_02_1,7,AT_T45, INT, INT005, k05, 09.10.2022," Basytec CTS, SN:CTS.X.13.00.0408", CH10/11, Binder MK240 #Planck, 45°C, 15,4.861286794199667
475,TP_k05_02_1,7,AT_T23, INT, INT005, k05, 12.10.2022," Basytec CTS, SN:CTS.X.13.00.0408", CH10/11, Binder MK240 #Planck, 23°C, 15,4.774169023370378
476,TP_k05_02_1,7,AT_T10, INT, INT005, k05, 06.10.2022," Basytec CTS, SN:CTS.X.13.00.0408", CH10/11, Binder MK240 #Planck, 10°C, 15,4.706050309062794
477,TP_k05_02_2,1,ET_T45, INT, INT114, TP_k05_02_MKII, 22.01.2023, Basytec CTS.x.13.00.0354, CH14/15, Binder MK240 #Schroedinger, 45, 8,4.970821891951196
478,TP_k05_02_2,1,ET_T23, INT, INT114, TP_k05_02_MKII, 25.01.2023, Basytec CTS.x.13.00.0354, CH14/15, Binder MK240 #Schroedinger, 23, 8,4.873465812028687
479,TP_k05_02_2,1,ET_T10, INT, INT114, TP_k05_02_MKII, 19.01.2023, Basytec CTS.x.13.00.0354, CH14/15, Binder MK240 #Schroedinger, 10, 8,4.776165840807176
480,TP_k05_02_2,2,CU, INT, INT114, TP_k05_02_MKII, 24.04.2023, Basytec CTS.x.13.00.0354, CH14/15, Binder MK240 #Schroedinger, 23, 8,4.799040557059731
481,TP_k05_02_2,3,CU, INT, INT114, TP_k05_02_MKII, 13.06.2023, Basytec CTS.x.13.00.0354, CH14/15, Binder MK240 #Schroedinger, 23, 8,4.775722885316694
482,TP_k05_02_2,4,exCU, INT, INT114, TP_k05_02_MKII, 19.07.2023, Basytec CTS.x.13.00.0354, CH14/15, Binder MK240 #Schroedinger, 23, 8,4.761571088842462
483,TP_k05_02_2,5,CU, INT, INT114, TP_k05_02_MKII, 10.10.2023, Basytec CTS.x.13.00.0354, CH14/15, Binder MK240 #Schroedinger, 23, 8,4.740209546342774
484,TP_k05_02_2,6,exCU, INT, INT114, TP_k05_02_MKII, 13.12.2023, Basytec CTS.x.13.00.0354, CH14/15, Binder MK240 #Schroedinger, 23, 8,4.722693551848089
485,TP_k05_02_2,7,AT_T45, INT, INT114, TP_k05_02_MKII, 23.02.2024, Basytec CTS.x.13.00.0354, CH14/15, Binder MK240 #Schroedinger, 45, 8,4.799634980000588
486,TP_k05_02_2,7,AT_T23, INT, INT114, TP_k05_02_MKII, 26.02.2024, Basytec CTS.x.13.00.0354, CH14/15, Binder MK240 #Schroedinger, 23, 8,4.723765438818001
487,TP_k05_02_2,7,AT_T10, INT, INT114, TP_k05_02_MKII, 20.02.2024, Basytec CTS.x.13.00.0354, CH14/15, Binder MK240 #Schroedinger, 10, 8,4.599919280805275
488,TP_k05_03_1,1,ET_T10, INT, INT006, k05, 30.09.2021," Basytec CTS, SN:CTS.X.13.00.0355", CH12/13, Binder MK240 #Planck, 10°C, 16,4.750953586438799
489,TP_k05_03_1,1,ET_T23, INT, INT006, k05, 07.10.2021," Basytec CTS, SN:CTS.X.13.00.0355", CH12/13, Binder MK240 #Planck, 23°C, 16,4.828831359754567
490,TP_k05_03_1,1,ET_T45, INT, INT006, k05, 04.10.2021," Basytec CTS, SN:CTS.X.13.00.0355", CH12/13, Binder MK240 #Planck, 45°C, 16,4.924567672560398
491,TP_k05_03_1,2,CU, INT, INT006, k05, 11.11.2021," Basytec CTS, SN:CTS.X.13.00.0355", CH12/13, Binder MK240 #Planck, 23°C, 16,4.818788292130499
492,TP_k05_03_1,3,CU, INT, INT006, k05, 27.12.2021," Basytec CTS, SN:CTS.X.13.00.0408", CH12/13, Binder MK240 #Planck, 23°C, 16,4.8055818014217575
493,TP_k05_03_1,4,exCU, INT, INT006, k05, 09.02.2022," Basytec CTS, SN:CTS.X.13.00.0408", CH12/13, Binder MK240 #Planck, 23°C, 16,4.794406317426085
494,TP_k05_03_1,5,CU, INT, INT006, k05, 03.05.2022," Basytec CTS, SN:CTS.X.13.00.0408", CH12/13, Binder MK240 #Planck, 23°C, 16,4.771845415621053
495,TP_k05_03_1,6,exCU, INT, INT006, k05, 19.07.2022," Basytec CTS, SN:CTS.X.13.00.0408", CH12/13, Binder MK240 #Planck, 23°C, 16,4.76121024213192
496,TP_k05_03_1,7,AT_T10, INT, INT006, k05, 06.10.2022," Basytec CTS, SN:CTS.X.13.00.0408", CH12/13, Binder MK240 #Planck, 10°C, 16,4.6533182545481075
497,TP_k05_03_1,7,AT_T23, INT, INT006, k05, 12.10.2022," Basytec CTS, SN:CTS.X.13.00.0408", CH12/13, Binder MK240 #Planck, 23°C, 16,4.726164448981329
498,TP_k05_03_1,7,AT_T45, INT, INT006, k05, 09.10.2022," Basytec CTS, SN:CTS.X.13.00.0408", CH12/13, Binder MK240 #Planck, 45°C, 16,4.813419895330368
499,TP_k05_03_2,1,ET_T10, INT, INT051, TP_k05_03_MKII, 19.01.2023, Basytec CTS.x.13.00.0354, CH16/17, Binder MK240 #Schroedinger, 10, 9,4.7573428084758405
500,TP_k05_03_2,1,ET_T23, INT, INT051, TP_k05_03_MKII, 25.01.2023, Basytec CTS.x.13.00.0354, CH16/17, Binder MK240 #Schroedinger, 23, 9,4.857546508023841
501,TP_k05_03_2,1,ET_T45, INT, INT051, TP_k05_03_MKII, 22.01.2023, Basytec CTS.x.13.00.0354, CH16/17, Binder MK240 #Schroedinger, 45, 9,4.953333610485561
502,TP_k05_03_2,2,CU, INT, INT051, TP_k05_03_MKII, 24.04.2023, Basytec CTS.x.13.00.0354, CH16/17, Binder MK240 #Schroedinger, 23, 9,4.778128936926647
503,TP_k05_03_2,3,CU, INT, INT051, TP_k05_03_MKII, 13.06.2023, Basytec CTS.x.13.00.0354, CH16/17, Binder MK240 #Schroedinger, 23, 9,4.761538874223637
504,TP_k05_03_2,4,exCU, INT, INT051, TP_k05_03_MKII, 19.07.2023, Basytec CTS.x.13.00.0354, CH16/17, Binder MK240 #Schroedinger, 23, 9,4.7470682051828526
505,TP_k05_03_2,5,CU, INT, INT051, TP_k05_03_MKII, 10.10.2023, Basytec CTS.x.13.00.0354, CH16/17, Binder MK240 #Schroedinger, 23, 9,4.7185562030720565
506,TP_k05_03_2,6,exCU, INT, INT051, TP_k05_03_MKII, 13.12.2023, Basytec CTS.x.13.00.0354, CH16/17, Binder MK240 #Schroedinger, 23, 9,4.7026226904153745
507,TP_k05_03_2,7,AT_T10, INT, INT051, TP_k05_03_MKII, 20.02.2024, Basytec CTS.x.13.00.0354, CH16/17, Binder MK240 #Schroedinger, 10, 9,4.562628719368398
508,TP_k05_03_2,7,AT_T23, INT, INT051, TP_k05_03_MKII, 26.02.2024, Basytec CTS.x.13.00.0354, CH16/17, Binder MK240 #Schroedinger, 23, 9,4.695052368252191
509,TP_k05_03_2,7,AT_T45, INT, INT051, TP_k05_03_MKII, 23.02.2024, Basytec CTS.x.13.00.0354, CH16/17, Binder MK240 #Schroedinger, 45, 9,4.76748841612905
510,TP_k05_04_1,1,ET_T10, INT, INT049, k05, 30.09.2021," Basytec CTS, SN:CTS.X.13.00.0354", CH08/09, Binder MK240 #Schroedinger, 10°C, 15,4.770113753121782
511,TP_k05_04_1,1,ET_T23, INT, INT049, k05, 07.10.2021," Basytec CTS, SN:CTS.X.13.00.0354", CH08/09, Binder MK240 #Schroedinger, 23°C, 15,4.862223504836133
512,TP_k05_04_1,1,ET_T45, INT, INT049, k05, 04.10.2021," Basytec CTS, SN:CTS.X.13.00.0354", CH08/09, Binder MK240 #Schroedinger, 45°C, 15,4.956453928173463
513,TP_k05_04_1,2,AT_T10, INT, INT049, k05, 06.10.2022," Basytec CTS, SN:CTS.X.13.00.0354", CH08/09, Binder MK240 #Schroedinger, 10°C, 15,4.684820658258838
514,TP_k05_04_1,2,AT_T23, INT, INT049, k05, 12.10.2022," Basytec CTS, SN:CTS.X.13.00.0354", CH08/09, Binder MK240 #Schroedinger, 23°C, 15,4.786610322257941
515,TP_k05_04_1,2,AT_T45, INT, INT049, k05, 09.10.2022," Basytec CTS, SN:CTS.X.13.00.0354", CH08/09, Binder MK240 #Schroedinger, 45°C, 15,4.875507386005562
516,TP_k05_04_2,1,ET_T10, INT, INT066, TP_k05_04_MKII, 19.01.2023, Basytec CTS.x.13.00.0354, CH18/19, Binder MK240 #Schroedinger, 10, 10,4.722631428554816
517,TP_k05_04_2,1,ET_T23, INT, INT066, TP_k05_04_MKII, 25.01.2023, Basytec CTS.x.13.00.0354, CH18/19, Binder MK240 #Schroedinger, 23, 10,4.838053264642223
518,TP_k05_04_2,1,ET_T45, INT, INT066, TP_k05_04_MKII, 22.01.2023, Basytec CTS.x.13.00.0354, CH18/19, Binder MK240 #Schroedinger, 45, 10,4.939138809636126
519,TP_k05_04_2,2,AT_T10, INT, INT066, TP_k05_04_MKII, 20.02.2024, Basytec CTS.x.13.00.0354, CH18/19, Binder MK240 #Schroedinger, 10, 10,4.555421425255776
520,TP_k05_04_2,2,AT_T23, INT, INT066, TP_k05_04_MKII, 26.02.2024, Basytec CTS.x.13.00.0354, CH18/19, Binder MK240 #Schroedinger, 23, 10,4.712711292029624
521,TP_k05_04_2,2,AT_T45, INT, INT066, TP_k05_04_MKII, 23.02.2024, Basytec CTS.x.13.00.0354, CH18/19, Binder MK240 #Schroedinger, 45, 10,4.786594243936268
522,TP_k05_05_1,1,ET_T45, INT, INT050, k05, 04.10.2021," Basytec CTS, SN:CTS.X.13.00.0354", CH10/11, Binder MK240 #Schroedinger, 45°C, 16,4.975786087415617
523,TP_k05_05_1,1,ET_T23, INT, INT050, k05, 07.10.2021," Basytec CTS, SN:CTS.X.13.00.0354", CH10/11, Binder MK240 #Schroedinger, 23°C, 16,4.878269393593772
524,TP_k05_05_1,1,ET_T10, INT, INT050, k05, 30.09.2021," Basytec CTS, SN:CTS.X.13.00.0354", CH10/11, Binder MK240 #Schroedinger, 10°C, 16,4.78857250420436
525,TP_k05_05_1,2,AT_T45, INT, INT050, k05, 09.10.2022," Basytec CTS, SN:CTS.X.13.00.0354", CH10/11, Binder MK240 #Schroedinger, 45°C, 16,4.884143339507139
526,TP_k05_05_1,2,AT_T23, INT, INT050, k05, 12.10.2022," Basytec CTS, SN:CTS.X.13.00.0354", CH10/11, Binder MK240 #Schroedinger, 23°C, 16,4.789660395037253
527,TP_k05_05_1,2,AT_T10, INT, INT050, k05, 06.10.2022," Basytec CTS, SN:CTS.X.13.00.0354", CH10/11, Binder MK240 #Schroedinger, 10°C, 16,4.670266508846359
528,TP_k05_05_2,1,ET_T45, INT, INT027, TP_k05_05_MKII, 22.01.2023, Basytec CTS.x.13.00.0354, CH20/21, Binder MK240 #Schroedinger, 45, 11,4.955764867808508
529,TP_k05_05_2,1,ET_T23, INT, INT027, TP_k05_05_MKII, 25.01.2023, Basytec CTS.x.13.00.0354, CH20/21, Binder MK240 #Schroedinger, 23, 11,4.859043883817059
530,TP_k05_05_2,1,ET_T10, INT, INT027, TP_k05_05_MKII, 19.01.2023, Basytec CTS.x.13.00.0354, CH20/21, Binder MK240 #Schroedinger, 10, 11,4.752763409789329
531,TP_k05_05_2,2,AT_T45, INT, INT027, TP_k05_05_MKII, 23.02.2024, Basytec CTS.x.13.00.0354, CH20/21, Binder MK240 #Schroedinger, 45, 11,4.803471936501781
532,TP_k05_05_2,2,AT_T23, INT, INT027, TP_k05_05_MKII, 26.02.2024, Basytec CTS.x.13.00.0354, CH20/21, Binder MK240 #Schroedinger, 23, 11,4.730893528790373
533,TP_k05_05_2,2,AT_T10, INT, INT027, TP_k05_05_MKII, 20.02.2024, Basytec CTS.x.13.00.0354, CH20/21, Binder MK240 #Schroedinger, 10, 11,4.5747135551370075
534,TP_k05_06_1,1,ET_T45, INT, INT051, k05, 04.10.2021," Basytec CTS, SN:CTS.X.13.00.0354", CH12/13, Binder MK240 #Schroedinger, 45°C, 17,4.935831374076903
535,TP_k05_06_1,1,ET_T23, INT, INT051, k05, 07.10.2021," Basytec CTS, SN:CTS.X.13.00.0354", CH12/13, Binder MK240 #Schroedinger, 23°C, 17,4.838414125038601
536,TP_k05_06_1,1,ET_T10, INT, INT051, k05, 30.09.2021," Basytec CTS, SN:CTS.X.13.00.0354", CH12/13, Binder MK240 #Schroedinger, 10°C, 17,4.744538426129482
537,TP_k05_06_1,2,AT_T45, INT, INT051, k05, 09.10.2022," Basytec CTS, SN:CTS.X.13.00.0354", CH12/13, Binder MK240 #Schroedinger, 45°C, 17,4.859106162424184
538,TP_k05_06_1,2,AT_T23, INT, INT051, k05, 12.10.2022," Basytec CTS, SN:CTS.X.13.00.0354", CH12/13, Binder MK240 #Schroedinger, 23°C, 17,4.7642062441674735
539,TP_k05_06_1,2,AT_T10, INT, INT051, k05, 06.10.2022," Basytec CTS, SN:CTS.X.13.00.0354", CH12/13, Binder MK240 #Schroedinger, 10°C, 17,4.647208649133078
540,TP_k05_06_2,1,ET_T45, INT, INT119, TP_k05_06_MKII, 22.01.2023, Basytec CTS.x.13.00.0354, CH22/23, Binder MK240 #Schroedinger, 45, 12,4.948046483348178
541,TP_k05_06_2,1,ET_T23, INT, INT119, TP_k05_06_MKII, 25.01.2023, Basytec CTS.x.13.00.0354, CH22/23, Binder MK240 #Schroedinger, 23, 12,4.84553819680135
542,TP_k05_06_2,1,ET_T10, INT, INT119, TP_k05_06_MKII, 19.01.2023, Basytec CTS.x.13.00.0354, CH22/23, Binder MK240 #Schroedinger, 10, 12,4.711324539751002
543,TP_k05_06_2,2,AT_T45, INT, INT119, TP_k05_06_MKII, 23.02.2024, Basytec CTS.x.13.00.0354, CH22/23, Binder MK240 #Schroedinger, 45, 12,4.798017812661483
544,TP_k05_06_2,2,AT_T23, INT, INT119, TP_k05_06_MKII, 26.02.2024, Basytec CTS.x.13.00.0354, CH22/23, Binder MK240 #Schroedinger, 23, 12,4.713112354125084
545,TP_k05_06_2,2,AT_T10, INT, INT119, TP_k05_06_MKII, 20.02.2024, Basytec CTS.x.13.00.0354, CH22/23, Binder MK240 #Schroedinger, 10, 12,4.539148075048551
546,TP_k06_01_1,1,ET_T10, INT, INT007, k06, 30.09.2021," Basytec CTS, SN:CTS.X.13.00.0355", CH14/15, Binder MK240 #Planck, 10°C, 17,4.80233108525256
547,TP_k06_01_1,1,ET_T23, INT, INT007, k06, 07.10.2021," Basytec CTS, SN:CTS.X.13.00.0355", CH14/15, Binder MK240 #Planck, 23°C, 17,4.881836957585746
548,TP_k06_01_1,1,ET_T45, INT, INT007, k06, 04.10.2021," Basytec CTS, SN:CTS.X.13.00.0355", CH14/15, Binder MK240 #Planck, 45°C, 17,4.983972763350145
549,TP_k06_01_1,2,CU, INT, INT007, k06, 11.11.2021," Basytec CTS, SN:CTS.X.13.00.0355", CH14/15, Binder MK240 #Planck, 23°C, 17,4.863657638227606
550,TP_k06_01_1,3,CU, INT, INT007, k06, 27.12.2021," Basytec CTS, SN:CTS.X.13.00.0408", CH14/15, Binder MK240 #Planck, 23°C, 17,4.833077981078137
551,TP_k06_01_1,4,exCU, INT, INT007, k06, 09.02.2022," Basytec CTS, SN:CTS.X.13.00.0408", CH14/15, Binder MK240 #Planck, 23°C, 17,4.812984058128803
552,TP_k06_01_1,5,CU, INT, INT007, k06, 03.05.2022," Basytec CTS, SN:CTS.X.13.00.0408", CH14/15, Binder MK240 #Planck, 23°C, 17,4.7865872554580395
553,TP_k06_01_1,6,exCU, INT, INT007, k06, 19.07.2022," Basytec CTS, SN:CTS.X.13.00.0408", CH14/15, Binder MK240 #Planck, 23°C, 17,4.766937382438421
554,TP_k06_01_1,7,AT_T10, INT, INT007, k06, 06.10.2022," Basytec CTS, SN:CTS.X.13.00.0408", CH14/15, Binder MK240 #Planck, 10°C, 17,4.647911157170766
555,TP_k06_01_1,7,AT_T23, INT, INT007, k06, 12.10.2022," Basytec CTS, SN:CTS.X.13.00.0408", CH14/15, Binder MK240 #Planck, 23°C, 17,4.7302052618565025
556,TP_k06_01_1,7,AT_T45, INT, INT007, k06, 09.10.2022," Basytec CTS, SN:CTS.X.13.00.0408", CH14/15, Binder MK240 #Planck, 45°C, 17,4.818405147573532
557,TP_k06_01_2,1,ET_T10, INT, INT009, TP_k06_01_MKII, 19.01.2023, Basytec CTS.x.13.00.0354, CH24/25, Binder MK240 #Schroedinger, 10, 13,4.773773231219896
558,TP_k06_01_2,1,ET_T23, INT, INT009, TP_k06_01_MKII, 25.01.2023, Basytec CTS.x.13.00.0354, CH24/25, Binder MK240 #Schroedinger, 23, 13,4.868617819927497
559,TP_k06_01_2,1,ET_T45, INT, INT009, TP_k06_01_MKII, 22.01.2023, Basytec CTS.x.13.00.0354, CH24/25, Binder MK240 #Schroedinger, 45, 13,4.957079784113452
560,TP_k06_01_2,2,CU, INT, INT009, TP_k06_01_MKII, 24.04.2023, Basytec CTS.x.13.00.0354, CH24/25, Binder MK240 #Schroedinger, 23, 13,4.773070475150759
561,TP_k06_01_2,3,CU, INT, INT009, TP_k06_01_MKII, 13.06.2023, Basytec CTS.x.13.00.0354, CH24/25, Binder MK240 #Schroedinger, 23, 13,4.751126209531523
562,TP_k06_01_2,4,exCU, INT, INT009, TP_k06_01_MKII, 19.07.2023, Basytec CTS.x.13.00.0354, CH24/25, Binder MK240 #Schroedinger, 23, 13,4.73782641642152
563,TP_k06_01_2,5,CU, INT, INT009, TP_k06_01_MKII, 10.10.2023, Basytec CTS.x.13.00.0354, CH24/25, Binder MK240 #Schroedinger, 23, 13,4.71828401271026
564,TP_k06_01_2,6,exCU, INT, INT009, TP_k06_01_MKII, 13.12.2023, Basytec CTS.x.13.00.0354, CH24/25, Binder MK240 #Schroedinger, 23, 13,4.703187187797564
565,TP_k06_01_2,7,AT_T10, INT, INT009, TP_k06_01_MKII, 20.02.2024, Basytec CTS.x.13.00.0354, CH24/25, Binder MK240 #Schroedinger, 10, 13,4.556053016481658
566,TP_k06_01_2,7,AT_T23, INT, INT009, TP_k06_01_MKII, 26.02.2024, Basytec CTS.x.13.00.0354, CH24/25, Binder MK240 #Schroedinger, 23, 13,4.693272025392277
567,TP_k06_01_2,7,AT_T45, INT, INT009, TP_k06_01_MKII, 23.02.2024, Basytec CTS.x.13.00.0354, CH24/25, Binder MK240 #Schroedinger, 45, 13,4.767142726681921
568,TP_k06_02_1,1,ET_T10, INT, INT008, k06, 30.09.2021," Basytec CTS, SN:CTS.X.13.00.0355", CH16/17, Binder MK240 #Planck, 10°C, 18,4.748278843485712
569,TP_k06_02_1,1,ET_T23, INT, INT008, k06, 07.10.2021," Basytec CTS, SN:CTS.X.13.00.0355", CH16/17, Binder MK240 #Planck, 23°C, 18,4.834839379614022
570,TP_k06_02_1,1,ET_T45, INT, INT008, k06, 04.10.2021," Basytec CTS, SN:CTS.X.13.00.0355", CH16/17, Binder MK240 #Planck, 45°C, 18,4.932657500831145
571,TP_k06_02_1,2,CU, INT, INT008, k06, 11.11.2021," Basytec CTS, SN:CTS.X.13.00.0355", CH16/17, Binder MK240 #Planck, 23°C, 18,4.824508532335687
572,TP_k06_02_1,3,CU, INT, INT008, k06, 27.12.2021," Basytec CTS, SN:CTS.X.13.00.0408", CH16/17, Binder MK240 #Planck, 23°C, 18,4.797086359437333
573,TP_k06_02_1,4,exCU, INT, INT008, k06, 09.02.2022," Basytec CTS, SN:CTS.X.13.00.0408", CH16/17, Binder MK240 #Planck, 23°C, 18,4.777561567379487
574,TP_k06_02_1,5,CU, INT, INT008, k06, 03.05.2022," Basytec CTS, SN:CTS.X.13.00.0408", CH16/17, Binder MK240 #Planck, 23°C, 18,4.749639982966964
575,TP_k06_02_1,6,exCU, INT, INT008, k06, 19.07.2022," Basytec CTS, SN:CTS.X.13.00.0408", CH16/17, Binder MK240 #Planck, 23°C, 18,4.725383357774744
576,TP_k06_02_1,7,AT_T10, INT, INT008, k06, 06.10.2022," Basytec CTS, SN:CTS.X.13.00.0408", CH16/17, Binder MK240 #Planck, 10°C, 18,4.624760383514403
577,TP_k06_02_1,7,AT_T23, INT, INT008, k06, 12.10.2022," Basytec CTS, SN:CTS.X.13.00.0408", CH16/17, Binder MK240 #Planck, 23°C, 18,4.696408008481697
578,TP_k06_02_1,7,AT_T45, INT, INT008, k06, 09.10.2022," Basytec CTS, SN:CTS.X.13.00.0408", CH16/17, Binder MK240 #Planck, 45°C, 18,4.773855470851794
579,TP_k06_02_2,1,ET_T10, INT, INT140, TP_k06_02_MKII, 19.01.2023, Basytec CTS.x.13.00.0354, CH26/27, Binder MK240 #Schroedinger, 10, 14,4.747706296508657
580,TP_k06_02_2,1,ET_T23, INT, INT140, TP_k06_02_MKII, 25.01.2023, Basytec CTS.x.13.00.0354, CH26/27, Binder MK240 #Schroedinger, 23, 14,4.84014809997182
581,TP_k06_02_2,1,ET_T45, INT, INT140, TP_k06_02_MKII, 22.01.2023, Basytec CTS.x.13.00.0354, CH26/27, Binder MK240 #Schroedinger, 45, 14,4.932962186713539
582,TP_k06_02_2,2,CU, INT, INT140, TP_k06_02_MKII, 24.04.2023, Basytec CTS.x.13.00.0354, CH26/27, Binder MK240 #Schroedinger, 23, 14,4.760683679216909
583,TP_k06_02_2,3,CU, INT, INT140, TP_k06_02_MKII, 13.06.2023, Basytec CTS.x.13.00.0354, CH26/27, Binder MK240 #Schroedinger, 23, 14,4.7382158728681025
584,TP_k06_02_2,4,exCU, INT, INT140, TP_k06_02_MKII, 19.07.2023, Basytec CTS.x.13.00.0354, CH26/27, Binder MK240 #Schroedinger, 23, 14,4.724710145909411
585,TP_k06_02_2,5,CU, INT, INT140, TP_k06_02_MKII, 10.10.2023, Basytec CTS.x.13.00.0354, CH26/27, Binder MK240 #Schroedinger, 23, 14,4.700843286705565
586,TP_k06_02_2,6,exCU, INT, INT140, TP_k06_02_MKII, 13.12.2023, Basytec CTS.x.13.00.0354, CH26/27, Binder MK240 #Schroedinger, 23, 14,4.682348028283251
587,TP_k06_02_2,7,AT_T10, INT, INT140, TP_k06_02_MKII, 20.02.2024, Basytec CTS.x.13.00.0354, CH26/27, Binder MK240 #Schroedinger, 10, 14,4.544676806512371
588,TP_k06_02_2,7,AT_T23, INT, INT140, TP_k06_02_MKII, 26.02.2024, Basytec CTS.x.13.00.0354, CH26/27, Binder MK240 #Schroedinger, 23, 14,4.6782389930053565
589,TP_k06_02_2,7,AT_T45, INT, INT140, TP_k06_02_MKII, 23.02.2024, Basytec CTS.x.13.00.0354, CH26/27, Binder MK240 #Schroedinger, 45, 14,4.750240641391727
590,TP_k06_03_1,1,ET_T45, INT, INT009, k06, 04.10.2021," Basytec CTS, SN:CTS.X.13.00.0355", CH18/19, Binder MK240 #Planck, 45°C, 19,4.945207780447129
591,TP_k06_03_1,1,ET_T23, INT, INT009, k06, 07.10.2021," Basytec CTS, SN:CTS.X.13.00.0355", CH18/19, Binder MK240 #Planck, 23°C, 19,4.857275727376411
592,TP_k06_03_1,1,ET_T10, INT, INT009, k06, 30.09.2021," Basytec CTS, SN:CTS.X.13.00.0355", CH18/19, Binder MK240 #Planck, 10°C, 19,4.800566531785183
593,TP_k06_03_1,1,ET_T45, INT, INT009, k06, 04.10.2021," Basytec CTS, SN:CTS.X.13.00.0355", CH18/19, Binder MK240 #Planck, 45°C, 19,4.945207780447129
594,TP_k06_03_1,1,ET_T23, INT, INT009, k06, 07.10.2021," Basytec CTS, SN:CTS.X.13.00.0355", CH18/19, Binder MK240 #Planck, 23°C, 19,4.857275727376411
595,TP_k06_03_1,1,ET_T10, INT, INT009, k06, 30.09.2021," Basytec CTS, SN:CTS.X.13.00.0355", CH18/19, Binder MK240 #Planck, 10°C, 19,4.800566531785183
596,TP_k06_03_1,2,CU, INT, INT009, k06, 11.11.2021," Basytec CTS, SN:CTS.X.13.00.0355", CH18/19, Binder MK240 #Planck, 23°C, 19,4.82021647387837
597,TP_k06_03_1,2,CU, INT, INT009, k06, 11.11.2021," Basytec CTS, SN:CTS.X.13.00.0355", CH18/19, Binder MK240 #Planck, 23°C, 19,4.82021647387837
598,TP_k06_03_1,3,CU, INT, INT009, k06, 27.12.2021," Basytec CTS, SN:CTS.X.13.00.0408", CH18/19, Binder MK240 #Planck, 23°C, 19,4.7926075612998655
599,TP_k06_03_1,3,CU, INT, INT009, k06, 27.12.2021," Basytec CTS, SN:CTS.X.13.00.0408", CH18/19, Binder MK240 #Planck, 23°C, 19,4.7926075612998655
600,TP_k06_03_1,4,exCU, INT, INT009, k06, 09.02.2022," Basytec CTS, SN:CTS.X.13.00.0408", CH18/19, Binder MK240 #Planck, 23°C, 19,4.77837285168042
601,TP_k06_03_1,4,exCU, INT, INT009, k06, 09.02.2022," Basytec CTS, SN:CTS.X.13.00.0408", CH18/19, Binder MK240 #Planck, 23°C, 19,4.77837285168042
602,TP_k06_03_1,5,CU, INT, INT009, k06, 03.05.2022," Basytec CTS, SN:CTS.X.13.00.0408", CH18/19, Binder MK240 #Planck, 23°C, 19,4.747653497007381
603,TP_k06_03_1,5,CU, INT, INT009, k06, 03.05.2022," Basytec CTS, SN:CTS.X.13.00.0408", CH18/19, Binder MK240 #Planck, 23°C, 19,4.747653497007381
604,TP_k06_03_1,6,exCU, INT, INT009, k06, 19.07.2022," Basytec CTS, SN:CTS.X.13.00.0408", CH18/19, Binder MK240 #Planck, 23°C, 19,4.726724236931411
605,TP_k06_03_1,6,exCU, INT, INT009, k06, 19.07.2022," Basytec CTS, SN:CTS.X.13.00.0408", CH18/19, Binder MK240 #Planck, 23°C, 19,4.726724236931411
606,TP_k06_03_1,7,AT_T45, INT, INT009, k06, 09.10.2022," Basytec CTS, SN:CTS.X.13.00.0408", CH18/19, Binder MK240 #Planck, 45°C, 19,4.773300426928964
607,TP_k06_03_1,7,AT_T23, INT, INT009, k06, 12.10.2022," Basytec CTS, SN:CTS.X.13.00.0408", CH18/19, Binder MK240 #Planck, 23°C, 19,4.69483347955945
608,TP_k06_03_1,7,AT_T10, INT, INT009, k06, 06.10.2022," Basytec CTS, SN:CTS.X.13.00.0408", CH18/19, Binder MK240 #Planck, 10°C, 19,4.618631509251908
609,TP_k06_03_1,7,AT_T45, INT, INT009, k06, 09.10.2022," Basytec CTS, SN:CTS.X.13.00.0408", CH18/19, Binder MK240 #Planck, 45°C, 19,4.773300426928964
610,TP_k06_03_1,7,AT_T23, INT, INT009, k06, 12.10.2022," Basytec CTS, SN:CTS.X.13.00.0408", CH18/19, Binder MK240 #Planck, 23°C, 19,4.69483347955945
611,TP_k06_03_1,7,AT_T10, INT, INT009, k06, 06.10.2022," Basytec CTS, SN:CTS.X.13.00.0408", CH18/19, Binder MK240 #Planck, 10°C, 19,4.618631509251908
612,TP_k06_03_2,1,ET_T45, INT, INT091, TP_k06_03_MKII, 22.01.2023, Basytec CTS.x.13.00.0354, CH28/29, Binder MK240 #Schroedinger, 45, 15,4.951761094517907
613,TP_k06_03_2,1,ET_T23, INT, INT091, TP_k06_03_MKII, 25.01.2023, Basytec CTS.x.13.00.0354, CH28/29, Binder MK240 #Schroedinger, 23, 15,4.853241383059199
614,TP_k06_03_2,1,ET_T10, INT, INT091, TP_k06_03_MKII, 19.01.2023, Basytec CTS.x.13.00.0354, CH28/29, Binder MK240 #Schroedinger, 10, 15,4.750424796656054
615,TP_k06_03_2,2,CU, INT, INT091, TP_k06_03_MKII, 24.04.2023, Basytec CTS.x.13.00.0354, CH28/29, Binder MK240 #Schroedinger, 23, 15,4.767277102926529
616,TP_k06_03_2,3,CU, INT, INT091, TP_k06_03_MKII, 13.06.2023, Basytec CTS.x.13.00.0354, CH28/29, Binder MK240 #Schroedinger, 23, 15,4.740948299576856
617,TP_k06_03_2,4,exCU, INT, INT091, TP_k06_03_MKII, 19.07.2023, Basytec CTS.x.13.00.0354, CH28/29, Binder MK240 #Schroedinger, 23, 15,4.729950124133337
618,TP_k06_03_2,5,CU, INT, INT091, TP_k06_03_MKII, 10.10.2023, Basytec CTS.x.13.00.0354, CH28/29, Binder MK240 #Schroedinger, 23, 15,4.705445004324878
619,TP_k06_03_2,6,exCU, INT, INT091, TP_k06_03_MKII, 13.12.2023, Basytec CTS.x.13.00.0354, CH28/29, Binder MK240 #Schroedinger, 23, 15,4.689519112824961
620,TP_k06_03_2,7,AT_T45, INT, INT091, TP_k06_03_MKII, 23.02.2024, Basytec CTS.x.13.00.0354, CH28/29, Binder MK240 #Schroedinger, 45, 15,4.7723950598767555
621,TP_k06_03_2,7,AT_T23, INT, INT091, TP_k06_03_MKII, 26.02.2024, Basytec CTS.x.13.00.0354, CH28/29, Binder MK240 #Schroedinger, 23, 15,4.6912764176523325
622,TP_k06_03_2,7,AT_T10, INT, INT091, TP_k06_03_MKII, 20.02.2024, Basytec CTS.x.13.00.0354, CH28/29, Binder MK240 #Schroedinger, 10, 15,4.545782335923507
623,TP_k06_04_1,1,ET_T45, INT, INT052, k06, 04.10.2021," Basytec CTS, SN:CTS.X.13.00.0354", CH14/15, Binder MK240 #Schroedinger, 45°C, 18,4.928873733322984
624,TP_k06_04_1,1,ET_T23, INT, INT052, k06, 07.10.2021," Basytec CTS, SN:CTS.X.13.00.0354", CH14/15, Binder MK240 #Schroedinger, 23°C, 18,4.82552535064502
625,TP_k06_04_1,1,ET_T10, INT, INT052, k06, 30.09.2021," Basytec CTS, SN:CTS.X.13.00.0354", CH14/15, Binder MK240 #Schroedinger, 10°C, 18,4.687903613077173
626,TP_k06_04_1,2,AT_T45, INT, INT052, k06, 09.10.2022," Basytec CTS, SN:CTS.X.13.00.0354", CH14/15, Binder MK240 #Schroedinger, 45°C, 18,4.815711824163681
627,TP_k06_04_1,2,AT_T23, INT, INT052, k06, 12.10.2022," Basytec CTS, SN:CTS.X.13.00.0354", CH14/15, Binder MK240 #Schroedinger, 23°C, 18,4.733777186678065
628,TP_k06_04_1,2,AT_T10, INT, INT052, k06, 06.10.2022," Basytec CTS, SN:CTS.X.13.00.0354", CH14/15, Binder MK240 #Schroedinger, 10°C, 18,4.641903214964956
629,TP_k06_04_2,1,ET_T45, INT, INT043, TP_k06_04_MKII, 22.01.2023, Basytec CTS.x.13.00.0354, CH30/31, Binder MK240 #Schroedinger, 45, 16,4.954368209276511
630,TP_k06_04_2,1,ET_T23, INT, INT043, TP_k06_04_MKII, 25.01.2023, Basytec CTS.x.13.00.0354, CH30/31, Binder MK240 #Schroedinger, 23, 16,4.8609715224537045
631,TP_k06_04_2,1,ET_T10, INT, INT043, TP_k06_04_MKII, 19.01.2023, Basytec CTS.x.13.00.0354, CH30/31, Binder MK240 #Schroedinger, 10, 16,4.76986705766171
632,TP_k06_04_2,2,AT_T45, INT, INT043, TP_k06_04_MKII, 23.02.2024, Basytec CTS.x13.00.0355, CH00/01, Binder MK240 #Planck, 45, 1,4.794514225827992
633,TP_k06_04_2,2,AT_T23, INT, INT043, TP_k06_04_MKII, 26.02.2024, Basytec CTS.x13.00.0355, CH00/01, Binder MK240 #Planck, 23, 1,4.721543516917491
634,TP_k06_04_2,2,AT_T10, INT, INT043, TP_k06_04_MKII, 20.02.2024, Basytec CTS.x13.00.0355, CH00/01, Binder MK240 #Planck, 10, 1,4.56862445437573
635,TP_k06_05_1,1,ET_T10, INT, INT053, k06, 30.09.2021," Basytec CTS, SN:CTS.X.13.00.0354", CH16/17, Binder MK240 #Schroedinger, 10°C, 19,4.813256913133612
636,TP_k06_05_1,1,ET_T23, INT, INT053, k06, 07.10.2021," Basytec CTS, SN:CTS.X.13.00.0354", CH16/17, Binder MK240 #Schroedinger, 23°C, 19,4.891982213040052
637,TP_k06_05_1,1,ET_T45, INT, INT053, k06, 04.10.2021," Basytec CTS, SN:CTS.X.13.00.0354", CH16/17, Binder MK240 #Schroedinger, 45°C, 19,4.994381675168784
638,TP_k06_05_1,2,AT_T10, INT, INT053, k06, 06.10.2022," Basytec CTS, SN:CTS.X.13.00.0354", CH16/17, Binder MK240 #Schroedinger, 10°C, 19,4.68888270770014
639,TP_k06_05_1,2,AT_T23, INT, INT053, k06, 12.10.2022," Basytec CTS, SN:CTS.X.13.00.0354", CH16/17, Binder MK240 #Schroedinger, 23°C, 19,4.776142287559883
640,TP_k06_05_1,2,AT_T45, INT, INT053, k06, 09.10.2022," Basytec CTS, SN:CTS.X.13.00.0354", CH16/17, Binder MK240 #Schroedinger, 45°C, 19,4.863793364522385
641,TP_k06_05_2,1,ET_T10, INT, INT176, TP_k06_05_MKII, 19.01.2023, Basytec CTS.x13.00.0355, CH00/01, Binder MK240 #Planck, 10, 1,4.735257169184164
642,TP_k06_05_2,1,ET_T23, INT, INT176, TP_k06_05_MKII, 25.01.2023, Basytec CTS.x13.00.0355, CH00/01, Binder MK240 #Planck, 23, 1,4.831622529392616
643,TP_k06_05_2,1,ET_T45, INT, INT176, TP_k06_05_MKII, 22.01.2023, Basytec CTS.x13.00.0355, CH00/01, Binder MK240 #Planck, 45, 1,4.934527015744434
644,TP_k06_05_2,2,AT_T10, INT, INT176, TP_k06_05_MKII, 20.02.2024, Basytec CTS.x13.00.0355, CH02/03, Binder MK240 #Planck, 10, 2,4.573213837659237
645,TP_k06_05_2,2,AT_T23, INT, INT176, TP_k06_05_MKII, 26.02.2024, Basytec CTS.x13.00.0355, CH02/03, Binder MK240 #Planck, 23, 2,4.715432480924794
646,TP_k06_05_2,2,AT_T45, INT, INT176, TP_k06_05_MKII, 23.02.2024, Basytec CTS.x13.00.0355, CH02/03, Binder MK240 #Planck, 45, 2,4.792366078368376
647,TP_k06_06_1,1,ET_T10, INT, INT054, k06, 30.09.2021," Basytec CTS, SN:CTS.X.13.00.0354", CH18/19, Binder MK240 #Schroedinger, 10°C, 21,4.808387924660284
648,TP_k06_06_1,1,ET_T23, INT, INT054, k06, 07.10.2021," Basytec CTS, SN:CTS.X.13.00.0354", CH18/19, Binder MK240 #Schroedinger, 23°C, 21,4.891351890822467
649,TP_k06_06_1,1,ET_T45, INT, INT054, k06, 04.10.2021," Basytec CTS, SN:CTS.X.13.00.0354", CH18/19, Binder MK240 #Schroedinger, 45°C, 21,4.989550717915307
650,TP_k06_06_1,2,AT_T10, INT, INT054, k06, 06.10.2022," Basytec CTS, SN:CTS.X.13.00.0354", CH18/19, Binder MK240 #Schroedinger, 10°C, 21,4.694079358148304
651,TP_k06_06_1,2,AT_T23, INT, INT054, k06, 12.10.2022," Basytec CTS, SN:CTS.X.13.00.0354", CH18/19, Binder MK240 #Schroedinger, 23°C, 21,4.774573619810256
652,TP_k06_06_1,2,AT_T45, INT, INT054, k06, 09.10.2022," Basytec CTS, SN:CTS.X.13.00.0354", CH18/19, Binder MK240 #Schroedinger, 45°C, 21,4.859917276455473
653,TP_k06_06_2,1,ET_T10, INT, INT098, TP_k06_06_MKII, 19.01.2023, Basytec CTS.x13.00.0355, CH02/03, Binder MK240 #Planck, 10, 2,4.777207632740126
654,TP_k06_06_2,1,ET_T23, INT, INT098, TP_k06_06_MKII, 25.01.2023, Basytec CTS.x13.00.0355, CH02/03, Binder MK240 #Planck, 23, 2,4.857797743139128
655,TP_k06_06_2,1,ET_T45, INT, INT098, TP_k06_06_MKII, 22.01.2023, Basytec CTS.x13.00.0355, CH02/03, Binder MK240 #Planck, 45, 2,4.95352848383153
656,TP_k06_06_2,2,AT_T10, INT, INT098, TP_k06_06_MKII, 20.02.2024, Basytec CTS.x13.00.0355, CH04/05, Binder MK240 #Planck, 10, 3,4.579530521789479
657,TP_k06_06_2,2,AT_T23, INT, INT098, TP_k06_06_MKII, 26.02.2024, Basytec CTS.x13.00.0355, CH04/05, Binder MK240 #Planck, 23, 3,4.721585288231208
658,TP_k06_06_2,2,AT_T45, INT, INT098, TP_k06_06_MKII, 23.02.2024, Basytec CTS.x13.00.0355, CH04/05, Binder MK240 #Planck, 45, 3,4.796418596985485
659,TP_k07_01_1,1,ET_T10, HM, HM001, k07, 10.09.21," BaSyTec, SN:1937", CH00, ATT DY200T, 10°C, bottom rear left,4.765381130537055
660,TP_k07_01_1,1,ET_T45, HM, HM001, k07, 12.09.2021," BaSyTec, SN:1937", CH00, ATT DY200T, 45°C, bottom rear left,4.9276471594986315
661,TP_k07_01_1,1,ET_T23, HM, HM001, k07, 17.09.2021," BaSyTec, SN:1937", CH00, ATT DY200T, 23°C, bottom rear left,4.8384749691281925
662,TP_k07_01_1,2,CU, HM, HM001, k07, 02.11.21," BaSyTec, SN:1936", CH24, ATT DY200T, [23]°C, top rear right,4.862599530057231
663,TP_k07_01_1,3,exCU, HM, HM001, k07, 29.11.21," BaSyTec, SN:1936", CH24, ATT DY200T, [23]°C, top rear right,4.855962413882997
664,TP_k07_01_1,4,CU, HM, HM001, k07, 24.01.22," BaSyTec, SN:1936", CH24, ATT DY200T, [23]°C, top rear right,4.83752060154916
665,TP_k07_01_1,5,exCU, HM, HM001, k07, 21.03.22," BaSyTec, SN:1936", CH24, ATT DY200T, [23]°C, top rear right,4.837351063666516
666,TP_k07_01_1,6,CU, HM, HM001, k07, 16.05.22," BaSyTec, SN:1936", CH24, ATT DY200T, [23]°C, top rear right,4.823324963135509
667,TP_k07_01_1,7,exCU, HM, HM001, k07, 18.07.22," BaSyTec, SN:1936", CH24, ATT DY200T, [23]°C, top rear right,4.817070416710879
668,TP_k07_01_1,8,AT_T10, HM, HM001, k07, 28.09.22," BaSyTec, SN:1937", CH00, ATT DY200T, 10°C, bottom rear left,4.708174982131522
669,TP_k07_01_1,8,AT_T23, HM, HM001, k07, 28.09.22," BaSyTec, SN:1937", CH00, ATT DY200T, 23°C, bottom rear left,4.740780625867398
670,TP_k07_01_1,8,AT_T45, HM, HM001, k07, 28.09.22," BaSyTec, SN:1937", CH00, ATT DY200T, 45°C, bottom rear left,4.828170732447681
671,TP_k07_01_2,1,ET_T10, INT, INT003, TP_k07_01_MKII, 19.01.2023, Basytec CTS.x13.00.0355, CH04/05, Binder MK240 #Planck, 10, 3,4.8031040168597166
672,TP_k07_01_2,1,ET_T45, INT, INT003, TP_k07_01_MKII, 22.01.2023, Basytec CTS.x13.00.0355, CH04/05, Binder MK240 #Planck, 45, 3,4.961638304096239
673,TP_k07_01_2,1,ET_T23, INT, INT003, TP_k07_01_MKII, 25.01.2023, Basytec CTS.x13.00.0355, CH04/05, Binder MK240 #Planck, 23, 3,4.871419597335118
674,TP_k07_01_2,2,CU, INT, INT003, TP_k07_01_MKII, 24.04.2023, Basytec CTS.x13.00.0355, CH06/07, Binder MK240 #Planck, 23, 4,4.783808752253751
675,TP_k07_01_2,3,CU, INT, INT003, TP_k07_01_MKII, 13.06.2023, Basytec CTS.x13.00.0355, CH06/07, Binder MK240 #Planck, 23, 4,4.765248148232437
676,TP_k07_01_2,4,exCU, INT, INT003, TP_k07_01_MKII, 19.07.2023, Basytec CTS.x13.00.0355, CH06/07, Binder MK240 #Planck, 23, 4,4.751548981419697
677,TP_k07_01_2,5,CU, INT, INT003, TP_k07_01_MKII, 10.10.2023, Basytec CTS.x13.00.0355, CH06/07, Binder MK240 #Planck, 23, 4,4.723581861746359
678,TP_k07_01_2,6,exCU, INT, INT003, TP_k07_01_MKII, 13.12.2023, Basytec CTS.x13.00.0355, CH06/07, Binder MK240 #Planck, 23, 4,4.707681271424338
679,TP_k07_01_2,7,AT_T10, INT, INT003, TP_k07_01_MKII, 20.02.2024, Basytec CTS.x13.00.0355, CH06/07, Binder MK240 #Planck, 10, 4,4.571457112456862
680,TP_k07_01_2,7,AT_T45, INT, INT003, TP_k07_01_MKII, 23.02.2024, Basytec CTS.x13.00.0355, CH06/07, Binder MK240 #Planck, 45, 4,4.768598099457935
681,TP_k07_01_2,7,AT_T23, INT, INT003, TP_k07_01_MKII, 26.02.2024, Basytec CTS.x13.00.0355, CH06/07, Binder MK240 #Planck, 23, 4,4.697914609528381
682,TP_k07_02_1,1,ET_T10, HM, HM002, k07, 10.09.21," BaSyTec, SN:1937", CH01, ATT DY200T, 10°C, bottom rear left,4.774873271566349
683,TP_k07_02_1,1,ET_T45, HM, HM002, k07, 12.09.2021," BaSyTec, SN:1937", CH01, ATT DY200T, 45°C, bottom rear left,4.95297757026865
684,TP_k07_02_1,1,ET_T23, HM, HM002, k07, 17.09.2021," BaSyTec, SN:1937", CH01, ATT DY200T, 23°C, bottom rear left,4.864393716123892
685,TP_k07_02_1,2,CU, HM, HM002, k07, 02.11.21," BaSyTec, SN:1936", CH25, ATT DY200T, [23]°C, top rear right,4.894146191570942
686,TP_k07_02_1,3,exCU, HM, HM002, k07, 29.11.21," BaSyTec, SN:1936", CH25, ATT DY200T, [23]°C, top rear right,4.88950922273748
687,TP_k07_02_1,4,CU, HM, HM002, k07, 24.01.22," BaSyTec, SN:1936", CH25, ATT DY200T, [23]°C, top rear right,4.8768645486845115
688,TP_k07_02_1,5,exCU, HM, HM002, k07, 21.03.22," BaSyTec, SN:1936", CH25, ATT DY200T, [23]°C, top rear right,4.8735195479170255
689,TP_k07_02_1,6,CU, HM, HM002, k07, 16.05.22," BaSyTec, SN:1936", CH25, ATT DY200T, [23]°C, top rear right,4.858797590675053
690,TP_k07_02_1,7,exCU, HM, HM002, k07, 18.07.22," BaSyTec, SN:1936", CH25, ATT DY200T, [23]°C, top rear right,4.852528698600803
691,TP_k07_02_1,8,AT_T10, HM, HM002, k07, 28.09.22," BaSyTec, SN:1937", CH01, ATT DY200T, 10°C, bottom rear left,4.736795717473381
692,TP_k07_02_1,8,AT_T23, HM, HM002, k07, 28.09.22," BaSyTec, SN:1937", CH01, ATT DY200T, 23°C, bottom rear left,4.776870263684453
693,TP_k07_02_1,8,AT_T45, HM, HM002, k07, 28.09.22," BaSyTec, SN:1937", CH01, ATT DY200T, 45°C, bottom rear left,4.858366916310823
694,TP_k07_02_2,1,ET_T10, INT, INT045, TP_k07_02_MKII, 19.01.2023, Basytec CTS.x13.00.0355, CH06/07, Binder MK240 #Planck, 10, 4,4.772509324140103
695,TP_k07_02_2,1,ET_T45, INT, INT045, TP_k07_02_MKII, 22.01.2023, Basytec CTS.x13.00.0355, CH06/07, Binder MK240 #Planck, 45, 4,4.943436288995748
696,TP_k07_02_2,1,ET_T23, INT, INT045, TP_k07_02_MKII, 25.01.2023, Basytec CTS.x13.00.0355, CH06/07, Binder MK240 #Planck, 23, 4,4.848459908245682
697,TP_k07_02_2,2,CU, INT, INT045, TP_k07_02_MKII, 24.04.2023, Basytec CTS.x13.00.0355, CH10/11, Binder MK240 #Planck, 23, 6,4.764582807799897
698,TP_k07_02_2,3,CU, INT, INT045, TP_k07_02_MKII, 13.06.2023, Basytec CTS.x13.00.0355, CH10/11, Binder MK240 #Planck, 23, 6,4.746628147657432
699,TP_k07_02_2,4,exCU, INT, INT045, TP_k07_02_MKII, 19.07.2023, Basytec CTS.x13.00.0355, CH10/11, Binder MK240 #Planck, 23, 6,4.738461183919835
700,TP_k07_02_2,5,CU, INT, INT045, TP_k07_02_MKII, 10.10.2023, Basytec CTS.x13.00.0355, CH10/11, Binder MK240 #Planck, 23, 6,4.711168234884395
701,TP_k07_02_2,6,exCU, INT, INT045, TP_k07_02_MKII, 13.12.2023, Basytec CTS.x13.00.0355, CH10/11, Binder MK240 #Planck, 23, 6,4.6934011501365624
702,TP_k07_02_2,7,AT_T10, INT, INT045, TP_k07_02_MKII, 20.02.2024, Basytec CTS.x13.00.0355, CH10/11, Binder MK240 #Planck, 10, 6,4.578382372368805
703,TP_k07_02_2,7,AT_T45, INT, INT045, TP_k07_02_MKII, 23.02.2024, Basytec CTS.x13.00.0355, CH10/11, Binder MK240 #Planck, 45, 6,4.767547690075415
704,TP_k07_02_2,7,AT_T23, INT, INT045, TP_k07_02_MKII, 26.02.2024, Basytec CTS.x13.00.0355, CH10/11, Binder MK240 #Planck, 23, 6,4.6955114170471415
705,TP_k07_03_1,1,ET_T23, HM, HM003, k07, 17.09.2021," BaSyTec, SN:1937", CH02, ATT DY200T, 23°C, bottom rear mittig,4.845167017485285
706,TP_k07_03_1,1,ET_T45, HM, HM003, k07, 12.09.2021," BaSyTec, SN:1937", CH02, ATT DY200T, 45°C, bottom rear mittig,4.937847184541306
707,TP_k07_03_1,1,ET_T10, HM, HM003, k07, 10.09.21," BaSyTec, SN:1937", CH02, ATT DY200T, 10°C, bottom rear mittig,4.770949691974634
708,TP_k07_03_1,2,CU, HM, HM003, k07, 02.11.21," BaSyTec, SN:1936", CH26, ATT DY200T, [23]°C, top rear mittig,4.876587622669687
709,TP_k07_03_1,3,exCU, HM, HM003, k07, 29.11.21," BaSyTec, SN:1936", CH26, ATT DY200T, [23]°C, top rear mittig,4.874251336678526
710,TP_k07_03_1,4,CU, HM, HM003, k07, 24.01.22," BaSyTec, SN:1936", CH26, ATT DY200T, [23]°C, top rear mittig,4.859670854989144
711,TP_k07_03_1,5,exCU, HM, HM003, k07, 21.03.22," BaSyTec, SN:1936", CH26, ATT DY200T, [23]°C, top rear mittig,4.858607771493638
712,TP_k07_03_1,6,CU, HM, HM003, k07, 16.05.22," BaSyTec, SN:1936", CH26, ATT DY200T, [23]°C, top rear mittig,4.842760560258661
713,TP_k07_03_1,7,exCU, HM, HM003, k07, 18.07.22," BaSyTec, SN:1936", CH26, ATT DY200T, [23]°C, top rear mittig,4.83478366100487
714,TP_k07_03_1,8,AT_T45, HM, HM003, k07, 28.09.22," BaSyTec, SN:1937", CH02, ATT DY200T, 45°C, bottom rear mittig,4.8392310793107125
715,TP_k07_03_1,8,AT_T23, HM, HM003, k07, 28.09.22," BaSyTec, SN:1937", CH02, ATT DY200T, 23°C, bottom rear mittig,4.743217241487701
716,TP_k07_03_1,8,AT_T10, HM, HM003, k07, 28.09.22," BaSyTec, SN:1937", CH02, ATT DY200T, 10°C, bottom rear mittig,4.710582529126298
717,TP_k07_03_2,1,ET_T23, INT, INT080, TP_k07_03_MKII, 25.01.2023, Basytec CTS.x13.00.0355, CH08/09, Binder MK240 #Planck, 23, 5,4.850626407471126
718,TP_k07_03_2,1,ET_T45, INT, INT080, TP_k07_03_MKII, 22.01.2023, Basytec CTS.x13.00.0355, CH08/09, Binder MK240 #Planck, 45, 5,4.944600436157392
719,TP_k07_03_2,1,ET_T10, INT, INT080, TP_k07_03_MKII, 19.01.2023, Basytec CTS.x13.00.0355, CH08/09, Binder MK240 #Planck, 10, 5,4.768850067728043
720,TP_k07_03_2,2,CU, INT, INT080, TP_k07_03_MKII, 24.04.2023, Basytec CTS.x13.00.0355, CH12/13, Binder MK240 #Planck, 23, 7,4.7642009509921035
721,TP_k07_03_2,3,CU, INT, INT080, TP_k07_03_MKII, 13.06.2023, Basytec CTS.x13.00.0355, CH12/13, Binder MK240 #Planck, 23, 7,4.7464552642137665
722,TP_k07_03_2,4,exCU, INT, INT080, TP_k07_03_MKII, 19.07.2023, Basytec CTS.x13.00.0355, CH12/13, Binder MK240 #Planck, 23, 7,4.734062524253977
723,TP_k07_03_2,5,CU, INT, INT080, TP_k07_03_MKII, 10.10.2023, Basytec CTS.x13.00.0355, CH12/13, Binder MK240 #Planck, 23, 7,4.7068269488733705
724,TP_k07_03_2,6,exCU, INT, INT080, TP_k07_03_MKII, 13.12.2023, Basytec CTS.x13.00.0355, CH12/13, Binder MK240 #Planck, 23, 7,4.689819483507208
725,TP_k07_03_2,7,AT_T23, INT, INT080, TP_k07_03_MKII, 26.02.2024, Basytec CTS.x13.00.0355, CH12/13, Binder MK240 #Planck, 23, 7,4.686621476102303
726,TP_k07_03_2,7,AT_T45, INT, INT080, TP_k07_03_MKII, 23.02.2024, Basytec CTS.x13.00.0355, CH12/13, Binder MK240 #Planck, 45, 7,4.760186905527258
727,TP_k07_03_2,7,AT_T10, INT, INT080, TP_k07_03_MKII, 20.02.2024, Basytec CTS.x13.00.0355, CH12/13, Binder MK240 #Planck, 10, 7,4.554222346849491
728,TP_k07_04_1,1,ET_T23, HM, HM016, k07, 17.09.2021," BaSyTec, SN:1937", CH11, ATT DY200T, 23°C, bottom front mittig,4.886493568785341
729,TP_k07_04_1,1,ET_T45, HM, HM016, k07, 12.09.2021," BaSyTec, SN:1937", CH11, ATT DY200T, 45°C, bottom front mittig,4.997378727646193
730,TP_k07_04_1,1,ET_T10, HM, HM016, k07, 10.09.21," BaSyTec, SN:1937", CH11, ATT DY200T, 10°C, bottom front mittig,4.8357148363001405
731,TP_k07_04_1,2,AT_T23, HM, HM016, k07, 28.09.22," BaSyTec, SN:1937", CH11, ATT DY200T, 23°C, bottom front mittig,4.828521925855356
732,TP_k07_04_1,2,AT_T45, HM, HM016, k07, 28.09.22," BaSyTec, SN:1937", CH11, ATT DY200T, 45°C, bottom front mittig,4.927868142123111
733,TP_k07_04_1,2,AT_T10, HM, HM016, k07, 28.09.22," BaSyTec, SN:1937", CH11, ATT DY200T, 10°C, bottom front mittig,4.777492718695006
734,TP_k07_04_2,1,ET_T23, INT, INT134, TP_k07_04_MKII, 25.01.2023, Basytec CTS.x13.00.0355, CH10/11, Binder MK240 #Planck, 23, 6,4.842790256895893
735,TP_k07_04_2,1,ET_T45, INT, INT134, TP_k07_04_MKII, 22.01.2023, Basytec CTS.x13.00.0355, CH10/11, Binder MK240 #Planck, 45, 6,4.942323725301462
736,TP_k07_04_2,1,ET_T10, INT, INT134, TP_k07_04_MKII, 19.01.2023, Basytec CTS.x13.00.0355, CH10/11, Binder MK240 #Planck, 10, 6,4.753166798873002
737,TP_k07_04_2,2,AT_T23, INT, INT134, TP_k07_04_MKII, 26.02.2024, Basytec CTS.x13.00.0355, CH14/15, Binder MK240 #Planck, 23, 8,4.717306480245998
738,TP_k07_04_2,2,AT_T45, INT, INT134, TP_k07_04_MKII, 23.02.2024, Basytec CTS.x13.00.0355, CH14/15, Binder MK240 #Planck, 45, 8,4.794079245178048
739,TP_k07_04_2,2,AT_T10, INT, INT134, TP_k07_04_MKII, 20.02.2024, Basytec CTS.x13.00.0355, CH14/15, Binder MK240 #Planck, 10, 8,4.5626752274700335
740,TP_k07_05_1,1,ET_T10, HM, HM017, k07, 10.09.21," BaSyTec, SN:1937", CH12, ATT DY200T, 10°C, bottom front mittig,4.841878408307251
741,TP_k07_05_1,1,ET_T45, HM, HM017, k07, 12.09.2021," BaSyTec, SN:1937", CH12, ATT DY200T, 45°C, bottom front mittig,4.9933468527772895
742,TP_k07_05_1,1,ET_T23, HM, HM017, k07, 17.09.2021," BaSyTec, SN:1937", CH12, ATT DY200T, 23°C, bottom front mittig,4.881446308778244
743,TP_k07_05_1,2,AT_T10, HM, HM017, k07, 28.09.22," BaSyTec, SN:1937", CH12, ATT DY200T, 10°C, bottom front mittig,4.7797525315307485
744,TP_k07_05_1,2,AT_T45, HM, HM017, k07, 28.09.22," BaSyTec, SN:1937", CH12, ATT DY200T, 45°C, bottom front mittig,4.9205824183770135
745,TP_k07_05_1,2,AT_T23, HM, HM017, k07, 28.09.22," BaSyTec, SN:1937", CH12, ATT DY200T, 23°C, bottom front mittig,4.833190436311864
746,TP_k07_05_2,1,ET_T10, INT, INT052, TP_k07_05_MKII, 19.01.2023, Basytec CTS.x13.00.0355, CH12/13, Binder MK240 #Planck, 10, 7,4.756811424728095
747,TP_k07_05_2,1,ET_T45, INT, INT052, TP_k07_05_MKII, 22.01.2023, Basytec CTS.x13.00.0355, CH12/13, Binder MK240 #Planck, 45, 7,4.940733777376118
748,TP_k07_05_2,1,ET_T23, INT, INT052, TP_k07_05_MKII, 25.01.2023, Basytec CTS.x13.00.0355, CH12/13, Binder MK240 #Planck, 23, 7,4.847314043640633
749,TP_k07_05_2,2,AT_T10, INT, INT052, TP_k07_05_MKII, 20.02.2024, Basytec CTS.x13.00.0355, CH16/17, Binder MK240 #Planck, 10, 9,4.5743677963010825
750,TP_k07_05_2,2,AT_T45, INT, INT052, TP_k07_05_MKII, 23.02.2024, Basytec CTS.x13.00.0355, CH16/17, Binder MK240 #Planck, 45, 9,4.791113750636081
751,TP_k07_05_2,2,AT_T23, INT, INT052, TP_k07_05_MKII, 26.02.2024, Basytec CTS.x13.00.0355, CH16/17, Binder MK240 #Planck, 23, 9,4.719740971046731
752,TP_k07_06_1,1,ET_T10, HM, HM018, k07, 10.09.21," BaSyTec, SN:1937", CH13, ATT DY200T, 10°C, bottom front mittig,4.84801280426934
753,TP_k07_06_1,1,ET_T45, HM, HM018, k07, 12.09.2021," BaSyTec, SN:1937", CH13, ATT DY200T, 45°C, bottom front mittig,4.99590626584175
754,TP_k07_06_1,1,ET_T23, HM, HM018, k07, 17.09.2021," BaSyTec, SN:1937", CH13, ATT DY200T, 23°C, bottom front mittig,4.8915635847644126
755,TP_k07_06_1,2,AT_T10, HM, HM018, k07, 28.09.22," BaSyTec, SN:1937", CH13, ATT DY200T, 10°C, bottom front mittig,4.7636468189527506
756,TP_k07_06_1,2,AT_T45, HM, HM018, k07, 28.09.22," BaSyTec, SN:1937", CH13, ATT DY200T, 45°C, bottom front mittig,4.928424783176352
757,TP_k07_06_1,2,AT_T23, HM, HM018, k07, 28.09.22," BaSyTec, SN:1937", CH13, ATT DY200T, 23°C, bottom front mittig,4.8294922838069
758,TP_k07_06_2,1,ET_T10, INT, INT153, TP_k07_06_MKII, 19.01.2023, Basytec CTS.x13.00.0355, CH14/15, Binder MK240 #Planck, 10, 8,4.721272713727355
759,TP_k07_06_2,1,ET_T45, INT, INT153, TP_k07_06_MKII, 22.01.2023, Basytec CTS.x13.00.0355, CH14/15, Binder MK240 #Planck, 45, 8,4.929813954476261
760,TP_k07_06_2,1,ET_T23, INT, INT153, TP_k07_06_MKII, 25.01.2023, Basytec CTS.x13.00.0355, CH14/15, Binder MK240 #Planck, 23, 8,4.829147337610216
761,TP_k07_06_2,2,AT_T10, INT, INT153, TP_k07_06_MKII, 20.02.2024, Basytec CTS.x13.00.0355, CH18/19, Binder MK240 #Planck, 10, 10,4.543272399448517
762,TP_k07_06_2,2,AT_T45, INT, INT153, TP_k07_06_MKII, 23.02.2024, Basytec CTS.x13.00.0355, CH18/19, Binder MK240 #Planck, 45, 10,4.775643998417777
763,TP_k07_06_2,2,AT_T23, INT, INT153, TP_k07_06_MKII, 26.02.2024, Basytec CTS.x13.00.0355, CH18/19, Binder MK240 #Planck, 23, 10,4.698945739953912
764,TP_k08_01_1,1,ET_T10, HM, HM004, k08, 10.09.21," BaSyTec, SN:1937", CH22, ATT DY200T, 10°C, top front left,4.854578468527258
765,TP_k08_01_1,1,ET_T45, HM, HM004, k08, 12.09.2021," BaSyTec, SN:1937", CH22, ATT DY200T, 45°C, top front left,5.007510342309934
766,TP_k08_01_1,1,ET_T23, HM, HM004, k08, 17.09.2021," BaSyTec, SN:1937", CH22, ATT DY200T, 23°C, top front left,4.914400802086824
767,TP_k08_01_1,2,CU, HM, HM004, k08, 02.11.21," BaSyTec, SN:1936", CH27, ATT DY200T, [23]°C, top rear mittig,4.894301138956944
768,TP_k08_01_1,3,exCU, HM, HM004, k08, 29.11.21," BaSyTec, SN:1936", CH27, ATT DY200T, [23]°C, top rear mittig,4.8847749793033035
769,TP_k08_01_1,4,CU, HM, HM004, k08, 24.01.22," BaSyTec, SN:1936", CH27, ATT DY200T, [23]°C, top rear mittig,4.857478771675165
770,TP_k08_01_1,5,exCU, HM, HM004, k08, 21.03.22," BaSyTec, SN:1936", CH27, ATT DY200T, [23]°C, top rear mittig,4.8512983067735025
771,TP_k08_01_1,6,CU, HM, HM004, k08, 16.05.22," BaSyTec, SN:1936", CH27, ATT DY200T, [23]°C, top rear mittig,4.832865254484322
772,TP_k08_01_1,7,exCU, HM, HM004, k08, 18.07.22," BaSyTec, SN:1936", CH27, ATT DY200T, [23]°C, top rear mittig,4.816898818771972
773,TP_k08_01_1,8,AT_T10, HM, HM004, k08, 28.09.22," BaSyTec, SN:1937", CH22, ATT DY200T, 10°C, top front left,4.7156571163007435
774,TP_k08_01_1,8,AT_T23, HM, HM004, k08, 28.09.22," BaSyTec, SN:1937", CH22, ATT DY200T, 23°C, top front left,4.7640200526134
775,TP_k08_01_1,8,AT_T45, HM, HM004, k08, 28.09.22," BaSyTec, SN:1937", CH22, ATT DY200T, 45°C, top front left,4.847809216383526
776,TP_k08_01_2,1,ET_T10, HM, TP_k08_01, k08, 06.12.22," BaSyTec, SN:1937", CH00, ATT DY200T, 10°C, top rear left,4.717774300872973
777,TP_k08_01_2,1,ET_T45, HM, TP_k08_01, k08, 08.12.2022," BaSyTec, SN:1937", CH00, ATT DY200T, 45°C, top rear left,4.9497442563910425
778,TP_k08_01_2,1,ET_T23, HM, TP_k08_01, k08, 11.12.2022," BaSyTec, SN:1937", CH00, ATT DY200T, 23°C, top rear left,4.85655585934618
779,TP_k08_01_2,2,CU, HM, TP_k08_01, k08, 16.01.23," BaSyTec, SN:1936", CH26, ATT DY200T, 23°C, top rear left,4.80546849107185
780,TP_k08_01_2,3,exCU, HM, TP_k08_01, k08, 13.02.23," BaSyTec, SN:1936", CH26, ATT DY200T, 23°C, top rear left,4.80779961148939
781,TP_k08_01_2,4,CU, HM, TP_k08_01, k08, 11.04.23," BaSyTec, SN:1936", CH26, ATT DY200T, 23°C, top rear left,4.774448920606947
782,TP_k08_01_2,5,exCU, HM, TP_k08_01, k08, 12.06.23," BaSyTec, SN:1936", CH26, ATT DY200T, 23°C, top rear left,4.759202743439674
783,TP_k08_01_2,6,CU, HM, TP_k08_01, k08, 07.08.23," BaSyTec, SN:1936", CH26, ATT DY200T, 23°C, top rear left,4.744314563826772
784,TP_k08_01_2,7,exCU, HM, TP_k08_01, k08, 09.10.23," BaSyTec, SN:1936", CH26, ATT DY200T, 23°C, top rear left,4.729851484483784
785,TP_k08_01_2,8,CU, HM, TP_k08_01, k08, 04.12.23," BaSyTec, SN:1936", CH26, ATT DY200T, 23°C, top rear left,4.717264765567964
786,TP_k08_01_2,9,exCU, HM, TP_k08_01, k08, 05.02.24," BaSyTec, SN:1936", CH26, ATT DY200T, 23°C, top rear left,4.70453378431506
787,TP_k08_01_2,10,AT_T23, HM, TP_k08_01, k08, 28.02.24," BaSyTec, SN:1937", CH00, ATT DY200T, 23°C, top rear left,4.727371142338297
788,TP_k08_01_2,10,AT_T45, HM, TP_k08_01, k08, 28.02.24," BaSyTec, SN:1937", CH00, ATT DY200T, 45°C, top rear left,4.7930746230056736
789,TP_k08_01_2,10,AT_T10, HM, TP_k08_01, k08, 28.02.24," BaSyTec, SN:1937", CH00, ATT DY200T, 10°C, top rear left,4.619489195819154
790,TP_k08_02_1,1,ET_T10, HM, HM005, k08, 10.09.21," BaSyTec, SN:1937", CH03, ATT DY200T, 10°C, bottom rear mittig,4.8523324827682845
791,TP_k08_02_1,1,ET_T45, HM, HM005, k08, 12.09.2021," BaSyTec, SN:1937", CH03, ATT DY200T, 45°C, bottom rear mittig,4.999090517447108
792,TP_k08_02_1,1,ET_T23, HM, HM005, k08, 17.09.2021," BaSyTec, SN:1937", CH03, ATT DY200T, 23°C, bottom rear mittig,4.897952283525139
793,TP_k08_02_1,2,CU, HM, HM005, k08, 03.11.21," BaSyTec, SN:1936", CH24, ATT DY200T, [23]°C, top rear right,4.889427043079063
794,TP_k08_02_1,3,exCU, HM, HM005, k08, 01.12.21," BaSyTec, SN:1936", CH24, ATT DY200T, [23]°C, top rear right,4.879091755043218
795,TP_k08_02_1,4,CU, HM, HM005, k08, 25.01.22," BaSyTec, SN:1936", CH24, ATT DY200T, [23]°C, top rear right,4.857523150653577
796,TP_k08_02_1,5,exCU, HM, HM005, k08, 23.03.22," BaSyTec, SN:1936", CH24, ATT DY200T, [23]°C, top rear right,4.842920705419117
797,TP_k08_02_1,6,CU, HM, HM005, k08, 17.05.22," BaSyTec, SN:1936", CH24, ATT DY200T, [23]°C, top rear right,4.82459193306928
798,TP_k08_02_1,7,exCU, HM, HM005, k08, 20.07.22," BaSyTec, SN:1936", CH24, ATT DY200T, [23]°C, top rear right,4.809945103313644
799,TP_k08_02_1,8,AT_T10, HM, HM005, k08, 28.09.22," BaSyTec, SN:1937", CH03, ATT DY200T, 10°C, bottom rear mittig,4.704445210042614
800,TP_k08_02_1,8,AT_T23, HM, HM005, k08, 28.09.22," BaSyTec, SN:1937", CH03, ATT DY200T, 23°C, bottom rear mittig,4.734075386242214
801,TP_k08_02_1,8,AT_T45, HM, HM005, k08, 28.09.22," BaSyTec, SN:1937", CH03, ATT DY200T, 45°C, bottom rear mittig,4.82150550603579
802,TP_k08_02_2,1,ET_T10, HM, TP_k08_02, k08, 06.12.22," BaSyTec, SN:1937", CH01, ATT DY200T, 10°C, top rear left,4.718007237248802
803,TP_k08_02_2,1,ET_T45, HM, TP_k08_02, k08, 08.12.2022," BaSyTec, SN:1937", CH01, ATT DY200T, 45°C, top rear left,4.946774699902358
804,TP_k08_02_2,1,ET_T23, HM, TP_k08_02, k08, 11.12.2022," BaSyTec, SN:1937", CH01, ATT DY200T, 23°C, top rear left,4.858237956583511
805,TP_k08_02_2,2,CU, HM, TP_k08_02, k08, 16.01.23," BaSyTec, SN:1936", CH27, ATT DY200T, 23°C, top rear left,4.7906512096421805
806,TP_k08_02_2,3,exCU, HM, TP_k08_02, k08, 13.02.23," BaSyTec, SN:1936", CH27, ATT DY200T, 23°C, top rear left,4.7683049083349776
807,TP_k08_02_2,4,CU, HM, TP_k08_02, k08, 11.04.23," BaSyTec, SN:1936", CH27, ATT DY200T, 23°C, top rear left,4.7484373919724945
808,TP_k08_02_2,5,exCU, HM, TP_k08_02, k08, 12.06.23," BaSyTec, SN:1936", CH27, ATT DY200T, 23°C, top rear left,4.73258255567735
809,TP_k08_02_2,6,CU, HM, TP_k08_02, k08, 07.08.23," BaSyTec, SN:1936", CH27, ATT DY200T, 23°C, top rear left,4.715084893015835
810,TP_k08_02_2,7,exCU, HM, TP_k08_02, k08, 09.10.23," BaSyTec, SN:1936", CH27, ATT DY200T, 23°C, top rear left,4.701581723712996
811,TP_k08_02_2,8,CU, HM, TP_k08_02, k08, 04.12.23," BaSyTec, SN:1936", CH27, ATT DY200T, 23°C, top rear left,4.68430970734393
812,TP_k08_02_2,9,exCU, HM, TP_k08_02, k08, 05.02.24," BaSyTec, SN:1936", CH27, ATT DY200T, 23°C, top rear left,4.672343963860123
813,TP_k08_02_2,10,AT_T23, HM, TP_k08_02, k08, 28.02.24," BaSyTec, SN:1937", CH01, ATT DY200T, 23°C, top rear left,4.682343615039924
814,TP_k08_02_2,10,AT_T45, HM, TP_k08_02, k08, 28.02.24," BaSyTec, SN:1937", CH01, ATT DY200T, 45°C, top rear left,4.7597326265252295
815,TP_k08_02_2,10,AT_T10, HM, TP_k08_02, k08, 28.02.24," BaSyTec, SN:1937", CH01, ATT DY200T, 10°C, top rear left,4.591734023015004
816,TP_k08_03_1,1,ET_T23, HM, HM006, k08, 17.09.2021," BaSyTec, SN:1937", CH04, ATT DY200T, 23°C, bottom rear mittig,4.8931651326283685
817,TP_k08_03_1,1,ET_T45, HM, HM006, k08, 12.09.2021," BaSyTec, SN:1937", CH04, ATT DY200T, 45°C, bottom rear mittig,4.998443050153604
818,TP_k08_03_1,1,ET_T10, HM, HM006, k08, 10.09.21," BaSyTec, SN:1937", CH04, ATT DY200T, 10°C, bottom rear mittig,4.857024539564046
819,TP_k08_03_1,2,CU, HM, HM006, k08, 03.11.21," BaSyTec, SN:1936", CH25, ATT DY200T, [23]°C, top rear right,4.887325440817271
820,TP_k08_03_1,3,exCU, HM, HM006, k08, 01.12.21," BaSyTec, SN:1936", CH25, ATT DY200T, [23]°C, top rear right,4.882947480252973
821,TP_k08_03_1,4,CU, HM, HM006, k08, 25.01.22," BaSyTec, SN:1936", CH25, ATT DY200T, [23]°C, top rear right,4.857713249437825
822,TP_k08_03_1,5,exCU, HM, HM006, k08, 23.03.22," BaSyTec, SN:1936", CH25, ATT DY200T, [23]°C, top rear right,4.841657472774047
823,TP_k08_03_1,6,CU, HM, HM006, k08, 17.05.22," BaSyTec, SN:1936", CH25, ATT DY200T, [23]°C, top rear right,4.823506028617448
824,TP_k08_03_1,7,exCU, HM, HM006, k08, 20.07.22," BaSyTec, SN:1936", CH25, ATT DY200T, [23]°C, top rear right,4.808632916041438
825,TP_k08_03_1,8,AT_T45, HM, HM006, k08, 28.09.22," BaSyTec, SN:1937", CH04, ATT DY200T, 45°C, bottom rear mittig,4.830184184764882
826,TP_k08_03_1,8,AT_T23, HM, HM006, k08, 28.09.22," BaSyTec, SN:1937", CH04, ATT DY200T, 23°C, bottom rear mittig,4.736525788286235
827,TP_k08_03_1,8,AT_T10, HM, HM006, k08, 28.09.22," BaSyTec, SN:1937", CH04, ATT DY200T, 10°C, bottom rear mittig,4.703682275174423
828,TP_k08_03_2,1,ET_T23, HM, TP_k08_03, k08, 11.12.2022," BaSyTec, SN:1937", CH02, ATT DY200T, 23°C, top rear mittig,4.8524197636742255
829,TP_k08_03_2,1,ET_T45, HM, TP_k08_03, k08, 08.12.2022," BaSyTec, SN:1937", CH02, ATT DY200T, 45°C, top rear mittig,4.9422091654369495
830,TP_k08_03_2,1,ET_T10, HM, TP_k08_03, k08, 06.12.22," BaSyTec, SN:1937", CH02, ATT DY200T, 10°C, top rear mittig,4.70460275609766
831,TP_k08_03_2,2,CU, HM, TP_k08_03, k08, 16.01.23," BaSyTec, SN:1936", CH28, ATT DY200T, 23°C, top rear mittig,4.8229574284689605
832,TP_k08_03_2,3,exCU, HM, TP_k08_03, k08, 13.02.23," BaSyTec, SN:1936", CH28, ATT DY200T, 23°C, top rear mittig,4.788983417119427
833,TP_k08_03_2,4,CU, HM, TP_k08_03, k08, 11.04.23," BaSyTec, SN:1936", CH28, ATT DY200T, 23°C, top rear mittig,4.760319564877718
834,TP_k08_03_2,5,exCU, HM, TP_k08_03, k08, 12.06.23," BaSyTec, SN:1936", CH28, ATT DY200T, 23°C, top rear mittig,4.747737931640699
835,TP_k08_03_2,6,CU, HM, TP_k08_03, k08, 07.08.23," BaSyTec, SN:1936", CH28, ATT DY200T, 23°C, top rear mittig,4.730622304502809
836,TP_k08_03_2,7,exCU, HM, TP_k08_03, k08, 09.10.23," BaSyTec, SN:1936", CH28, ATT DY200T, 23°C, top rear mittig,4.7156959271000805
837,TP_k08_03_2,8,CU, HM, TP_k08_03, k08, 04.12.23," BaSyTec, SN:1936", CH28, ATT DY200T, 23°C, top rear mittig,4.7015106769537685
838,TP_k08_03_2,9,exCU, HM, TP_k08_03, k08, 05.02.24," BaSyTec, SN:1936", CH28, ATT DY200T, 23°C, top rear mittig,4.68720744358439
839,TP_k08_03_2,10,AT_T10, HM, TP_k08_03, k08, 28.02.24," BaSyTec, SN:1937", CH02, ATT DY200T, 10°C, top rear mittig,4.5949712723951315
840,TP_k08_03_2,10,AT_T45, HM, TP_k08_03, k08, 28.02.24," BaSyTec, SN:1937", CH02, ATT DY200T, 45°C, top rear mittig,4.76654882367837
841,TP_k08_03_2,10,AT_T23, HM, TP_k08_03, k08, 28.02.24," BaSyTec, SN:1937", CH02, ATT DY200T, 23°C, top rear mittig,4.686518087249196
842,TP_k08_04_1,1,ET_T23, HM, HM019, k08, 17.09.2021," BaSyTec, SN:1937", CH26, ATT DY200T, 23°C, top front mittig,4.904260540523312
843,TP_k08_04_1,1,ET_T45, HM, HM019, k08, 12.09.2021," BaSyTec, SN:1937", CH26, ATT DY200T, 45°C, top front mittig,5.002704541170809
844,TP_k08_04_1,1,ET_T10, HM, HM019, k08, 10.09.21," BaSyTec, SN:1937", CH26, ATT DY200T, 10°C, top front mittig,4.86331391948253
845,TP_k08_04_1,2,AT_T23, HM, HM019, k08, 28.09.22," BaSyTec, SN:1937", CH26, ATT DY200T, 23°C, top front mittig,4.796046686393268
846,TP_k08_04_1,2,AT_T45, HM, HM019, k08, 28.09.22," BaSyTec, SN:1937", CH26, ATT DY200T, 45°C, top front mittig,4.8833553663080504
847,TP_k08_04_1,2,AT_T10, HM, HM019, k08, 28.09.22," BaSyTec, SN:1937", CH26, ATT DY200T, 10°C, top front mittig,4.730883290590872
848,TP_k08_04_2,1,ET_T23, HM, TP_k08_04, k08, 11.12.2022," BaSyTec, SN:1937", CH03, ATT DY200T, 23°C, top rear mittig,4.867599170754436
849,TP_k08_04_2,1,ET_T45, HM, TP_k08_04, k08, 08.12.2022," BaSyTec, SN:1937", CH03, ATT DY200T, 45°C, top rear mittig,4.957413808392264
850,TP_k08_04_2,1,ET_T10, HM, TP_k08_04, k08, 06.12.22," BaSyTec, SN:1937", CH03, ATT DY200T, 10°C, top rear mittig,4.708599663037969
851,TP_k08_04_2,2,AT_T23, HM, TP_k08_04, k08, 28.02.24," BaSyTec, SN:1937", CH03, ATT DY200T, 23°C, top rear mittig,4.730018128202296
852,TP_k08_04_2,2,AT_T45, HM, TP_k08_04, k08, 28.02.24," BaSyTec, SN:1937", CH03, ATT DY200T, 45°C, top rear mittig,4.82348953682909
853,TP_k08_04_2,2,AT_T10, HM, TP_k08_04, k08, 28.02.24," BaSyTec, SN:1937", CH03, ATT DY200T, 10°C, top rear mittig,4.615683108388741
854,TP_k08_05_1,1,ET_T10, HM, HM020, k08, 10.09.21," BaSyTec, SN:1937", CH14, ATT DY200T, 10°C, bottom front right,4.8525603789644896
855,TP_k08_05_1,1,ET_T45, HM, HM020, k08, 12.09.2021," BaSyTec, SN:1937", CH14, ATT DY200T, 45°C, bottom front right,4.992786485420454
856,TP_k08_05_1,1,ET_T23, HM, HM020, k08, 17.09.2021," BaSyTec, SN:1937", CH14, ATT DY200T, 23°C, bottom front right,4.8799068733694995
857,TP_k08_05_1,2,AT_T10, HM, HM020, k08, 28.09.22," BaSyTec, SN:1937", CH14, ATT DY200T, 10°C, bottom front right,4.715515497346821
858,TP_k08_05_1,2,AT_T45, HM, HM020, k08, 28.09.22," BaSyTec, SN:1937", CH14, ATT DY200T, 45°C, bottom front right,4.875996303260444
859,TP_k08_05_1,2,AT_T23, HM, HM020, k08, 28.09.22," BaSyTec, SN:1937", CH14, ATT DY200T, 23°C, bottom front right,4.786341440742476
860,TP_k08_05_2,1,ET_T10, HM, TP_k08_05, k08, 06.12.22," BaSyTec, SN:1937", CH04, ATT DY200T, 10°C, top rear right,4.734465510887675
861,TP_k08_05_2,1,ET_T45, HM, TP_k08_05, k08, 08.12.2022," BaSyTec, SN:1937", CH04, ATT DY200T, 45°C, top rear right,4.944747215631958
862,TP_k08_05_2,1,ET_T23, HM, TP_k08_05, k08, 11.12.2022," BaSyTec, SN:1937", CH04, ATT DY200T, 23°C, top rear right,4.853610586141085
863,TP_k08_05_2,2,AT_T10, HM, TP_k08_05, k08, 28.02.24," BaSyTec, SN:1937", CH04, ATT DY200T, 10°C, top rear right,4.6382040886765115
864,TP_k08_05_2,2,AT_T45, HM, TP_k08_05, k08, 28.02.24," BaSyTec, SN:1937", CH04, ATT DY200T, 45°C, top rear right,4.829917375249669
865,TP_k08_05_2,2,AT_T23, HM, TP_k08_05, k08, 28.02.24," BaSyTec, SN:1937", CH04, ATT DY200T, 23°C, top rear right,4.7443830463624925
866,TP_k08_06_1,1,ET_T10, HM, HM021, k08, 10.09.21," BaSyTec, SN:1937", CH15, ATT DY200T, 10°C, bottom front right,4.803349822308849
867,TP_k08_06_1,1,ET_T45, HM, HM021, k08, 12.09.2021," BaSyTec, SN:1937", CH15, ATT DY200T, 45°C, bottom front right,4.957250457917757
868,TP_k08_06_1,1,ET_T23, HM, HM021, k08, 17.09.2021," BaSyTec, SN:1937", CH15, ATT DY200T, 23°C, bottom front right,4.85575022571988
869,TP_k08_06_1,2,AT_T10, HM, HM021, k08, 28.09.22," BaSyTec, SN:1937", CH15, ATT DY200T, 10°C, bottom front right,4.707856503903408
870,TP_k08_06_1,2,AT_T45, HM, HM021, k08, 28.09.22," BaSyTec, SN:1937", CH15, ATT DY200T, 45°C, bottom front right,4.859973485078877
871,TP_k08_06_1,2,AT_T23, HM, HM021, k08, 28.09.22," BaSyTec, SN:1937", CH15, ATT DY200T, 23°C, bottom front right,4.773013224844882
872,TP_k08_06_2,1,ET_T10, HM, TP_k08_06, k08, 06.12.22," BaSyTec, SN:1937", CH05, ATT DY200T, 10°C, top rear right,4.713121176055268
873,TP_k08_06_2,1,ET_T45, HM, TP_k08_06, k08, 08.12.2022," BaSyTec, SN:1937", CH05, ATT DY200T, 45°C, top rear right,4.929628961823061
874,TP_k08_06_2,1,ET_T23, HM, TP_k08_06, k08, 11.12.2022," BaSyTec, SN:1937", CH05, ATT DY200T, 23°C, top rear right,4.839439314819758
875,TP_k08_06_2,2,AT_T10, HM, TP_k08_06, k08, 28.02.24," BaSyTec, SN:1937", CH05, ATT DY200T, 10°C, top rear right,4.64671887501766
876,TP_k08_06_2,2,AT_T45, HM, TP_k08_06, k08, 28.02.24," BaSyTec, SN:1937", CH05, ATT DY200T, 45°C, top rear right,4.8319951822944756
877,TP_k08_06_2,2,AT_T23, HM, TP_k08_06, k08, 28.02.24," BaSyTec, SN:1937", CH05, ATT DY200T, 23°C, top rear right,4.74792992086995
878,TP_k09_01_1,1,ET_T10, HM, HM007, k09, 10.09.21," BaSyTec, SN:1937", CH23, ATT DY200T, 10°C, top front left,4.773030948878427
879,TP_k09_01_1,1,ET_T23, HM, HM007, k09, 17.09.2021," BaSyTec, SN:1937", CH23, ATT DY200T, 23°C, top front left,4.849045544771471
880,TP_k09_01_1,1,ET_T45, HM, HM007, k09, 12.09.2021," BaSyTec, SN:1937", CH23, ATT DY200T, 45°C, top front left,4.935721477058477
881,TP_k09_01_1,2,CU, HM, HM007, k09, 02.11.21," BaSyTec, SN:1936", CH28, ATT DY200T, [23]°C, top rear mittig,4.783870810294431
882,TP_k09_01_1,3,exCU, HM, HM007, k09, 29.11.21," BaSyTec, SN:1936", CH28, ATT DY200T, [23]°C, top rear mittig,4.750739474831844
883,TP_k09_01_1,4,CU, HM, HM007, k09, 24.01.22," BaSyTec, SN:1936", CH28, ATT DY200T, [23]°C, top rear mittig,4.711129471385878
884,TP_k09_01_1,5,exCU, HM, HM007, k09, 21.03.22," BaSyTec, SN:1936", CH28, ATT DY200T, [23]°C, top rear mittig,4.69475639367046
885,TP_k09_01_1,6,CU, HM, HM007, k09, 16.05.22," BaSyTec, SN:1936", CH28, ATT DY200T, [23]°C, top rear mittig,4.658586319200026
886,TP_k09_01_1,7,exCU, HM, HM007, k09, 18.07.22," BaSyTec, SN:1936", CH28, ATT DY200T, [23]°C, top rear mittig,4.628246832017345
887,TP_k09_01_1,8,AT_T10, HM, HM007, k09, 28.09.22," BaSyTec, SN:1937", CH23, ATT DY200T, 10°C, top front left,4.5121396712754445
888,TP_k09_01_1,8,AT_T45, HM, HM007, k09, 28.09.22," BaSyTec, SN:1937", CH23, ATT DY200T, 45°C, top front left,4.67050865739863
889,TP_k09_01_1,8,AT_T23, HM, HM007, k09, 28.09.22," BaSyTec, SN:1937", CH23, ATT DY200T, 23°C, top front left,4.598250496288226
890,TP_k09_01_2,1,ET_T10, HM, TP_k09_01, k09, 06.12.22," BaSyTec, SN:1937", CH06, ATT DY200T, 10°C, top front left,4.695174949408191
891,TP_k09_01_2,1,ET_T23, HM, TP_k09_01, k09, 11.12.2022," BaSyTec, SN:1937", CH06, ATT DY200T, 23°C, top front left,4.840271309555986
892,TP_k09_01_2,1,ET_T45, HM, TP_k09_01, k09, 08.12.2022," BaSyTec, SN:1937", CH06, ATT DY200T, 45°C, top front left,4.9333562865569895
893,TP_k09_01_2,2,CU, HM, TP_k09_01, k09, 16.01.23," BaSyTec, SN:1936", CH29, ATT DY200T, 23°C, top rear mittig,4.8129139019718385
894,TP_k09_01_2,3,exCU, HM, TP_k09_01, k09, 13.02.23," BaSyTec, SN:1936", CH29, ATT DY200T, 23°C, top rear mittig,4.791757148471179
895,TP_k09_01_2,4,CU, HM, TP_k09_01, k09, 11.04.23," BaSyTec, SN:1936", CH29, ATT DY200T, 23°C, top rear mittig,4.763102913222593
896,TP_k09_01_2,5,exCU, HM, TP_k09_01, k09, 12.06.23," BaSyTec, SN:1936", CH29, ATT DY200T, 23°C, top rear mittig,4.745754083012308
897,TP_k09_01_2,6,CU, HM, TP_k09_01, k09, 07.08.23," BaSyTec, SN:1936", CH29, ATT DY200T, 23°C, top rear mittig,4.734129009124326
898,TP_k09_01_2,7,exCU, HM, TP_k09_01, k09, 09.10.23," BaSyTec, SN:1936", CH29, ATT DY200T, 23°C, top rear mittig,4.716472081144763
899,TP_k09_01_2,8,CU, HM, TP_k09_01, k09, 04.12.23," BaSyTec, SN:1936", CH29, ATT DY200T, 23°C, top rear mittig,4.700013697744179
900,TP_k09_01_2,9,exCU, HM, TP_k09_01, k09, 05.02.24," BaSyTec, SN:1936", CH29, ATT DY200T, 23°C, top rear mittig,4.683995888387628
901,TP_k09_01_2,10,AT_T45, HM, TP_k09_01, k09, 28.02.24," BaSyTec, SN:1937", CH06, ATT DY200T, 45°C, top front left,4.751756451111389
902,TP_k09_01_2,10,AT_T23, HM, TP_k09_01, k09, 28.02.24," BaSyTec, SN:1937", CH06, ATT DY200T, 23°C, top front left,4.664726096351618
903,TP_k09_01_2,10,AT_T10, HM, TP_k09_01, k09, 28.02.24," BaSyTec, SN:1937", CH06, ATT DY200T, 10°C, top front left,4.569810012028661
904,TP_k09_02_1,1,ET_T10, HM, HM008, k09, 10.09.21," BaSyTec, SN:1937", CH05, ATT DY200T, 10°C, bottom rear mittig,4.809695838854657
905,TP_k09_02_1,1,ET_T23, HM, HM008, k09, 17.09.2021," BaSyTec, SN:1937", CH05, ATT DY200T, 23°C, bottom rear mittig,4.856452213499784
906,TP_k09_02_1,1,ET_T45, HM, HM008, k09, 12.09.2021," BaSyTec, SN:1937", CH05, ATT DY200T, 45°C, bottom rear mittig,4.954848294434318
907,TP_k09_02_1,2,CU, HM, HM008, k09, 03.11.21," BaSyTec, SN:1936", CH26, ATT DY200T, [23]°C, top rear mittig,4.799962624644787
908,TP_k09_02_1,3,exCU, HM, HM008, k09, 01.12.21," BaSyTec, SN:1936", CH26, ATT DY200T, [23]°C, top rear mittig,4.782775624060157
909,TP_k09_02_1,4,CU, HM, HM008, k09, 25.01.22," BaSyTec, SN:1936", CH26, ATT DY200T, [23]°C, top rear mittig,4.738193933100538
910,TP_k09_02_1,5,exCU, HM, HM008, k09, 23.03.22," BaSyTec, SN:1936", CH26, ATT DY200T, [23]°C, top rear mittig,4.710916612990881
911,TP_k09_02_1,6,CU, HM, HM008, k09, 17.05.22," BaSyTec, SN:1936", CH26, ATT DY200T, [23]°C, top rear mittig,4.683870589249671
912,TP_k09_02_1,7,exCU, HM, HM008, k09, 20.07.22," BaSyTec, SN:1936", CH26, ATT DY200T, [23]°C, top rear mittig,4.651615931552293
913,TP_k09_02_1,8,AT_T10, HM, HM008, k09, 28.09.22," BaSyTec, SN:1937", CH05, ATT DY200T, 10°C, bottom rear mittig,4.534304829850546
914,TP_k09_02_1,8,AT_T45, HM, HM008, k09, 28.09.22," BaSyTec, SN:1937", CH05, ATT DY200T, 45°C, bottom rear mittig,4.6837200435550095
915,TP_k09_02_1,8,AT_T23, HM, HM008, k09, 28.09.22," BaSyTec, SN:1937", CH05, ATT DY200T, 23°C, bottom rear mittig,4.600652733826669
916,TP_k09_02_2,1,ET_T10, HM, TP_k09_02, k09, 06.12.22," BaSyTec, SN:1937", CH07, ATT DY200T, 10°C, top front left,4.714945469895952
917,TP_k09_02_2,1,ET_T23, HM, TP_k09_02, k09, 11.12.2022," BaSyTec, SN:1937", CH07, ATT DY200T, 23°C, top front left,4.850112348965222
918,TP_k09_02_2,1,ET_T45, HM, TP_k09_02, k09, 08.12.2022," BaSyTec, SN:1937", CH07, ATT DY200T, 45°C, top front left,4.941584488218703
919,TP_k09_02_2,2,CU, HM, TP_k09_02, k09, 16.01.23," BaSyTec, SN:1936", CH30, ATT DY200T, 23°C, top rear right,4.814256107352462
920,TP_k09_02_2,3,exCU, HM, TP_k09_02, k09, 13.02.23," BaSyTec, SN:1936", CH30, ATT DY200T, 23°C, top rear right,4.797189494228869
921,TP_k09_02_2,4,CU, HM, TP_k09_02, k09, 11.04.23," BaSyTec, SN:1936", CH30, ATT DY200T, 23°C, top rear right,4.766777366152334
922,TP_k09_02_2,5,exCU, HM, TP_k09_02, k09, 12.06.23," BaSyTec, SN:1936", CH30, ATT DY200T, 23°C, top rear right,4.748851226116061
923,TP_k09_02_2,6,CU, HM, TP_k09_02, k09, 07.08.23," BaSyTec, SN:1936", CH30, ATT DY200T, 23°C, top rear right,4.730668997931689
924,TP_k09_02_2,7,exCU, HM, TP_k09_02, k09, 09.10.23," BaSyTec, SN:1936", CH30, ATT DY200T, 23°C, top rear right,4.714301161281815
925,TP_k09_02_2,8,CU, HM, TP_k09_02, k09, 04.12.23," BaSyTec, SN:1936", CH30, ATT DY200T, 23°C, top rear right,4.70020780661866
926,TP_k09_02_2,9,exCU, HM, TP_k09_02, k09, 05.02.24," BaSyTec, SN:1936", CH30, ATT DY200T, 23°C, top rear right,4.686289274316332
927,TP_k09_02_2,10,AT_T45, HM, TP_k09_02, k09, 28.02.24," BaSyTec, SN:1937", CH07, ATT DY200T, 45°C, top front left,4.760824070856977
928,TP_k09_02_2,10,AT_T23, HM, TP_k09_02, k09, 28.02.24," BaSyTec, SN:1937", CH07, ATT DY200T, 23°C, top front left,4.672980135157321
929,TP_k09_02_2,10,AT_T10, HM, TP_k09_02, k09, 28.02.24," BaSyTec, SN:1937", CH07, ATT DY200T, 10°C, top front left,4.579846743340786
930,TP_k09_03_1,1,ET_T45, HM, HM009, k09, 12.09.2021," BaSyTec, SN:1937", CH06, ATT DY200T, 45°C, bottom rear right,4.933298333976234
931,TP_k09_03_1,1,ET_T23, HM, HM009, k09, 17.09.2021," BaSyTec, SN:1937", CH06, ATT DY200T, 23°C, bottom rear right,4.838314568067364
932,TP_k09_03_1,1,ET_T10, HM, HM009, k09, 10.09.21," BaSyTec, SN:1937", CH06, ATT DY200T, 10°C, bottom rear right,4.790766752530407
933,TP_k09_03_1,2,CU, HM, HM009, k09, 03.11.21," BaSyTec, SN:1936", CH27, ATT DY200T, [23]°C, top rear mittig,4.781914962706536
934,TP_k09_03_1,3,exCU, HM, HM009, k09, 01.12.21," BaSyTec, SN:1936", CH27, ATT DY200T, [23]°C, top rear mittig,4.749307615774011
935,TP_k09_03_1,4,CU, HM, HM009, k09, 25.01.22," BaSyTec, SN:1936", CH27, ATT DY200T, [23]°C, top rear mittig,4.70456698557099
936,TP_k09_03_1,5,exCU, HM, HM009, k09, 23.03.22," BaSyTec, SN:1936", CH27, ATT DY200T, [23]°C, top rear mittig,4.672980232784845
937,TP_k09_03_1,6,CU, HM, HM009, k09, 17.05.22," BaSyTec, SN:1936", CH27, ATT DY200T, [23]°C, top rear mittig,4.645726391463901
938,TP_k09_03_1,7,exCU, HM, HM009, k09, 20.07.22," BaSyTec, SN:1936", CH27, ATT DY200T, [23]°C, top rear mittig,4.611681094825748
939,TP_k09_03_1,8,AT_T23, HM, HM009, k09, 28.09.22," BaSyTec, SN:1937", CH06, ATT DY200T, 23°C, bottom rear right,4.560002313650591
940,TP_k09_03_1,8,AT_T45, HM, HM009, k09, 28.09.22," BaSyTec, SN:1937", CH06, ATT DY200T, 45°C, bottom rear right,4.644274641551997
941,TP_k09_03_1,8,AT_T10, HM, HM009, k09, 28.09.22," BaSyTec, SN:1937", CH06, ATT DY200T, 10°C, bottom rear right,4.489451474719173
942,TP_k09_03_2,1,ET_T45, HM, TP_k09_03, k09, 08.12.2022," BaSyTec, SN:1937", CH08, ATT DY200T, 45°C, top front mittig,4.941751614853997
943,TP_k09_03_2,1,ET_T23, HM, TP_k09_03, k09, 11.12.2022," BaSyTec, SN:1937", CH08, ATT DY200T, 23°C, top front mittig,4.851672393638328
944,TP_k09_03_2,1,ET_T10, HM, TP_k09_03, k09, 06.12.22," BaSyTec, SN:1937", CH08, ATT DY200T, 10°C, top front mittig,4.713919567698095
945,TP_k09_03_2,2,CU, HM, TP_k09_03, k09, 16.01.23," BaSyTec, SN:1936", CH31, ATT DY200T, 23°C, top rear right,4.816259980276669
946,TP_k09_03_2,3,exCU, HM, TP_k09_03, k09, 13.02.23," BaSyTec, SN:1936", CH31, ATT DY200T, 23°C, top rear right,4.798712987420742
947,TP_k09_03_2,4,CU, HM, TP_k09_03, k09, 11.04.23," BaSyTec, SN:1936", CH31, ATT DY200T, 23°C, top rear right,4.7662540036866154
948,TP_k09_03_2,5,exCU, HM, TP_k09_03, k09, 12.06.23," BaSyTec, SN:1936", CH31, ATT DY200T, 23°C, top rear right,4.754627789792417
949,TP_k09_03_2,6,CU, HM, TP_k09_03, k09, 07.08.23," BaSyTec, SN:1936", CH31, ATT DY200T, 23°C, top rear right,4.7353097544502045
950,TP_k09_03_2,7,exCU, HM, TP_k09_03, k09, 09.10.23," BaSyTec, SN:1936", CH31, ATT DY200T, 23°C, top rear right,4.717077412941333
951,TP_k09_03_2,8,CU, HM, TP_k09_03, k09, 04.12.23," BaSyTec, SN:1936", CH31, ATT DY200T, 23°C, top rear right,4.706504337516796
952,TP_k09_03_2,9,exCU, HM, TP_k09_03, k09, 05.02.24," BaSyTec, SN:1936", CH31, ATT DY200T, 23°C, top rear right,4.6932303456848725
953,TP_k09_03_2,10,AT_T10, HM, TP_k09_03, k09, 28.02.24," BaSyTec, SN:1937", CH08, ATT DY200T, 10°C, top front mittig,4.581202260144337
954,TP_k09_03_2,10,AT_T23, HM, TP_k09_03, k09, 28.02.24," BaSyTec, SN:1937", CH08, ATT DY200T, 23°C, top front mittig,4.673351220156725
955,TP_k09_03_2,10,AT_T45, HM, TP_k09_03, k09, 28.02.24," BaSyTec, SN:1937", CH08, ATT DY200T, 45°C, top front mittig,4.760025316507475
956,TP_k09_04_1,1,ET_T45, HM, HM022, k09, 12.09.2021," BaSyTec, SN:1937", CH27, ATT DY200T, 45°C, top front mittig,4.997067554559188
957,TP_k09_04_1,1,ET_T23, HM, HM022, k09, 17.09.2021," BaSyTec, SN:1937", CH27, ATT DY200T, 23°C, top front mittig,4.898902418155137
958,TP_k09_04_1,1,ET_T10, HM, HM022, k09, 10.09.21," BaSyTec, SN:1937", CH27, ATT DY200T, 10°C, top front mittig,4.847177655293372
959,TP_k09_04_1,2,AT_T45, HM, HM022, k09, 28.09.22," BaSyTec, SN:1937", CH27, ATT DY200T, 45°C, top front mittig,4.749522408453153
960,TP_k09_04_1,2,AT_T23, HM, HM022, k09, 28.09.22," BaSyTec, SN:1937", CH27, ATT DY200T, 23°C, top front mittig,4.660874107127697
961,TP_k09_04_1,2,AT_T10, HM, HM022, k09, 28.09.22," BaSyTec, SN:1937", CH27, ATT DY200T, 10°C, top front mittig,4.548270828970104
962,TP_k09_04_2,1,ET_T45, HM, TP_k09_04, k09, 08.12.2022," BaSyTec, SN:1937", CH09, ATT DY200T, 45°C, top front mittig,4.949814182261902
963,TP_k09_04_2,1,ET_T23, HM, TP_k09_04, k09, 11.12.2022," BaSyTec, SN:1937", CH09, ATT DY200T, 23°C, top front mittig,4.859158489128879
964,TP_k09_04_2,1,ET_T10, HM, TP_k09_04, k09, 06.12.22," BaSyTec, SN:1937", CH09, ATT DY200T, 10°C, top front mittig,4.742305042891136
965,TP_k09_04_2,2,AT_T45, HM, TP_k09_04, k09, 28.02.24," BaSyTec, SN:1937", CH09, ATT DY200T, 45°C, top front mittig,4.814369986096406
966,TP_k09_04_2,2,AT_T23, HM, TP_k09_04, k09, 28.02.24," BaSyTec, SN:1937", CH09, ATT DY200T, 23°C, top front mittig,4.7286627400056105
967,TP_k09_04_2,2,AT_T10, HM, TP_k09_04, k09, 28.02.24," BaSyTec, SN:1937", CH09, ATT DY200T, 10°C, top front mittig,4.631376230591826
968,TP_k09_05_1,1,ET_T10, HM, HM023, k09, 10.09.21," BaSyTec, SN:1937", CH16, ATT DY200T, 10°C, top rear left,4.83288745599064
969,TP_k09_05_1,1,ET_T23, HM, HM023, k09, 17.09.2021," BaSyTec, SN:1937", CH16, ATT DY200T, 23°C, top rear left,4.884284814299473
970,TP_k09_05_1,1,ET_T45, HM, HM023, k09, 12.09.2021," BaSyTec, SN:1937", CH16, ATT DY200T, 45°C, top rear left,4.986266687263221
971,TP_k09_05_1,2,AT_T10, HM, HM023, k09, 28.09.22," BaSyTec, SN:1937", CH16, ATT DY200T, 10°C, top rear left,4.566550367333463
972,TP_k09_05_1,2,AT_T23, HM, HM023, k09, 28.09.22," BaSyTec, SN:1937", CH16, ATT DY200T, 23°C, top rear left,4.651692709268211
973,TP_k09_05_1,2,AT_T45, HM, HM023, k09, 28.09.22," BaSyTec, SN:1937", CH16, ATT DY200T, 45°C, top rear left,4.7423686717156475
974,TP_k09_05_2,1,ET_T10, HM, TP_k09_05, k09, 06.12.22," BaSyTec, SN:1937", CH10, ATT DY200T, 10°C, top front right,4.733114666207537
975,TP_k09_05_2,1,ET_T23, HM, TP_k09_05, k09, 11.12.2022," BaSyTec, SN:1937", CH10, ATT DY200T, 23°C, top front right,4.864405862221725
976,TP_k09_05_2,1,ET_T45, HM, TP_k09_05, k09, 08.12.2022," BaSyTec, SN:1937", CH10, ATT DY200T, 45°C, top front right,4.955432328146201
977,TP_k09_05_2,2,AT_T10, HM, TP_k09_05, k09, 28.02.24," BaSyTec, SN:1937", CH10, ATT DY200T, 10°C, top front right,4.631898127221718
978,TP_k09_05_2,2,AT_T23, HM, TP_k09_05, k09, 28.02.24," BaSyTec, SN:1937", CH10, ATT DY200T, 23°C, top front right,4.736103823646047
979,TP_k09_05_2,2,AT_T45, HM, TP_k09_05, k09, 28.02.24," BaSyTec, SN:1937", CH10, ATT DY200T, 45°C, top front right,4.821734981567713
980,TP_k09_06_1,1,ET_T10, HM, HM024, k09, 10.09.21," BaSyTec, SN:1937", CH17, ATT DY200T, 10°C, top rear left,4.842153301191631
981,TP_k09_06_1,1,ET_T23, HM, HM024, k09, 17.09.2021," BaSyTec, SN:1937", CH17, ATT DY200T, 23°C, top rear left,4.872162583518385
982,TP_k09_06_1,1,ET_T45, HM, HM024, k09, 12.09.2021," BaSyTec, SN:1937", CH17, ATT DY200T, 45°C, top rear left,4.990812221683421
983,TP_k09_06_1,2,AT_T10, HM, HM024, k09, 28.09.22," BaSyTec, SN:1937", CH17, ATT DY200T, 10°C, top rear left,4.572686837818901
984,TP_k09_06_1,2,AT_T23, HM, HM024, k09, 28.09.22," BaSyTec, SN:1937", CH17, ATT DY200T, 23°C, top rear left,4.661964405503116
985,TP_k09_06_1,2,AT_T45, HM, HM024, k09, 28.09.22," BaSyTec, SN:1937", CH17, ATT DY200T, 45°C, top rear left,4.748596966926735
986,TP_k09_06_2,1,ET_T10, HM, TP_k09_06, k09, 06.12.22," BaSyTec, SN:1937", CH11, ATT DY200T, 10°C, top front right,4.74716867708022
987,TP_k09_06_2,1,ET_T23, HM, TP_k09_06, k09, 11.12.2022," BaSyTec, SN:1937", CH11, ATT DY200T, 23°C, top front right,4.865432204081465
988,TP_k09_06_2,1,ET_T45, HM, TP_k09_06, k09, 08.12.2022," BaSyTec, SN:1937", CH11, ATT DY200T, 45°C, top front right,4.950388637755918
989,TP_k09_06_2,2,AT_T10, HM, TP_k09_06, k09, 28.02.24," BaSyTec, SN:1937", CH11, ATT DY200T, 10°C, top front right,4.636837362279035
990,TP_k09_06_2,2,AT_T23, HM, TP_k09_06, k09, 28.02.24," BaSyTec, SN:1937", CH11, ATT DY200T, 23°C, top front right,4.732170010271814
991,TP_k09_06_2,2,AT_T45, HM, TP_k09_06, k09, 28.02.24," BaSyTec, SN:1937", CH11, ATT DY200T, 45°C, top front right,4.817035460455996
992,TP_k10_01_1,1,ET_T23, HM, HM010, k10, 17.09.2021," BaSyTec, SN:1937", CH24, ATT DY200T, 23°C, top front mittig,4.906044048188505
993,TP_k10_01_1,1,ET_T45, HM, HM010, k10, 12.09.2021," BaSyTec, SN:1937", CH24, ATT DY200T, 45°C, top front mittig,5.007514532201833
994,TP_k10_01_1,1,ET_T10, HM, HM010, k10, 10.09.21," BaSyTec, SN:1937", CH24, ATT DY200T, 10°C, top front mittig,4.862167468929453
995,TP_k10_01_1,2,CU, HM, HM010, k10, 02.11.21," BaSyTec, SN:1936", CH29, ATT DY200T, [23]°C, top rear mittig,4.762210201361005
996,TP_k10_01_1,3,exCU, HM, HM010, k10, 29.11.21," BaSyTec, SN:1936", CH29, ATT DY200T, [23]°C, top rear mittig,4.722946388031508
997,TP_k10_01_1,4,CU, HM, HM010, k10, 24.01.22," BaSyTec, SN:1936", CH29, ATT DY200T, [23]°C, top rear mittig,4.661354883399967
998,TP_k10_01_1,5,exCU, HM, HM010, k10, 21.03.22," BaSyTec, SN:1936", CH29, ATT DY200T, [23]°C, top rear mittig,4.640604437173742
999,TP_k10_01_1,6,CU, HM, HM010, k10, 16.05.22," BaSyTec, SN:1936", CH29, ATT DY200T, [23]°C, top rear mittig,4.592478683371697
1000,TP_k10_01_1,7,exCU, HM, HM010, k10, 18.07.22," BaSyTec, SN:1936", CH29, ATT DY200T, [23]°C, top rear mittig,4.5511347203365125
1001,TP_k10_01_1,8,AT_T45, HM, HM010, k10, 28.09.22," BaSyTec, SN:1937", CH24, ATT DY200T, 45°C, top front mittig,4.647665083365539
1002,TP_k10_01_1,8,AT_T23, HM, HM010, k10, 28.09.22," BaSyTec, SN:1937", CH24, ATT DY200T, 23°C, top front mittig,4.564054961866752
1003,TP_k10_01_1,8,AT_T10, HM, HM010, k10, 28.09.22," BaSyTec, SN:1937", CH24, ATT DY200T, 10°C, top front mittig,4.395234914103752
1004,TP_k10_01_2,1,ET_T23, HM, TP_k10_01, k10, 11.12.2022," BaSyTec, SN:1937", CH12, ATT DY200T, 23°C, bottom rear left,4.833754459939102
1005,TP_k10_01_2,1,ET_T45, HM, TP_k10_01, k10, 08.12.2022," BaSyTec, SN:1937", CH12, ATT DY200T, 45°C, bottom rear left,4.929743870786662
1006,TP_k10_01_2,1,ET_T10, HM, TP_k10_01, k10, 06.12.22," BaSyTec, SN:1937", CH12, ATT DY200T, 10°C, bottom rear left,4.677418871481276
1007,TP_k10_01_2,2,CU, HM, TP_k10_01, k10, 17.01.23," BaSyTec, SN:1936", CH26, ATT DY200T, 23°C, top rear left,4.745494325722239
1008,TP_k10_01_2,3,exCU, HM, TP_k10_01, k10, 14.02.23," BaSyTec, SN:1936", CH26, ATT DY200T, 23°C, top rear left,4.703159385177823
1009,TP_k10_01_2,4,CU, HM, TP_k10_01, k10, 12.04.23," BaSyTec, SN:1936", CH26, ATT DY200T, 23°C, top rear left,4.6624524775725025
1010,TP_k10_01_2,5,exCU, HM, TP_k10_01, k10, 13.06.23," BaSyTec, SN:1936", CH26, ATT DY200T, 23°C, top rear left,4.626499940227342
1011,TP_k10_01_2,6,CU, HM, TP_k10_01, k10, 08.08.23," BaSyTec, SN:1936", CH26, ATT DY200T, 23°C, top rear left,4.599209783271838
1012,TP_k10_01_2,7,exCU, HM, TP_k10_01, k10, 10.10.23," BaSyTec, SN:1936", CH26, ATT DY200T, 23°C, top rear left,4.577130825292258
1013,TP_k10_01_2,8,CU, HM, TP_k10_01, k10, 05.12.23," BaSyTec, SN:1936", CH26, ATT DY200T, 23°C, top rear left,4.555235136958997
1014,TP_k10_01_2,9,exCU, HM, TP_k10_01, k10, 06.02.24," BaSyTec, SN:1936", CH26, ATT DY200T, 23°C, top rear left,4.53549167214081
1015,TP_k10_01_2,10,AT_T10, HM, TP_k10_01, k10, 28.02.24," BaSyTec, SN:1937", CH12, ATT DY200T, 10°C, bottom rear left,4.435966108571354
1016,TP_k10_01_2,10,AT_T45, HM, TP_k10_01, k10, 28.02.24," BaSyTec, SN:1937", CH12, ATT DY200T, 45°C, bottom rear left,4.633975212962389
1017,TP_k10_01_2,10,AT_T23, HM, TP_k10_01, k10, 28.02.24," BaSyTec, SN:1937", CH12, ATT DY200T, 23°C, bottom rear left,4.5436028190943105
1018,TP_k10_02_1,1,ET_T23, HM, HM011, k10, 17.09.2021," BaSyTec, SN:1937", CH07, ATT DY200T, 23°C, bottom rear right,4.894316801716052
1019,TP_k10_02_1,1,ET_T45, HM, HM011, k10, 12.09.2021," BaSyTec, SN:1937", CH07, ATT DY200T, 45°C, bottom rear right,4.988967491552193
1020,TP_k10_02_1,1,ET_T10, HM, HM011, k10, 10.09.21," BaSyTec, SN:1937", CH07, ATT DY200T, 10°C, bottom rear right,4.846927880587042
1021,TP_k10_02_1,2,CU, HM, HM011, k10, 03.11.21," BaSyTec, SN:1936", CH28, ATT DY200T, [23]°C, top rear mittig,4.7540836568563325
1022,TP_k10_02_1,3,exCU, HM, HM011, k10, 01.12.21," BaSyTec, SN:1936", CH28, ATT DY200T, [23]°C, top rear mittig,4.702453307228777
1023,TP_k10_02_1,4,CU, HM, HM011, k10, 25.01.22," BaSyTec, SN:1936", CH28, ATT DY200T, [23]°C, top rear mittig,4.643194500825152
1024,TP_k10_02_1,5,exCU, HM, HM011, k10, 23.03.22," BaSyTec, SN:1936", CH28, ATT DY200T, [23]°C, top rear mittig,4.602722651405179
1025,TP_k10_02_1,6,CU, HM, HM011, k10, 17.05.22," BaSyTec, SN:1936", CH28, ATT DY200T, [23]°C, top rear mittig,4.564800003565463
1026,TP_k10_02_1,7,exCU, HM, HM011, k10, 20.07.22," BaSyTec, SN:1936", CH28, ATT DY200T, [23]°C, top rear mittig,4.515802211469605
1027,TP_k10_02_1,8,AT_T45, HM, HM011, k10, 28.09.22," BaSyTec, SN:1937", CH07, ATT DY200T, 45°C, bottom rear right,4.604807499227485
1028,TP_k10_02_1,8,AT_T23, HM, HM011, k10, 28.09.22," BaSyTec, SN:1937", CH07, ATT DY200T, 23°C, bottom rear right,4.501944636021816
1029,TP_k10_02_1,8,AT_T10, HM, HM011, k10, 28.09.22," BaSyTec, SN:1937", CH07, ATT DY200T, 10°C, bottom rear right,4.355963820080229
1030,TP_k10_02_2,1,ET_T23, HM, TP_k10_02, k10, 11.12.2022," BaSyTec, SN:1937", CH13, ATT DY200T, 23°C, bottom rear left,4.826759068341193
1031,TP_k10_02_2,1,ET_T45, HM, TP_k10_02, k10, 08.12.2022," BaSyTec, SN:1937", CH13, ATT DY200T, 45°C, bottom rear left,4.921517419918491
1032,TP_k10_02_2,1,ET_T10, HM, TP_k10_02, k10, 06.12.22," BaSyTec, SN:1937", CH13, ATT DY200T, 10°C, bottom rear left,4.673349173552607
1033,TP_k10_02_2,2,CU, HM, TP_k10_02, k10, 17.01.23," BaSyTec, SN:1936", CH27, ATT DY200T, 23°C, top rear left,4.743511627336975
1034,TP_k10_02_2,3,exCU, HM, TP_k10_02, k10, 14.02.23," BaSyTec, SN:1936", CH27, ATT DY200T, 23°C, top rear left,4.7080255995631966
1035,TP_k10_02_2,4,CU, HM, TP_k10_02, k10, 12.04.23," BaSyTec, SN:1936", CH27, ATT DY200T, 23°C, top rear left,4.6692248676541706
1036,TP_k10_02_2,5,exCU, HM, TP_k10_02, k10, 13.06.23," BaSyTec, SN:1936", CH27, ATT DY200T, 23°C, top rear left,4.628155211804482
1037,TP_k10_02_2,6,CU, HM, TP_k10_02, k10, 08.08.23," BaSyTec, SN:1936", CH27, ATT DY200T, 23°C, top rear left,4.600659897640755
1038,TP_k10_02_2,7,exCU, HM, TP_k10_02, k10, 10.10.23," BaSyTec, SN:1936", CH27, ATT DY200T, 23°C, top rear left,4.579299165603777
1039,TP_k10_02_2,8,CU, HM, TP_k10_02, k10, 05.12.23," BaSyTec, SN:1936", CH27, ATT DY200T, 23°C, top rear left,4.556955803716827
1040,TP_k10_02_2,9,exCU, HM, TP_k10_02, k10, 06.02.24," BaSyTec, SN:1936", CH27, ATT DY200T, 23°C, top rear left,4.538008541625858
1041,TP_k10_02_2,10,AT_T10, HM, TP_k10_02, k10, 28.02.24," BaSyTec, SN:1937", CH13, ATT DY200T, 10°C, bottom rear left,4.435223623928886
1042,TP_k10_02_2,10,AT_T45, HM, TP_k10_02, k10, 28.02.24," BaSyTec, SN:1937", CH13, ATT DY200T, 45°C, bottom rear left,4.631761093806022
1043,TP_k10_02_2,10,AT_T23, HM, TP_k10_02, k10, 28.02.24," BaSyTec, SN:1937", CH13, ATT DY200T, 23°C, bottom rear left,4.542972989361335
1044,TP_k10_03_1,1,ET_T10, HM, HM012, k10, 10.09.21," BaSyTec, SN:1937", CH08, ATT DY200T, 10°C, bottom front left,4.820829416839523
1045,TP_k10_03_1,1,ET_T45, HM, HM012, k10, 12.09.2021," BaSyTec, SN:1937", CH08, ATT DY200T, 45°C, bottom front left,4.975020306818049
1046,TP_k10_03_1,1,ET_T23, HM, HM012, k10, 17.09.2021," BaSyTec, SN:1937", CH08, ATT DY200T, 23°C, bottom front left,4.859737581914639
1047,TP_k10_03_1,2,CU, HM, HM012, k10, 03.11.21," BaSyTec, SN:1936", CH29, ATT DY200T, [23]°C, top rear mittig,4.739936689131843
1048,TP_k10_03_1,3,exCU, HM, HM012, k10, 01.12.21," BaSyTec, SN:1936", CH29, ATT DY200T, [23]°C, top rear mittig,4.696156299690513
1049,TP_k10_03_1,4,CU, HM, HM012, k10, 25.01.22," BaSyTec, SN:1936", CH29, ATT DY200T, [23]°C, top rear mittig,4.6361454757677745
1050,TP_k10_03_1,5,exCU, HM, HM012, k10, 23.03.22," BaSyTec, SN:1936", CH29, ATT DY200T, [23]°C, top rear mittig,4.597269389995793
1051,TP_k10_03_1,6,CU, HM, HM012, k10, 17.05.22," BaSyTec, SN:1936", CH29, ATT DY200T, [23]°C, top rear mittig,4.5561944856741805
1052,TP_k10_03_1,7,exCU, HM, HM012, k10, 20.07.22," BaSyTec, SN:1936", CH29, ATT DY200T, [23]°C, top rear mittig,4.505682152112339
1053,TP_k10_03_1,8,AT_T10, HM, HM012, k10, 28.09.22," BaSyTec, SN:1937", CH08, ATT DY200T, 10°C, bottom front left,4.351530258277962
1054,TP_k10_03_1,8,AT_T23, HM, HM012, k10, 28.09.22," BaSyTec, SN:1937", CH08, ATT DY200T, 23°C, bottom front left,4.4995977323891285
1055,TP_k10_03_1,8,AT_T45, HM, HM012, k10, 28.09.22," BaSyTec, SN:1937", CH08, ATT DY200T, 45°C, bottom front left,4.596138071614648
1056,TP_k10_03_2,1,ET_T10, HM, TP_k10_03, k10, 06.12.22," BaSyTec, SN:1937", CH14, ATT DY200T, 10°C, bottom rear mittig,4.703506665569924
1057,TP_k10_03_2,1,ET_T45, HM, TP_k10_03, k10, 08.12.2022," BaSyTec, SN:1937", CH14, ATT DY200T, 45°C, bottom rear mittig,4.946455733473793
1058,TP_k10_03_2,1,ET_T23, HM, TP_k10_03, k10, 11.12.2022," BaSyTec, SN:1937", CH14, ATT DY200T, 23°C, bottom rear mittig,4.854428946698814
1059,TP_k10_03_2,2,CU, HM, TP_k10_03, k10, 17.01.23," BaSyTec, SN:1936", CH28, ATT DY200T, 23°C, top rear mittig,4.772937972615198
1060,TP_k10_03_2,3,exCU, HM, TP_k10_03, k10, 14.02.23," BaSyTec, SN:1936", CH28, ATT DY200T, 23°C, top rear mittig,4.735392849644397
1061,TP_k10_03_2,4,CU, HM, TP_k10_03, k10, 12.04.23," BaSyTec, SN:1936", CH28, ATT DY200T, 23°C, top rear mittig,4.69388893855083
1062,TP_k10_03_2,5,exCU, HM, TP_k10_03, k10, 13.06.23," BaSyTec, SN:1936", CH28, ATT DY200T, 23°C, top rear mittig,4.65810686629969
1063,TP_k10_03_2,6,CU, HM, TP_k10_03, k10, 08.08.23," BaSyTec, SN:1936", CH28, ATT DY200T, 23°C, top rear mittig,4.631950338378928
1064,TP_k10_03_2,7,exCU, HM, TP_k10_03, k10, 10.10.23," BaSyTec, SN:1936", CH28, ATT DY200T, 23°C, top rear mittig,4.604510198993427
1065,TP_k10_03_2,8,CU, HM, TP_k10_03, k10, 05.12.23," BaSyTec, SN:1936", CH28, ATT DY200T, 23°C, top rear mittig,4.590284888404434
1066,TP_k10_03_2,9,exCU, HM, TP_k10_03, k10, 06.02.24," BaSyTec, SN:1936", CH28, ATT DY200T, 23°C, top rear mittig,4.565960687633039
1067,TP_k10_03_2,10,AT_T23, HM, TP_k10_03, k10, 28.02.24," BaSyTec, SN:1937", CH14, ATT DY200T, 23°C, bottom rear mittig,4.576629931751672
1068,TP_k10_03_2,10,AT_T45, HM, TP_k10_03, k10, 28.02.24," BaSyTec, SN:1937", CH14, ATT DY200T, 45°C, bottom rear mittig,4.667080188714602
1069,TP_k10_03_2,10,AT_T10, HM, TP_k10_03, k10, 28.02.24," BaSyTec, SN:1937", CH14, ATT DY200T, 10°C, bottom rear mittig,4.475143885902922
1070,TP_k10_04_1,1,ET_T10, HM, HM025, k10, 10.09.21," BaSyTec, SN:1937", CH28, ATT DY200T, 10°C, top front right,4.763565061206544
1071,TP_k10_04_1,1,ET_T45, HM, HM025, k10, 12.09.2021," BaSyTec, SN:1937", CH28, ATT DY200T, 45°C, top front right,4.910955302165809
1072,TP_k10_04_1,1,ET_T23, HM, HM025, k10, 17.09.2021," BaSyTec, SN:1937", CH28, ATT DY200T, 23°C, top front right,4.821033032726451
1073,TP_k10_04_1,2,AT_T10, HM, HM025, k10, 28.09.22," BaSyTec, SN:1937", CH28, ATT DY200T, 10°C, top front right,4.3599203129529975
1074,TP_k10_04_1,2,AT_T45, HM, HM025, k10, 28.09.22," BaSyTec, SN:1937", CH28, ATT DY200T, 45°C, top front right,4.602801627524496
1075,TP_k10_04_1,2,AT_T23, HM, HM025, k10, 28.09.22," BaSyTec, SN:1937", CH28, ATT DY200T, 23°C, top front right,4.524956328576568
1076,TP_k10_04_2,1,ET_T10, HM, TP_k10_04, k10, 06.12.22," BaSyTec, SN:1937", CH15, ATT DY200T, 10°C, bottom rear mittig,4.70200760553378
1077,TP_k10_04_2,1,ET_T45, HM, TP_k10_04, k10, 08.12.2022," BaSyTec, SN:1937", CH15, ATT DY200T, 45°C, bottom rear mittig,4.940819048836056
1078,TP_k10_04_2,1,ET_T23, HM, TP_k10_04, k10, 11.12.2022," BaSyTec, SN:1937", CH15, ATT DY200T, 23°C, bottom rear mittig,4.850605889493438
1079,TP_k10_04_2,2,AT_T10, HM, TP_k10_04, k10, 28.02.24," BaSyTec, SN:1937", CH15, ATT DY200T, 10°C, bottom rear mittig,4.501753008792929
1080,TP_k10_04_2,2,AT_T45, HM, TP_k10_04, k10, 28.02.24," BaSyTec, SN:1937", CH15, ATT DY200T, 45°C, bottom rear mittig,4.715029254727291
1081,TP_k10_04_2,2,AT_T23, HM, TP_k10_04, k10, 28.02.24," BaSyTec, SN:1937", CH15, ATT DY200T, 23°C, bottom rear mittig,4.621494886904313
1082,TP_k10_05_1,1,ET_T23, HM, HM026, k10, 17.09.2021," BaSyTec, SN:1937", CH18, ATT DY200T, 23°C, top rear mittig,4.835920467039726
1083,TP_k10_05_1,1,ET_T45, HM, HM026, k10, 12.09.2021," BaSyTec, SN:1937", CH18, ATT DY200T, 45°C, top rear mittig,4.949319695924283
1084,TP_k10_05_1,1,ET_T10, HM, HM026, k10, 10.09.21," BaSyTec, SN:1937", CH18, ATT DY200T, 10°C, top rear mittig,4.8016868781460555
1085,TP_k10_05_1,2,AT_T23, HM, HM026, k10, 28.09.22," BaSyTec, SN:1937", CH18, ATT DY200T, 23°C, top rear mittig,4.579850144111356
1086,TP_k10_05_1,2,AT_T45, HM, HM026, k10, 28.09.22," BaSyTec, SN:1937", CH18, ATT DY200T, 45°C, top rear mittig,4.667090064917149
1087,TP_k10_05_1,2,AT_T10, HM, HM026, k10, 28.09.22," BaSyTec, SN:1937", CH18, ATT DY200T, 10°C, top rear mittig,4.4413315500317445
1088,TP_k10_05_2,1,ET_T23, HM, TP_k10_05, k10, 11.12.2022," BaSyTec, SN:1937", CH16, ATT DY200T, 23°C, bottom rear right,4.847490769151725
1089,TP_k10_05_2,1,ET_T45, HM, TP_k10_05, k10, 08.12.2022," BaSyTec, SN:1937", CH16, ATT DY200T, 45°C, bottom rear right,4.935217961628437
1090,TP_k10_05_2,1,ET_T10, HM, TP_k10_05, k10, 06.12.22," BaSyTec, SN:1937", CH16, ATT DY200T, 10°C, bottom rear right,4.711566709541907
1091,TP_k10_05_2,2,AT_T23, HM, TP_k10_05, k10, 28.02.24," BaSyTec, SN:1937", CH16, ATT DY200T, 23°C, bottom rear right,4.606620553245005
1092,TP_k10_05_2,2,AT_T45, HM, TP_k10_05, k10, 28.02.24," BaSyTec, SN:1937", CH16, ATT DY200T, 45°C, bottom rear right,4.698249267789224
1093,TP_k10_05_2,2,AT_T10, HM, TP_k10_05, k10, 28.02.24," BaSyTec, SN:1937", CH16, ATT DY200T, 10°C, bottom rear right,4.481387038646819
1094,TP_k10_06_1,1,ET_T23, HM, HM027, k10, 17.09.2021," BaSyTec, SN:1937", CH19, ATT DY200T, 23°C, top rear mittig,4.828775363336271
1095,TP_k10_06_1,1,ET_T45, HM, HM027, k10, 12.09.2021," BaSyTec, SN:1937", CH19, ATT DY200T, 45°C, top rear mittig,4.943953789836726
1096,TP_k10_06_1,1,ET_T10, HM, HM027, k10, 10.09.21," BaSyTec, SN:1937", CH19, ATT DY200T, 10°C, top rear mittig,4.792292835990838
1097,TP_k10_06_1,2,AT_T23, HM, HM027, k10, 28.09.22," BaSyTec, SN:1937", CH19, ATT DY200T, 23°C, top rear mittig,4.570077544675631
1098,TP_k10_06_1,2,AT_T45, HM, HM027, k10, 28.09.22," BaSyTec, SN:1937", CH19, ATT DY200T, 45°C, top rear mittig,4.654067922091043
1099,TP_k10_06_1,2,AT_T10, HM, HM027, k10, 28.09.22," BaSyTec, SN:1937", CH19, ATT DY200T, 10°C, top rear mittig,4.4245700744952625
1100,TP_k10_06_2,1,ET_T23, HM, TP_k10_06, k10, 11.12.2022," BaSyTec, SN:1937", CH17, ATT DY200T, 23°C, bottom rear right,4.8475958131101375
1101,TP_k10_06_2,1,ET_T45, HM, TP_k10_06, k10, 08.12.2022," BaSyTec, SN:1937", CH17, ATT DY200T, 45°C, bottom rear right,4.937174103766916
1102,TP_k10_06_2,1,ET_T10, HM, TP_k10_06, k10, 06.12.22," BaSyTec, SN:1937", CH17, ATT DY200T, 10°C, bottom rear right,4.707629153038008
1103,TP_k10_06_2,2,AT_T23, HM, TP_k10_06, k10, 28.02.24," BaSyTec, SN:1937", CH17, ATT DY200T, 23°C, bottom rear right,4.605423469167993
1104,TP_k10_06_2,2,AT_T45, HM, TP_k10_06, k10, 28.02.24," BaSyTec, SN:1937", CH17, ATT DY200T, 45°C, bottom rear right,4.699395897062458
1105,TP_k10_06_2,2,AT_T10, HM, TP_k10_06, k10, 28.02.24," BaSyTec, SN:1937", CH17, ATT DY200T, 10°C, bottom rear right,4.481053383377243
1106,TP_k11_01_1,1,ET_T45, HM, HM013, k11, 12.09.2021," BaSyTec, SN:1937", CH25, ATT DY200T, 45°C, top front mittig,4.912079642125558
1107,TP_k11_01_1,1,ET_T23, HM, HM013, k11, 17.09.2021," BaSyTec, SN:1937", CH25, ATT DY200T, 23°C, top front mittig,4.817550063020757
1108,TP_k11_01_1,1,ET_T10, HM, HM013, k11, 10.09.21," BaSyTec, SN:1937", CH25, ATT DY200T, 10°C, top front mittig,4.777965378742402
1109,TP_k11_01_1,2,CU, HM, HM013, k11, 02.11.21," BaSyTec, SN:1936", CH30, ATT DY200T, [23]°C, top rear left,4.726159164669092
1110,TP_k11_01_1,3,exCU, HM, HM013, k11, 29.11.21," BaSyTec, SN:1936", CH30, ATT DY200T, [23]°C, top rear left,4.69865979705359
1111,TP_k11_01_1,4,CU, HM, HM013, k11, 24.01.22," BaSyTec, SN:1936", CH30, ATT DY200T, [23]°C, top rear left,4.654043599024917
1112,TP_k11_01_1,5,exCU, HM, HM013, k11, 21.03.22," BaSyTec, SN:1936", CH30, ATT DY200T, [23]°C, top rear left,4.609681375505499
1113,TP_k11_01_1,6,CU, HM, HM013, k11, 16.05.22," BaSyTec, SN:1936", CH30, ATT DY200T, [23]°C, top rear left,4.562414820660934
1114,TP_k11_01_1,7,exCU, HM, HM013, k11, 18.07.22," BaSyTec, SN:1936", CH30, ATT DY200T, [23]°C, top rear left,4.503706749093173
1115,TP_k11_01_1,8,AT_T23, HM, HM013, k11, 28.09.22," BaSyTec, SN:1937", CH25, ATT DY200T, 23°C, top front mittig,4.460584458997714
1116,TP_k11_01_1,8,AT_T45, HM, HM013, k11, 28.09.22," BaSyTec, SN:1937", CH25, ATT DY200T, 45°C, top front mittig,4.576555507552522
1117,TP_k11_01_1,8,AT_T10, HM, HM013, k11, 28.09.22," BaSyTec, SN:1937", CH25, ATT DY200T, 10°C, top front mittig,4.321702255493461
1118,TP_k11_01_2,1,ET_T45, HM, TP_k11_01, k11, 08.12.2022," BaSyTec, SN:1937", CH18, ATT DY200T, 45°C, bottom front left,4.95177431125216
1119,TP_k11_01_2,1,ET_T23, HM, TP_k11_01, k11, 11.12.2022," BaSyTec, SN:1937", CH18, ATT DY200T, 23°C, bottom front left,4.858651699732928
1120,TP_k11_01_2,1,ET_T10, HM, TP_k11_01, k11, 06.12.22," BaSyTec, SN:1937", CH18, ATT DY200T, 10°C, bottom front left,4.717175586640039
1121,TP_k11_01_2,2,CU, HM, TP_k11_01, k11, 17.01.23," BaSyTec, SN:1936", CH29, ATT DY200T, 23°C, top rear mittig,4.782761079850536
1122,TP_k11_01_2,3,exCU, HM, TP_k11_01, k11, 14.02.23," BaSyTec, SN:1936", CH29, ATT DY200T, 23°C, top rear mittig,4.7474746658590234
1123,TP_k11_01_2,4,CU, HM, TP_k11_01, k11, 12.04.23," BaSyTec, SN:1936", CH29, ATT DY200T, 23°C, top rear mittig,4.702247718804787
1124,TP_k11_01_2,5,exCU, HM, TP_k11_01, k11, 13.06.23," BaSyTec, SN:1936", CH29, ATT DY200T, 23°C, top rear mittig,4.659204842832747
1125,TP_k11_01_2,6,CU, HM, TP_k11_01, k11, 08.08.23," BaSyTec, SN:1936", CH29, ATT DY200T, 23°C, top rear mittig,4.626804142351639
1126,TP_k11_01_2,7,exCU, HM, TP_k11_01, k11, 10.10.23," BaSyTec, SN:1936", CH29, ATT DY200T, 23°C, top rear mittig,4.589393737875373
1127,TP_k11_01_2,8,CU, HM, TP_k11_01, k11, 05.12.23," BaSyTec, SN:1936", CH29, ATT DY200T, 23°C, top rear mittig,4.5578539444550135
1128,TP_k11_01_2,9,exCU, HM, TP_k11_01, k11, 06.02.24," BaSyTec, SN:1936", CH29, ATT DY200T, 23°C, top rear mittig,4.524554304143372
1129,TP_k11_01_2,10,AT_T10, HM, TP_k11_01, k11, 28.02.24," BaSyTec, SN:1937", CH18, ATT DY200T, 10°C, bottom front left,4.3748639046235756
1130,TP_k11_01_2,10,AT_T23, HM, TP_k11_01, k11, 28.02.24," BaSyTec, SN:1937", CH18, ATT DY200T, 23°C, bottom front left,4.503874819381454
1131,TP_k11_01_2,10,AT_T45, HM, TP_k11_01, k11, 28.02.24," BaSyTec, SN:1937", CH18, ATT DY200T, 45°C, bottom front left,4.62280490080243
1132,TP_k11_02_1,1,ET_T45, HM, HM014, k11, 12.09.2021," BaSyTec, SN:1937", CH09, ATT DY200T, 45°C, bottom front left,4.980114807294479
1133,TP_k11_02_1,1,ET_T23, HM, HM014, k11, 17.09.2021," BaSyTec, SN:1937", CH09, ATT DY200T, 23°C, bottom front left,4.866792104792128
1134,TP_k11_02_1,1,ET_T10, HM, HM014, k11, 10.09.21," BaSyTec, SN:1937", CH09, ATT DY200T, 10°C, bottom front left,4.8153795613532
1135,TP_k11_02_1,2,CU, HM, HM014, k11, 03.11.21," BaSyTec, SN:1936", CH30, ATT DY200T, [23]°C, top rear left,4.797753429758122
1136,TP_k11_02_1,3,exCU, HM, HM014, k11, 01.12.21," BaSyTec, SN:1936", CH30, ATT DY200T, [23]°C, top rear left,4.771740735260318
1137,TP_k11_02_1,4,CU, HM, HM014, k11, 25.01.22," BaSyTec, SN:1936", CH30, ATT DY200T, [23]°C, top rear left,4.724690857552309
1138,TP_k11_02_1,5,exCU, HM, HM014, k11, 23.03.22," BaSyTec, SN:1936", CH30, ATT DY200T, [23]°C, top rear left,4.686531050456486
1139,TP_k11_02_1,6,CU, HM, HM014, k11, 17.05.22," BaSyTec, SN:1936", CH30, ATT DY200T, [23]°C, top rear left,4.635919752978926
1140,TP_k11_02_1,7,exCU, HM, HM014, k11, 20.07.22," BaSyTec, SN:1936", CH30, ATT DY200T, [23]°C, top rear left,4.57229060781061
1141,TP_k11_02_1,8,AT_T23, HM, HM014, k11, 28.09.22," BaSyTec, SN:1937", CH09, ATT DY200T, 23°C, bottom front left,4.500597728410682
1142,TP_k11_02_1,8,AT_T45, HM, HM014, k11, 28.09.22," BaSyTec, SN:1937", CH09, ATT DY200T, 45°C, bottom front left,4.624304872321684
1143,TP_k11_02_1,8,AT_T10, HM, HM014, k11, 28.09.22," BaSyTec, SN:1937", CH09, ATT DY200T, 10°C, bottom front left,4.385347761476341
1144,TP_k11_02_2,1,ET_T45, HM, TP_k11_02, k11, 08.12.2022," BaSyTec, SN:1937", CH19, ATT DY200T, 45°C, bottom front left,4.937261718507665
1145,TP_k11_02_2,1,ET_T23, HM, TP_k11_02, k11, 11.12.2022," BaSyTec, SN:1937", CH19, ATT DY200T, 23°C, bottom front left,4.844423844163596
1146,TP_k11_02_2,1,ET_T10, HM, TP_k11_02, k11, 06.12.22," BaSyTec, SN:1937", CH19, ATT DY200T, 10°C, bottom front left,4.698991311284554
1147,TP_k11_02_2,2,CU, HM, TP_k11_02, k11, 17.01.23," BaSyTec, SN:1936", CH30, ATT DY200T, 23°C, top rear right,4.766118999622129
1148,TP_k11_02_2,3,exCU, HM, TP_k11_02, k11, 14.02.23," BaSyTec, SN:1936", CH30, ATT DY200T, 23°C, top rear right,4.733357178383517
1149,TP_k11_02_2,4,CU, HM, TP_k11_02, k11, 12.04.23," BaSyTec, SN:1936", CH30, ATT DY200T, 23°C, top rear right,4.686879002640104
1150,TP_k11_02_2,5,exCU, HM, TP_k11_02, k11, 13.06.23," BaSyTec, SN:1936", CH30, ATT DY200T, 23°C, top rear right,4.646551309094049
1151,TP_k11_02_2,6,CU, HM, TP_k11_02, k11, 08.08.23," BaSyTec, SN:1936", CH30, ATT DY200T, 23°C, top rear right,4.612005647694864
1152,TP_k11_02_2,7,exCU, HM, TP_k11_02, k11, 10.10.23," BaSyTec, SN:1936", CH30, ATT DY200T, 23°C, top rear right,4.580664150567834
1153,TP_k11_02_2,8,CU, HM, TP_k11_02, k11, 05.12.23," BaSyTec, SN:1936", CH30, ATT DY200T, 23°C, top rear right,4.542700501216778
1154,TP_k11_02_2,9,exCU, HM, TP_k11_02, k11, 06.02.24," BaSyTec, SN:1936", CH30, ATT DY200T, 23°C, top rear right,4.50777955997171
1155,TP_k11_02_2,10,AT_T10, HM, TP_k11_02, k11, 28.02.24," BaSyTec, SN:1937", CH19, ATT DY200T, 10°C, bottom front left,4.367845498741117
1156,TP_k11_02_2,10,AT_T23, HM, TP_k11_02, k11, 28.02.24," BaSyTec, SN:1937", CH19, ATT DY200T, 23°C, bottom front left,4.49360989677702
1157,TP_k11_02_2,10,AT_T45, HM, TP_k11_02, k11, 28.02.24," BaSyTec, SN:1937", CH19, ATT DY200T, 45°C, bottom front left,4.613297356301821
1158,TP_k11_03_1,1,ET_T10, HM, HM015, k11, 10.09.21," BaSyTec, SN:1937", CH10, ATT DY200T, 10°C, bottom front mittig,4.8170183901807215
1159,TP_k11_03_1,1,ET_T23, HM, HM015, k11, 17.09.2021," BaSyTec, SN:1937", CH10, ATT DY200T, 23°C, bottom front mittig,4.87817518202827
1160,TP_k11_03_1,1,ET_T45, HM, HM015, k11, 12.09.2021," BaSyTec, SN:1937", CH10, ATT DY200T, 45°C, bottom front mittig,4.987171983047077
1161,TP_k11_03_1,2,CU, HM, HM015, k11, 03.11.21," BaSyTec, SN:1936", CH31, ATT DY200T, [23]°C, top rear left,4.799475036054064
1162,TP_k11_03_1,3,exCU, HM, HM015, k11, 01.12.21," BaSyTec, SN:1936", CH31, ATT DY200T, [23]°C, top rear left,4.77767750098069
1163,TP_k11_03_1,4,CU, HM, HM015, k11, 25.01.22," BaSyTec, SN:1936", CH31, ATT DY200T, [23]°C, top rear left,4.727911529670467
1164,TP_k11_03_1,5,exCU, HM, HM015, k11, 23.03.22," BaSyTec, SN:1936", CH31, ATT DY200T, [23]°C, top rear left,4.686628125598773
1165,TP_k11_03_1,6,CU, HM, HM015, k11, 17.05.22," BaSyTec, SN:1936", CH31, ATT DY200T, [23]°C, top rear left,4.63799753005354
1166,TP_k11_03_1,7,exCU, HM, HM015, k11, 20.07.22," BaSyTec, SN:1936", CH31, ATT DY200T, [23]°C, top rear left,4.567867280359438
1167,TP_k11_03_1,8,AT_T10, HM, HM015, k11, 28.09.22," BaSyTec, SN:1937", CH10, ATT DY200T, 10°C, bottom front mittig,4.385065505643528
1168,TP_k11_03_1,8,AT_T45, HM, HM015, k11, 28.09.22," BaSyTec, SN:1937", CH10, ATT DY200T, 45°C, bottom front mittig,4.625305409603352
1169,TP_k11_03_1,8,AT_T23, HM, HM015, k11, 28.09.22," BaSyTec, SN:1937", CH10, ATT DY200T, 23°C, bottom front mittig,4.501517388002158
1170,TP_k11_03_2,1,ET_T10, HM, TP_k11_03, k11, 06.12.22," BaSyTec, SN:1937", CH20, ATT DY200T, 10°C, bottom front mittig,4.673068931288132
1171,TP_k11_03_2,1,ET_T23, HM, TP_k11_03, k11, 11.12.2022," BaSyTec, SN:1937", CH20, ATT DY200T, 23°C, bottom front mittig,4.838185976429383
1172,TP_k11_03_2,1,ET_T45, HM, TP_k11_03, k11, 08.12.2022," BaSyTec, SN:1937", CH20, ATT DY200T, 45°C, bottom front mittig,4.930566152400686
1173,TP_k11_03_2,2,CU, HM, TP_k11_03, k11, 17.01.23," BaSyTec, SN:1936", CH31, ATT DY200T, 23°C, top rear right,4.763440160584718
1174,TP_k11_03_2,3,exCU, HM, TP_k11_03, k11, 14.02.23," BaSyTec, SN:1936", CH31, ATT DY200T, 23°C, top rear right,4.729387667033075
1175,TP_k11_03_2,4,CU, HM, TP_k11_03, k11, 12.04.23," BaSyTec, SN:1936", CH31, ATT DY200T, 23°C, top rear right,4.683831820235002
1176,TP_k11_03_2,5,exCU, HM, TP_k11_03, k11, 13.06.23," BaSyTec, SN:1936", CH31, ATT DY200T, 23°C, top rear right,4.646390714659632
1177,TP_k11_03_2,6,CU, HM, TP_k11_03, k11, 08.08.23," BaSyTec, SN:1936", CH31, ATT DY200T, 23°C, top rear right,4.6080711914934405
1178,TP_k11_03_2,7,exCU, HM, TP_k11_03, k11, 10.10.23," BaSyTec, SN:1936", CH31, ATT DY200T, 23°C, top rear right,4.576194256555048
1179,TP_k11_03_2,8,CU, HM, TP_k11_03, k11, 05.12.23," BaSyTec, SN:1936", CH31, ATT DY200T, 23°C, top rear right,4.541798246545067
1180,TP_k11_03_2,9,exCU, HM, TP_k11_03, k11, 06.02.24," BaSyTec, SN:1936", CH31, ATT DY200T, 23°C, top rear right,4.50776074478302
1181,TP_k11_03_2,10,AT_T45, HM, TP_k11_03, k11, 28.02.24," BaSyTec, SN:1937", CH20, ATT DY200T, 45°C, bottom front mittig,4.598724675153182
1182,TP_k11_03_2,10,AT_T23, HM, TP_k11_03, k11, 28.02.24," BaSyTec, SN:1937", CH20, ATT DY200T, 23°C, bottom front mittig,4.477676261741719
1183,TP_k11_03_2,10,AT_T10, HM, TP_k11_03, k11, 28.02.24," BaSyTec, SN:1937", CH20, ATT DY200T, 10°C, bottom front mittig,4.347761462756392
1184,TP_k11_04_1,1,ET_T10, HM, HM028, k11, 10.09.21," BaSyTec, SN:1937", CH29, ATT DY200T, 10°C, top front right,4.844148233807667
1185,TP_k11_04_1,1,ET_T23, HM, HM028, k11, 17.09.2021," BaSyTec, SN:1937", CH29, ATT DY200T, 23°C, top front right,4.9094903632218365
1186,TP_k11_04_1,1,ET_T45, HM, HM028, k11, 12.09.2021," BaSyTec, SN:1937", CH29, ATT DY200T, 45°C, top front right,5.001374374134899
1187,TP_k11_04_1,2,AT_T10, HM, HM028, k11, 28.09.22," BaSyTec, SN:1937", CH29, ATT DY200T, 10°C, top front right,4.526861383629176
1188,TP_k11_04_1,2,AT_T23, HM, HM028, k11, 28.09.22," BaSyTec, SN:1937", CH29, ATT DY200T, 23°C, top front right,4.642187654916562
1189,TP_k11_04_1,2,AT_T45, HM, HM028, k11, 28.09.22," BaSyTec, SN:1937", CH29, ATT DY200T, 45°C, top front right,4.735760691516051
1190,TP_k11_04_2,1,ET_T10, HM, TP_k11_04, k11, 06.12.22," BaSyTec, SN:1937", CH21, ATT DY200T, 10°C, bottom front mittig,4.725820429072857
1191,TP_k11_04_2,1,ET_T23, HM, TP_k11_04, k11, 11.12.2022," BaSyTec, SN:1937", CH21, ATT DY200T, 23°C, bottom front mittig,4.854850028859797
1192,TP_k11_04_2,1,ET_T45, HM, TP_k11_04, k11, 08.12.2022," BaSyTec, SN:1937", CH21, ATT DY200T, 45°C, bottom front mittig,4.94561903818132
1193,TP_k11_04_2,2,AT_T10, HM, TP_k11_04, k11, 28.02.24," BaSyTec, SN:1937", CH21, ATT DY200T, 10°C, bottom front mittig,4.45474329595268
1194,TP_k11_04_2,2,AT_T23, HM, TP_k11_04, k11, 28.02.24," BaSyTec, SN:1937", CH21, ATT DY200T, 23°C, bottom front mittig,4.587435654000825
1195,TP_k11_04_2,2,AT_T45, HM, TP_k11_04, k11, 28.02.24," BaSyTec, SN:1937", CH21, ATT DY200T, 45°C, bottom front mittig,4.694474599936575
1196,TP_k11_05_1,1,ET_T45, HM, HM029, k11, 12.09.2021," BaSyTec, SN:1937", CH20, ATT DY200T, 45°C, top rear mittig,4.971700830508695
1197,TP_k11_05_1,1,ET_T23, HM, HM029, k11, 17.09.2021," BaSyTec, SN:1937", CH20, ATT DY200T, 23°C, top rear mittig,4.858210112090629
1198,TP_k11_05_1,1,ET_T10, HM, HM029, k11, 10.09.21," BaSyTec, SN:1937", CH20, ATT DY200T, 10°C, top rear mittig,4.821697955774626
1199,TP_k11_05_1,2,AT_T45, HM, HM029, k11, 28.09.22," BaSyTec, SN:1937", CH20, ATT DY200T, 45°C, top rear mittig,4.7115333641673995
1200,TP_k11_05_1,2,AT_T23, HM, HM029, k11, 28.09.22," BaSyTec, SN:1937", CH20, ATT DY200T, 23°C, top rear mittig,4.612409820581668
1201,TP_k11_05_1,2,AT_T10, HM, HM029, k11, 28.09.22," BaSyTec, SN:1937", CH20, ATT DY200T, 10°C, top rear mittig,4.5230066748459485
1202,TP_k11_05_2,1,ET_T45, HM, TP_k11_05, k11, 08.12.2022," BaSyTec, SN:1937", CH22, ATT DY200T, 45°C, bottom front right,4.943441040639451
1203,TP_k11_05_2,1,ET_T23, HM, TP_k11_05, k11, 11.12.2022," BaSyTec, SN:1937", CH22, ATT DY200T, 23°C, bottom front right,4.857493663127002
1204,TP_k11_05_2,1,ET_T10, HM, TP_k11_05, k11, 06.12.22," BaSyTec, SN:1937", CH22, ATT DY200T, 10°C, bottom front right,4.727350530895583
1205,TP_k11_05_2,2,AT_T45, HM, TP_k11_05, k11, 28.02.24," BaSyTec, SN:1937", CH22, ATT DY200T, 45°C, bottom front right,4.691361952366123
1206,TP_k11_05_2,2,AT_T23, HM, TP_k11_05, k11, 28.02.24," BaSyTec, SN:1937", CH22, ATT DY200T, 23°C, bottom front right,4.5810298647088
1207,TP_k11_05_2,2,AT_T10, HM, TP_k11_05, k11, 28.02.24," BaSyTec, SN:1937", CH22, ATT DY200T, 10°C, bottom front right,4.450752966444042
1208,TP_k11_06_1,1,ET_T45, HM, HM030, k11, 12.09.2021," BaSyTec, SN:1937", CH21, ATT DY200T, 45°C, top rear mittig,4.994135909057519
1209,TP_k11_06_1,1,ET_T23, HM, HM030, k11, 17.09.2021," BaSyTec, SN:1937", CH21, ATT DY200T, 23°C, top rear mittig,4.89390246678747
1210,TP_k11_06_1,1,ET_T10, HM, HM030, k11, 10.09.21," BaSyTec, SN:1937", CH21, ATT DY200T, 10°C, top rear mittig,4.838921749997527
1211,TP_k11_06_1,2,AT_T45, HM, HM030, k11, 28.09.22," BaSyTec, SN:1937", CH21, ATT DY200T, 45°C, top rear mittig,4.729742729919293
1212,TP_k11_06_1,2,AT_T23, HM, HM030, k11, 28.09.22," BaSyTec, SN:1937", CH21, ATT DY200T, 23°C, top rear mittig,4.619791914559653
1213,TP_k11_06_1,2,AT_T10, HM, HM030, k11, 28.09.22," BaSyTec, SN:1937", CH21, ATT DY200T, 10°C, top rear mittig,4.529603872888568
1214,TP_k11_06_2,1,ET_T45, HM, TP_k11_06, k11, 08.12.2022," BaSyTec, SN:1937", CH23, ATT DY200T, 45°C, bottom front right,4.945991595601728
1215,TP_k11_06_2,1,ET_T23, HM, TP_k11_06, k11, 11.12.2022," BaSyTec, SN:1937", CH23, ATT DY200T, 23°C, bottom front right,4.858846713735343
1216,TP_k11_06_2,1,ET_T10, HM, TP_k11_06, k11, 06.12.22," BaSyTec, SN:1937", CH23, ATT DY200T, 10°C, bottom front right,4.731869950154069
1217,TP_k11_06_2,2,AT_T45, HM, TP_k11_06, k11, 28.02.24," BaSyTec, SN:1937", CH23, ATT DY200T, 45°C, bottom front right,4.685757910691407
1218,TP_k11_06_2,2,AT_T23, HM, TP_k11_06, k11, 28.02.24," BaSyTec, SN:1937", CH23, ATT DY200T, 23°C, bottom front right,4.577617074738255
1219,TP_k11_06_2,2,AT_T10, HM, TP_k11_06, k11, 28.02.24," BaSyTec, SN:1937", CH23, ATT DY200T, 10°C, bottom front right,4.448832004545848
1220,TP_z01_01_1,1,ET_T23, SIE, S019, z01, 26.09.2021," Basytec XCTS, SN:560-234", CH00, Binder KB115 #10, 23°C, bottom left,4.761029760608739
1221,TP_z01_01_1,1,ET_T45, SIE, S019, z01, 23.09.2021," Basytec XCTS, SN:560-234", CH00, Binder KB115 #10, 45°C, bottom left,4.860438512397208
1222,TP_z01_01_1,1,ET_T10, SIE, S019, z01, 21.09.2021," Basytec XCTS, SN:560-234", CH00, Binder KB115 #10, 10°C, bottom left,4.695079456851756
1223,TP_z01_01_1,2,ZYK, SIE, S019, z01, 21.09.2021," Basytec XCTS, SN:560-234", CH00, Binder KB115 #10, 23°C, bottom left,
1224,TP_z01_01_1,3,CU, SIE, S019, z01, 13.10.2021," Basytec XCTS, SN:560-234", CH00, Binder KB115 #10, 23°C, bottom left,4.759509033000137
1225,TP_z01_01_1,4,ZYK, SIE, S019, z01, 15.10.2021," Basytec XCTS, SN:560-234", CH00, Binder KB115 #10, 23°C, bottom left,
1226,TP_z01_01_1,5,CU, SIE, S019, z01, 26.10.2021," Basytec XCTS, SN:560-234", CH00, Binder KB115 #10, 23°C, bottom left,4.734479571812084
1227,TP_z01_01_1,6,ZYK, SIE, S019, z01, 27.10.2021," Basytec XCTS, SN:560-234", CH00, Binder KB115 #10, 23°C, bottom left,
1228,TP_z01_01_1,7,exCU, SIE, S019, z01, 03.11.2021," Basytec XCTS, SN:560-234", CH00, Binder KB115 #10, 23°C, bottom left,4.71610157481243
1229,TP_z01_01_1,8,ZYK, SIE, S019, z01, 09.11.2021," Basytec XCTS, SN:560-234", CH00, Binder KB115 #10, 23°C, bottom left,
1230,TP_z01_01_1,9,CU, SIE, S019, z01, 23.11.2021," Basytec XCTS, SN:560-234", CH00, Binder KB115 #10, 23°C, bottom left,4.684830303794673
1231,TP_z01_01_1,10,ZYK, SIE, S019, z01, 24.11.2021," Basytec XCTS, SN:560-234", CH00, Binder KB115 #10, 23°C, bottom left,
1232,TP_z01_01_1,11,CU, SIE, S019, z01, 07.12.2021," Basytec XCTS, SN:560-234", CH00, Binder KB115 #10, 23°C, bottom left,4.670188409301467
1233,TP_z01_01_1,12,ZYK, SIE, S019, z01, 08.12.2021," Basytec XCTS, SN:560-234", CH00, Binder KB115 #10, 23°C, bottom left,
1234,TP_z01_01_1,13,CU, SIE, S019, z01, 21.12.2021," Basytec XCTS, SN:560-234", CH00, Binder KB115 #10, 23°C, bottom left,4.652764615714981
1235,TP_z01_01_1,14,ZYK, SIE, S019, z01, 21.12.2021," Basytec XCTS, SN:560-234", CH00, Binder KB115 #10, 23°C, bottom left,
1236,TP_z01_01_1,15,CU, SIE, S019, z01, 18.01.2022," Basytec XCTS, SN:560-234", CH00, Binder KB115 #10, 23°C, bottom left,4.618026455695119
1237,TP_z01_01_1,16,ZYK, SIE, S019, z01, 19.01.2022," Basytec XCTS, SN:560-234", CH00, Binder KB115 #10, 23°C, bottom left,
1238,TP_z01_01_1,17,CU, SIE, S019, z01, 15.02.2022," Basytec XCTS, SN:560-234", CH00, Binder KB115 #10, 23°C, bottom left,4.589918521315716
1239,TP_z01_01_1,18,ZYK, SIE, S019, z01, 16.02.2022," Basytec XCTS, SN:560-234", CH00, Binder KB115 #10, 23°C, bottom left,
1240,TP_z01_01_1,19,exCU, SIE, S019, z01, 15.03.2022," Basytec XCTS, SN:560-234", CH00, Binder KB115 #10, 23°C, bottom left,4.564163306245933
1241,TP_z01_01_1,20,ZYK, SIE, S019, z01, 16.03.2022," Basytec XCTS, SN:560-234", CH00, Binder KB115 #10, 23°C, bottom left,
1242,TP_z01_01_1,21,CU, SIE, S019, z01, 05.04.2022," Basytec XCTS, SN:560-234", CH00, Binder KB115 #10, 23°C, bottom left,4.544908445473008
1243,TP_z01_01_1,22,ZYK, SIE, S019, z01, 06.03.2022," Basytec XCTS, SN:560-234", CH00, Binder KB115 #10, 23°C, bottom left,
1244,TP_z01_01_1,23,CU, SIE, S019, z01, 03.05.2022," Basytec XCTS, SN:560-234", CH00, Binder KB115 #10, 23°C, bottom left,4.520481041169031
1245,TP_z01_01_1,24,ZYK, SIE, S019, z01, 24.05.2022," Basytec XCTS, SN:560-234", CH00, Binder KB115 #10, 23°C, bottom left,
1246,TP_z01_01_1,25,exCU, SIE, S019, z01, 31.05.2022," Basytec XCTS, SN:560-234", CH00, Binder KB115 #10, 23°C, bottom left,4.497433212298158
1247,TP_z01_01_1,26,ZYK, SIE, S019, z01, 01.06.2022," Basytec XCTS, SN:560-234", CH00, Binder KB115 #10, 23°C, bottom left,
1248,TP_z01_01_1,27,CU, SIE, S019, z01, 28.06.2022," Basytec XCTS, SN:560-234", CH00, Binder KB115 #10, 23°C, bottom left,4.474482733634675
1249,TP_z01_01_1,28,ZYK, SIE, S019, z01, 29.06.2022," Basytec XCTS, SN:560-234", CH00, Binder KB115 #10, 23°C, bottom left,
1250,TP_z01_01_1,29,CU, SIE, S019, z01, 09.08.2022," Basytec XCTS, SN:560-234", CH00, Binder KB115 #10, 23°C, bottom left,4.444342964152633
1251,TP_z01_01_1,30,ZYK, SIE, S019, z01, 10.08.2022," Basytec XCTS, SN:560-234", CH00, Binder KB115 #10, 23°C, bottom left,
1252,TP_z01_01_1,31,exCU, SIE, S019, z01, 06.09.2022," Basytec XCTS, SN:560-234", CH00, Binder KB115 #10, 23°C, bottom left,4.425509942601998
1253,TP_z01_01_1,32,ZYK, SIE, S019, z01, 07.09.2022," Basytec XCTS, SN:560-234", CH00, Binder KB115 #10, 23°C, bottom left,
1254,TP_z01_01_1,33,AT_T10, SIE, S019, z01, 27.09.2022," Basytec XCTS, SN:560-234", CH00, Binder KB115 #10, 10°C, bottom left,4.338121255434346
1255,TP_z01_01_1,33,AT_T45, SIE, S019, z01, 27.09.2022," Basytec XCTS, SN:560-234", CH00, Binder KB115 #10, 45°C, bottom left,4.466977485362152
1256,TP_z01_01_1,33,AT_T23, SIE, S019, z01, 27.09.2022," Basytec XCTS, SN:560-234", CH00, Binder KB115 #10, 23°C, bottom left,4.3906682021182135
1257,TP_z01_01_2,1,ET_T23, SIE, 021, z01, 04.02.2023, BaSyTec GSM.X.62.43.0427, CH00," Binder KB115 #10, SN:20200000019983", 23°C, bottom left,4.869385068829015
1258,TP_z01_01_2,1,ET_T45, SIE, 021, z01, 01.02.2023, BaSyTec GSM.X.62.43.0427, CH00," Binder KB115 #10, SN:20200000019983", 45°C, bottom left,4.970131270419596
1259,TP_z01_01_2,1,ET_T10, SIE, 021, z01, 30.01.2023, BaSyTec GSM.X.62.43.0427, CH00," Binder KB115 #10, SN:20200000019983", 10°C, bottom left,4.777370741472536
1260,TP_z01_01_2,2,ZYK, SIE, 021, z01, 13.02.2023, BaSyTec GSM.X.62.43.0427, CH00," Binder KB115 #10, SN:20200000019983", 45°C, bottom left,
1261,TP_z01_01_2,3,CU, SIE, 021, z01, 21.02.2023, BaSyTec GSM.X.62.43.0427, CH00," Binder KB115 #10, SN:20200000019983", 23°C, bottom left,4.821355920578073
1262,TP_z01_01_2,4,ZYK, SIE, 021, z01, 22.02.2023, BaSyTec GSM.X.62.43.0427, CH00," Binder KB115 #10, SN:20200000019983", 45°C, bottom left,
1263,TP_z01_01_2,5,CU, SIE, 021, z01, 28.02.2023, BaSyTec GSM.X.62.43.0427, CH00," Binder KB115 #10, SN:20200000019983", 23°C, bottom left,4.795753471051087
1264,TP_z01_01_2,6,ZYK, SIE, 021, z01, 29.02.2023, BaSyTec GSM.X.62.43.0427, CH00," Binder KB115 #10, SN:20200000019983", 45°C, bottom left,
1265,TP_z01_01_2,7,exCU, SIE, 021, z01, 07.03.2023, BaSyTec GSM.X.62.43.0427, CH00," Binder KB115 #10, SN:20200000019983", 23°C, bottom left,4.78052967211527
1266,TP_z01_01_2,8,ZYK, SIE, 021, z01, 09.03.2023, BaSyTec GSM.X.62.43.0427, CH00," Binder KB115 #10, SN:20200000019983", 45°C, bottom left,
1267,TP_z01_01_2,9,CU, SIE, 021, z01, 21.03.2023, BaSyTec GSM.X.62.43.0427, CH00," Binder KB115 #10, SN:20200000019983", 23°C, bottom left,4.751869913104883
1268,TP_z01_01_2,10,ZYK, SIE, 021, z01, 22.03.2023, BaSyTec GSM.X.62.43.0427, CH00," Binder KB115 #10, SN:20200000019983", 45°C, bottom left,
1269,TP_z01_01_2,11,CU, SIE, 021, z01, 04.04.2023, BaSyTec GSM.X.62.43.0427, CH00," Binder KB115 #10, SN:20200000019983", 23°C, bottom left,4.727007937417305
1270,TP_z01_01_2,12,ZYK, SIE, 021, z01, 05.04.2023, BaSyTec GSM.X.62.43.0427, CH00," Binder KB115 #10, SN:20200000019983", 45°C, bottom left,
1271,TP_z01_01_2,13,exCU, SIE, 021, z01, 18.04.2023, BaSyTec GSM.X.62.43.0427, CH00," Binder KB115 #10, SN:20200000019983", 23°C, bottom left,4.704499778854771
1272,TP_z01_01_2,14,ZYK, SIE, 021, z01, 20.04.2023, BaSyTec GSM.X.62.43.0427, CH00," Binder KB115 #10, SN:20200000019983", 45°C, bottom left,
1273,TP_z01_01_2,15,CU, SIE, 021, z01, 16.05.2023, BaSyTec GSM.X.62.43.0427, CH00," Binder KB115 #10, SN:20200000019983", 23°C, bottom left,4.662101905947429
1274,TP_z01_01_2,16,ZYK, SIE, 021, z01, 17.05.2023, BaSyTec GSM.X.62.43.0427, CH00," Binder KB115 #10, SN:20200000019983", 45°C, bottom left,
1275,TP_z01_01_2,17,CU, SIE, 021, z01, 13.06.2023, BaSyTec GSM.X.62.43.0427, CH00," Binder KB115 #10, SN:20200000019983", 23°C, bottom left,4.627148455642915
1276,TP_z01_01_2,18,ZYK, SIE, 021, z01, 14.06.2023, BaSyTec GSM.X.62.43.0427, CH00," Binder KB115 #10, SN:20200000019983", 45°C, bottom left,
1277,TP_z01_01_2,19,exCU, SIE, 021, z01, 11.07.2023, BaSyTec GSM.X.62.43.0427, CH00," Binder KB115 #10, SN:20200000019983", 23°C, bottom left,4.590680268634866
1278,TP_z01_01_2,20,ZYK, SIE, 021, z01, 13.07.2023, BaSyTec GSM.X.62.43.0427, CH00," Binder KB115 #10, SN:20200000019983", 45°C, bottom left,
1279,TP_z01_01_2,21,CU, SIE, 021, z01, 08.08.2023, BaSyTec GSM.X.62.43.0427, CH00," Binder KB115 #10, SN:20200000019983", 23°C, bottom left,4.554501704584956
1280,TP_z01_01_2,22,ZYK, SIE, 021, z01, 09.08.2023, BaSyTec GSM.X.62.43.0427, CH00," Binder KB115 #10, SN:20200000019983", 45°C, bottom left,
1281,TP_z01_01_2,23,CU, SIE, 021, z01, 05.09.2023, BaSyTec GSM.X.62.43.0427, CH00," Binder KB115 #10, SN:20200000019983", 23°C, bottom left,4.52493445547252
1282,TP_z01_01_2,25,exCU, SIE, 021, z01, 10.10.2023, BaSyTec GSM.X.62.43.0427, CH00," Binder KB115 #10, SN:20200000019983", 23°C, bottom left,4.487123346563117
1283,TP_z01_01_2,26,ZYK, SIE, 021, z01, 12.10.2023, BaSyTec GSM.X.62.43.0427, CH00," Binder KB115 #10, SN:20200000019983", 45°C, bottom left,
1284,TP_z01_01_2,27,CU, SIE, 021, z01, 06.11.2023, BaSyTec GSM.X.62.43.0427, CH00," Binder KB115 #10, SN:20200000019983", 23°C, bottom left,4.459541626519961
1285,TP_z01_01_2,28,ZYK, SIE, 021, z01, 07.11.2023, BaSyTec GSM.X.62.43.0427, CH00," Binder KB115 #10, SN:20200000019983", 45°C, bottom left,
1286,TP_z01_01_2,29,CU, SIE, 021, z01, 04.12.2023, BaSyTec GSM.X.62.43.0427, CH00," Binder KB115 #10, SN:20200000019983", 23°C, bottom left,4.433001100762994
1287,TP_z01_01_2,30,ZYK, SIE, 021, z01, 06.12.2023, BaSyTec GSM.X.62.43.0427, CH00," Binder KB115 #10, SN:20200000019983", 45°C, bottom left,
1288,TP_z01_01_2,31,CU, SIE, 021, z01, 10.01.2024, BaSyTec GSM.X.62.43.0427, CH00," Binder KB115 #10, SN:20200000019983", 23°C, bottom left,4.399205748966541
1289,TP_z01_01_2,32,ZYK, SIE, 021, z01, 15.01.2024, BaSyTec GSM.X.62.43.0427, CH00," Binder KB115 #10, SN:20200000019983", 45°C, bottom left,
1290,TP_z01_01_2,33,AT_T10, SIE, 021, z01, 30.01.2024, BaSyTec GSM.X.62.43.0427, CH00," Binder KB115 #10, SN:20200000019983", 10°C, bottom left,4.307766659636398
1291,TP_z01_01_2,33,AT_T45, SIE, 021, z01, 30.01.2024, BaSyTec GSM.X.62.43.0427, CH00," Binder KB115 #10, SN:20200000019983", 45°C, bottom left,4.435468989314815
1292,TP_z01_01_2,33,AT_T23, SIE, 021, z01, 30.01.2024, BaSyTec GSM.X.62.43.0427, CH00," Binder KB115 #10, SN:20200000019983", 23°C, bottom left,4.374241302046954
1293,TP_z01_02_1,1,ET_T23, SIE, S020, z01, 26.09.2021," Basytec XCTS, SN:560-234", CH01, Binder KB115 #10, 23°C, bottom halb left,4.846124532775386
1294,TP_z01_02_1,1,ET_T45, SIE, S020, z01, 23.09.2021," Basytec XCTS, SN:560-234", CH01, Binder KB115 #10, 23°C, bottom halb left,4.931444515629788
1295,TP_z01_02_1,1,ET_T10, SIE, S020, z01, 21.09.2021," Basytec XCTS, SN:560-234", CH01, Binder KB115 #10, 10°C, bottom halb left,4.793119828124723
1296,TP_z01_02_1,2,ZYK, SIE, S020, z01, 05.10.2021," Basytec XCTS, SN:560-234", CH01, Binder KB115 #10, 23°C, bottom halb left,
1297,TP_z01_02_1,3,CU, SIE, S020, z01, 13.10.2021," Basytec XCTS, SN:560-234", CH01, Binder KB115 #10, 23°C, bottom halb left,4.808069678518292
1298,TP_z01_02_1,4,ZYK, SIE, S020, z01, 15.10.2021," Basytec XCTS, SN:560-234", CH01, Binder KB115 #10, 23°C, bottom halb left,
1299,TP_z01_02_1,5,CU, SIE, S020, z01, 26.10.2021," Basytec XCTS, SN:560-234", CH01, Binder KB115 #10, 23°C, bottom halb left,4.795092460531061
1300,TP_z01_02_1,6,ZYK, SIE, S020, z01, 27.10.2021," Basytec XCTS, SN:560-234", CH01, Binder KB115 #10, 23°C, bottom halb left,
1301,TP_z01_02_1,7,exCU, SIE, S020, z01, 03.11.2021," Basytec XCTS, SN:560-234", CH01, Binder KB115 #10, 23°C, bottom halb left,4.779968154520095
1302,TP_z01_02_1,8,ZYK, SIE, S020, z01, 09.11.2021," Basytec XCTS, SN:560-234", CH01, Binder KB115 #10, 23°C, bottom halb left,
1303,TP_z01_02_1,9,CU, SIE, S020, z01, 23.11.2021," Basytec XCTS, SN:560-234", CH01, Binder KB115 #10, 23°C, bottom halb left,4.752591411844832
1304,TP_z01_02_1,10,ZYK, SIE, S020, z01, 24.11.2021," Basytec XCTS, SN:560-234", CH01, Binder KB115 #10, 23°C, bottom halb left,
1305,TP_z01_02_1,11,CU, SIE, S020, z01, 07.12.2021," Basytec XCTS, SN:560-234", CH01, Binder KB115 #10, 23°C, bottom halb left,4.739982057373085
1306,TP_z01_02_1,12,ZYK, SIE, S020, z01, 08.12.2021," Basytec XCTS, SN:560-234", CH01, Binder KB115 #10, 23°C, bottom halb left,
1307,TP_z01_02_1,13,CU, SIE, S020, z01, 21.12.2021," Basytec XCTS, SN:560-234", CH01, Binder KB115 #10, 23°C, bottom halb left,4.724246242033777
1308,TP_z01_02_1,14,ZYK, SIE, S020, z01, 21.12.2021," Basytec XCTS, SN:560-234", CH01, Binder KB115 #10, 23°C, bottom halb left,
1309,TP_z01_02_1,15,CU, SIE, S020, z01, 18.01.2022," Basytec XCTS, SN:560-234", CH01, Binder KB115 #10, 23°C, bottom halb left,4.693067563636085
1310,TP_z01_02_1,16,ZYK, SIE, S020, z01, 19.01.2022," Basytec XCTS, SN:560-234", CH01, Binder KB115 #10, 23°C, bottom halb left,
1311,TP_z01_02_1,17,CU, SIE, S020, z01, 15.02.2022," Basytec XCTS, SN:560-234", CH01, Binder KB115 #10, 23°C, bottom halb left,4.66741445299413
1312,TP_z01_02_1,18,ZYK, SIE, S020, z01, 16.02.2022," Basytec XCTS, SN:560-234", CH01, Binder KB115 #10, 23°C, bottom halb left,
1313,TP_z01_02_1,19,exCU, SIE, S020, z01, 15.03.2022," Basytec XCTS, SN:560-234", CH01, Binder KB115 #10, 23°C, bottom halb left,4.643035161621272
1314,TP_z01_02_1,20,ZYK, SIE, S020, z01, 16.03.2022," Basytec XCTS, SN:560-234", CH01, Binder KB115 #10, 23°C, bottom halb left,
1315,TP_z01_02_1,21,CU, SIE, S020, z01, 05.04.2022," Basytec XCTS, SN:560-234", CH01, Binder KB115 #10, 23°C, bottom halb left,4.623669589033003
1316,TP_z01_02_1,22,ZYK, SIE, S020, z01, 06.04.2022," Basytec XCTS, SN:560-234", CH01, Binder KB115 #10, 23°C, bottom halb left,
1317,TP_z01_02_1,23,CU, SIE, S020, z01, 03.05.2022," Basytec XCTS, SN:560-234", CH01, Binder KB115 #10, 23°C, bottom halb left,4.600866874125426
1318,TP_z01_02_1,24,ZYK, SIE, S020, z01, 04.05.2022," Basytec XCTS, SN:560-234", CH01, Binder KB115 #10, 23°C, bottom halb left,
1319,TP_z01_02_1,25,exCU, SIE, S020, z01, 31.05.2022," Basytec XCTS, SN:560-234", CH01, Binder KB115 #10, 23°C, bottom halb left,4.579169701291742
1320,TP_z01_02_1,26,ZYK, SIE, S020, z01, 01.06.2022," Basytec XCTS, SN:560-234", CH01, Binder KB115 #10, 23°C, bottom halb left,
1321,TP_z01_02_1,27,CU, SIE, S020, z01, 28.06.2022," Basytec XCTS, SN:560-234", CH01, Binder KB115 #10, 23°C, bottom halb left,4.557423532702547
1322,TP_z01_02_1,28,ZYK, SIE, S020, z01, 29.06.2022," Basytec XCTS, SN:560-234", CH01, Binder KB115 #10, 23°C, bottom halb left,
1323,TP_z01_02_1,29,CU, SIE, S020, z01, 09.08.2022," Basytec XCTS, SN:560-234", CH01, Binder KB115 #10, 23°C, bottom halb left,4.529069843761566
1324,TP_z01_02_1,30,ZYK, SIE, S020, z01, 10.08.2022," Basytec XCTS, SN:560-234", CH01, Binder KB115 #10, 23°C, bottom halb left,
1325,TP_z01_02_1,31,exCU, SIE, S020, z01, 06.09.2022," Basytec XCTS, SN:560-234", CH01, Binder KB115 #10, 23°C, bottom halb left,4.510032686040033
1326,TP_z01_02_1,32,ZYK, SIE, S020, z01, 07.09.2022," Basytec XCTS, SN:560-234", CH01, Binder KB115 #10, 23°C, bottom halb left,
1327,TP_z01_02_1,33,AT_T10, SIE, S020, z01, 27.09.2022," Basytec XCTS, SN:560-234", CH01, Binder KB115 #10, 10°C, bottom halb left,4.422159274122429
1328,TP_z01_02_1,33,AT_T45, SIE, S020, z01, 27.09.2022," Basytec XCTS, SN:560-234", CH01, Binder KB115 #10, 45°C, bottom halb left,4.555896880675818
1329,TP_z01_02_1,33,AT_T23, SIE, S020, z01, 27.09.2022," Basytec XCTS, SN:560-234", CH01, Binder KB115 #10, 23°C, bottom halb left,4.478267025950304
1330,TP_z01_02_2,1,ET_T23, SIE, 047, z01, 04.02.2023, BaSyTec GSM.X.62.43.0427, CH01," Binder KB115 #10, SN:20200000019983", 23°C, bottom halb left,4.869864081038415
1331,TP_z01_02_2,1,ET_T45, SIE, 047, z01, 01.02.2023, BaSyTec GSM.X.62.43.0427, CH01," Binder KB115 #10, SN:20200000019983", 45°C, bottom halb left,4.970056660764834
1332,TP_z01_02_2,1,ET_T10, SIE, 047, z01, 30.01.2023, BaSyTec GSM.X.62.43.0427, CH01," Binder KB115 #10, SN:20200000019983", 10°C, bottom halb left,4.769776312706631
1333,TP_z01_02_2,2,ZYK, SIE, 047, z01, 13.02.2023, BaSyTec GSM.X.62.43.0427, CH01," Binder KB115 #10, SN:20200000019983", 45°C, bottom halb left,
1334,TP_z01_02_2,3,CU, SIE, 047, z01, 21.02.2023, BaSyTec GSM.X.62.43.0427, CH01," Binder KB115 #10, SN:20200000019983", 23°C, bottom halb left,4.826584335987425
1335,TP_z01_02_2,4,ZYK, SIE, 047, z01, 22.02.2023, BaSyTec GSM.X.62.43.0427, CH01," Binder KB115 #10, SN:20200000019983", 45°C, bottom halb left,
1336,TP_z01_02_2,5,CU, SIE, 047, z01, 28.02.2023, BaSyTec GSM.X.62.43.0427, CH01," Binder KB115 #10, SN:20200000019983", 23°C, bottom halb left,4.80291594050192
1337,TP_z01_02_2,6,ZYK, SIE, 047, z01, 29.02.2023, BaSyTec GSM.X.62.43.0427, CH01," Binder KB115 #10, SN:20200000019983", 45°C, bottom halb left,
1338,TP_z01_02_2,7,exCU, SIE, 047, z01, 07.03.2023, BaSyTec GSM.X.62.43.0427, CH01," Binder KB115 #10, SN:20200000019983", 23°C, bottom halb left,4.783702437324035
1339,TP_z01_02_2,8,ZYK, SIE, 047, z01, 09.03.2023, BaSyTec GSM.X.62.43.0427, CH01," Binder KB115 #10, SN:20200000019983", 45°C, bottom halb left,
1340,TP_z01_02_2,9,CU, SIE, 047, z01, 21.03.2023, BaSyTec GSM.X.62.43.0427, CH01," Binder KB115 #10, SN:20200000019983", 23°C, bottom halb left,4.749311454835698
1341,TP_z01_02_2,10,ZYK, SIE, 047, z01, 22.03.2023, BaSyTec GSM.X.62.43.0427, CH01," Binder KB115 #10, SN:20200000019983", 45°C, bottom halb left,
1342,TP_z01_02_2,11,CU, SIE, 047, z01, 04.04.2023, BaSyTec GSM.X.62.43.0427, CH01," Binder KB115 #10, SN:20200000019983", 23°C, bottom halb left,4.7229599173744505
1343,TP_z01_02_2,12,ZYK, SIE, 047, z01, 05.04.2023, BaSyTec GSM.X.62.43.0427, CH01," Binder KB115 #10, SN:20200000019983", 45°C, bottom halb left,
1344,TP_z01_02_2,13,exCU, SIE, 047, z01, 18.04.2023, BaSyTec GSM.X.62.43.0427, CH01," Binder KB115 #10, SN:20200000019983", 23°C, bottom halb left,4.70132300550128
1345,TP_z01_02_2,14,ZYK, SIE, 047, z01, 20.04.2023, BaSyTec GSM.X.62.43.0427, CH01," Binder KB115 #10, SN:20200000019983", 45°C, bottom halb left,
1346,TP_z01_02_2,15,CU, SIE, 047, z01, 16.05.2023, BaSyTec GSM.X.62.43.0427, CH01," Binder KB115 #10, SN:20200000019983", 23°C, bottom halb left,4.661249622212944
1347,TP_z01_02_2,16,ZYK, SIE, 047, z01, 17.05.2023, BaSyTec GSM.X.62.43.0427, CH01," Binder KB115 #10, SN:20200000019983", 45°C, bottom halb left,
1348,TP_z01_02_2,17,CU, SIE, 047, z01, 13.06.2023, BaSyTec GSM.X.62.43.0427, CH01," Binder KB115 #10, SN:20200000019983", 23°C, bottom halb left,4.621706646357193
1349,TP_z01_02_2,18,ZYK, SIE, 047, z01, 14.06.2023, BaSyTec GSM.X.62.43.0427, CH01," Binder KB115 #10, SN:20200000019983", 45°C, bottom halb left,
1350,TP_z01_02_2,19,exCU, SIE, 047, z01, 11.07.2023, BaSyTec GSM.X.62.43.0427, CH01," Binder KB115 #10, SN:20200000019983", 23°C, bottom halb left,4.589488087105132
1351,TP_z01_02_2,20,ZYK, SIE, 047, z01, 13.17.2023, BaSyTec GSM.X.62.43.0427, CH01," Binder KB115 #10, SN:20200000019983", 45°C, bottom halb left,
1352,TP_z01_02_2,21,CU, SIE, 047, z01, 08.08.2023, BaSyTec GSM.X.62.43.0427, CH01," Binder KB115 #10, SN:20200000019983", 23°C, bottom halb left,4.553005334776358
1353,TP_z01_02_2,22,ZYK, SIE, 047, z01, 09.08.2023, BaSyTec GSM.X.62.43.0427, CH01," Binder KB115 #10, SN:20200000019983", 45°C, bottom halb left,
1354,TP_z01_02_2,23,CU, SIE, 047, z01, 05.09.2023, BaSyTec GSM.X.62.43.0427, CH01," Binder KB115 #10, SN:20200000019983", 23°C, bottom halb left,4.526608642235088
1355,TP_z01_02_2,25,exCU, SIE, 047, z01, 10.10.2023, BaSyTec GSM.X.62.43.0427, CH01," Binder KB115 #10, SN:20200000019983", 23°C, bottom halb left,4.486320363716851
1356,TP_z01_02_2,26,ZYK, SIE, 047, z01, 12.10.2023, BaSyTec GSM.X.62.43.0427, CH01," Binder KB115 #10, SN:20200000019983", 45°C, bottom halb left,
1357,TP_z01_02_2,27,CU, SIE, 047, z01, 06.11.2023, BaSyTec GSM.X.62.43.0427, CH01," Binder KB115 #10, SN:20200000019983", 23°C, bottom halb left,4.458627458000745
1358,TP_z01_02_2,28,ZYK, SIE, 047, z01, 07.11.2023, BaSyTec GSM.X.62.43.0427, CH01," Binder KB115 #10, SN:20200000019983", 45°C, bottom halb left,
1359,TP_z01_02_2,29,CU, SIE, 047, z01, 04.12.2023, BaSyTec GSM.X.62.43.0427, CH01," Binder KB115 #10, SN:20200000019983", 23°C, bottom halb left,4.4331126952769
1360,TP_z01_02_2,30,ZYK, SIE, 047, z01, 06.12.2023, BaSyTec GSM.X.62.43.0427, CH01," Binder KB115 #10, SN:20200000019983", 45°C, bottom halb left,
1361,TP_z01_02_2,31,CU, SIE, 047, z01, 10.01.2024, BaSyTec GSM.X.62.43.0427, CH01," Binder KB115 #10, SN:20200000019983", 23°C, bottom halb left,4.401974648861063
1362,TP_z01_02_2,32,ZYK, SIE, 047, z01, 15.01.2024, BaSyTec GSM.X.62.43.0427, CH01," Binder KB115 #10, SN:20200000019983", 45°C, bottom halb left,
1363,TP_z01_02_2,33,AT_T10, SIE, 047, z01, 30.01.2024, BaSyTec GSM.X.62.43.0427, CH01," Binder KB115 #10, SN:20200000019983", 10°C, bottom halb left,4.3087271732355035
1364,TP_z01_02_2,33,AT_T45, SIE, 047, z01, 30.01.2024, BaSyTec GSM.X.62.43.0427, CH01," Binder KB115 #10, SN:20200000019983", 45°C, bottom halb left,4.437257646197124
1365,TP_z01_02_2,33,AT_T23, SIE, 047, z01, 30.01.2024, BaSyTec GSM.X.62.43.0427, CH01," Binder KB115 #10, SN:20200000019983", 23°C, bottom halb left,4.3760660438749515
1366,TP_z01_03_1,1,ET_T10, SIE, S021, z01, 21.09.2021," Basytec XCTS, SN:560-234", CH02, Binder KB115 #10, 10°C, bottom middle,4.711154233857847
1367,TP_z01_03_1,1,ET_T45, SIE, S021, z01, 23.09.2021," Basytec XCTS, SN:560-234", CH02, Binder KB115 #10, 45°C, bottom middle,4.872385066574471
1368,TP_z01_03_1,1,ET_T23, SIE, S021, z01, 26.09.2021," Basytec XCTS, SN:560-234", CH02, Binder KB115 #10, 23°C, bottom middle,4.771349251714671
1369,TP_z01_03_1,2,ZYK, SIE, S021, z01, 05.10.2021," Basytec XCTS, SN:560-234", CH02, Binder KB115 #10, 23°C, bottom middle,
1370,TP_z01_03_1,3,CU, SIE, S021, z01, 13.10.2021," Basytec XCTS, SN:560-234", CH02, Binder KB115 #10, 23°C, bottom middle,4.740682010456146
1371,TP_z01_03_1,4,ZYK, SIE, S021, z01, 15.10.2021," Basytec XCTS, SN:560-234", CH02, Binder KB115 #10, 23°C, bottom middle,
1372,TP_z01_03_1,5,CU, SIE, S021, z01, 26.10.2021," Basytec XCTS, SN:560-234", CH02, Binder KB115 #10, 23°C, bottom middle,4.727152095174154
1373,TP_z01_03_1,6,ZYK, SIE, S021, z01, 27.10.2021," Basytec XCTS, SN:560-234", CH02, Binder KB115 #10, 23°C, bottom middle,
1374,TP_z01_03_1,7,exCU, SIE, S021, z01, 03.11.2021," Basytec XCTS, SN:560-234", CH02, Binder KB115 #10, 23°C, bottom middle,4.709586946352796
1375,TP_z01_03_1,8,ZYK, SIE, S021, z01, 09.11.2021," Basytec XCTS, SN:560-234", CH02, Binder KB115 #10, 23°C, bottom middle,
1376,TP_z01_03_1,9,CU, SIE, S021, z01, 23.11.2021," Basytec XCTS, SN:560-234", CH02, Binder KB115 #10, 23°C, bottom middle,4.6810699348506954
1377,TP_z01_03_1,10,ZYK, SIE, S021, z01, 24.11.2021," Basytec XCTS, SN:560-234", CH02, Binder KB115 #10, 23°C, bottom middle,
1378,TP_z01_03_1,11,CU, SIE, S021, z01, 07.12.2021," Basytec XCTS, SN:560-234", CH02, Binder KB115 #10, 23°C, bottom middle,4.676003528180042
1379,TP_z01_03_1,12,ZYK, SIE, S021, z01, 08.12.2021," Basytec XCTS, SN:560-234", CH02, Binder KB115 #10, 23°C, bottom middle,
1380,TP_z01_03_1,13,CU, SIE, S021, z01, 21.12.2021," Basytec XCTS, SN:560-234", CH02, Binder KB115 #10, 23°C, bottom middle,4.65572208643569
1381,TP_z01_03_1,14,ZYK, SIE, S021, z01, 21.12.2021," Basytec XCTS, SN:560-234", CH02, Binder KB115 #10, 23°C, bottom middle,
1382,TP_z01_03_1,15,CU, SIE, S021, z01, 18.01.2022," Basytec XCTS, SN:560-234", CH02, Binder KB115 #10, 23°C, bottom middle,4.626100581747027
1383,TP_z01_03_1,16,ZYK, SIE, S021, z01, 19.01.2022," Basytec XCTS, SN:560-234", CH02, Binder KB115 #10, 23°C, bottom middle,
1384,TP_z01_03_1,17,CU, SIE, S021, z01, 15.02.2022," Basytec XCTS, SN:560-234", CH02, Binder KB115 #10, 23°C, bottom middle,4.600349276565353
1385,TP_z01_03_1,18,ZYK, SIE, S021, z01, 16.02.2022," Basytec XCTS, SN:560-234", CH02, Binder KB115 #10, 23°C, bottom middle,
1386,TP_z01_03_1,19,exCU, SIE, S021, z01, 15.03.2022," Basytec XCTS, SN:560-234", CH02, Binder KB115 #10, 23°C, bottom middle,4.576637207494496
1387,TP_z01_03_1,20,ZYK, SIE, S021, z01, 16.03.2022," Basytec XCTS, SN:560-234", CH02, Binder KB115 #10, 23°C, bottom middle,
1388,TP_z01_03_1,21,CU, SIE, S021, z01, 05.04.2022," Basytec XCTS, SN:560-234", CH02, Binder KB115 #10, 23°C, bottom middle,4.556913091222381
1389,TP_z01_03_1,22,ZYK, SIE, S021, z01, 06.04.2022," Basytec XCTS, SN:560-234", CH02, Binder KB115 #10, 23°C, bottom middle,
1390,TP_z01_03_1,23,CU, SIE, S021, z01, 03.05.2022," Basytec XCTS, SN:560-234", CH02, Binder KB115 #10, 23°C, bottom middle,4.536543237917236
1391,TP_z01_03_1,24,ZYK, SIE, S021, z01, 04.05.2022," Basytec XCTS, SN:560-234", CH02, Binder KB115 #10, 23°C, bottom middle,
1392,TP_z01_03_1,25,exCU, SIE, S021, z01, 31.05.2022," Basytec XCTS, SN:560-234", CH02, Binder KB115 #10, 23°C, bottom middle,4.515168108789113
1393,TP_z01_03_1,26,ZYK, SIE, S021, z01, 01.06.2022," Basytec XCTS, SN:560-234", CH02, Binder KB115 #10, 23°C, bottom middle,
1394,TP_z01_03_1,27,CU, SIE, S021, z01, 28.06.2022," Basytec XCTS, SN:560-234", CH02, Binder KB115 #10, 23°C, bottom middle,4.494483962522454
1395,TP_z01_03_1,28,ZYK, SIE, S021, z01, 29.06.2022," Basytec XCTS, SN:560-234", CH02, Binder KB115 #10, 23°C, bottom middle,
1396,TP_z01_03_1,29,CU, SIE, S021, z01, 09.08.2022," Basytec XCTS, SN:560-234", CH02, Binder KB115 #10, 23°C, bottom middle,4.466794041649173
1397,TP_z01_03_1,30,ZYK, SIE, S021, z01, 10.08.2022," Basytec XCTS, SN:560-234", CH02, Binder KB115 #10, 23°C, bottom middle,
1398,TP_z01_03_1,31,exCU, SIE, S021, z01, 06.09.2022," Basytec XCTS, SN:560-234", CH02, Binder KB115 #10, 23°C, bottom middle,4.44885310639978
1399,TP_z01_03_1,32,ZYK, SIE, S021, z01, 07.09.2022," Basytec XCTS, SN:560-234", CH02, Binder KB115 #10, 23°C, bottom middle,
1400,TP_z01_03_1,33,AT_T23, SIE, S021, z01, 27.09.2022," Basytec XCTS, SN:560-234", CH02, Binder KB115 #10, 23°C, bottom middle,4.415730892504598
1401,TP_z01_03_1,33,AT_T45, SIE, S021, z01, 27.09.2022," Basytec XCTS, SN:560-234", CH02, Binder KB115 #10, 45°C, bottom middle,4.493077602238138
1402,TP_z01_03_1,33,AT_T10, SIE, S021, z01, 27.09.2022," Basytec XCTS, SN:560-234", CH02, Binder KB115 #10, 10°C, bottom middle,4.3615320068895596
1403,TP_z01_03_2,1,ET_T10, SIE, 182, z01, 30.01.2023, BaSyTec GSM.X.62.43.0427, CH02," Binder KB115 #10, SN:20200000019983", 10°C, bottom middle,4.771434979806138
1404,TP_z01_03_2,1,ET_T45, SIE, 182, z01, 01.02.2023, BaSyTec GSM.X.62.43.0427, CH02," Binder KB115 #10, SN:20200000019983", 45°C, bottom middle,4.964156971397882
1405,TP_z01_03_2,1,ET_T23, SIE, 182, z01, 04.02.2023, BaSyTec GSM.X.62.43.0427, CH02," Binder KB115 #10, SN:20200000019983", 23°C, bottom middle,4.863604671694987
1406,TP_z01_03_2,2,ZYK, SIE, 182, z01, 13.02.2023, BaSyTec GSM.X.62.43.0427, CH02," Binder KB115 #10, SN:20200000019983", 45°C, bottom middle,
1407,TP_z01_03_2,3,CU, SIE, 182, z01, 21.02.2023, BaSyTec GSM.X.62.43.0427, CH02," Binder KB115 #10, SN:20200000019983", 23°C, bottom middle,4.82539709912035
1408,TP_z01_03_2,4,ZYK, SIE, 182, z01, 22.02.2023, BaSyTec GSM.X.62.43.0427, CH02," Binder KB115 #10, SN:20200000019983", 45°C, bottom middle,
1409,TP_z01_03_2,5,CU, SIE, 182, z01, 28.02.2023, BaSyTec GSM.X.62.43.0427, CH02," Binder KB115 #10, SN:20200000019983", 23°C, bottom middle,4.803509741170017
1410,TP_z01_03_2,6,ZYK, SIE, 182, z01, 29.02.2023, BaSyTec GSM.X.62.43.0427, CH02," Binder KB115 #10, SN:20200000019983", 45°C, bottom middle,
1411,TP_z01_03_2,7,exCU, SIE, 182, z01, 07.03.2023, BaSyTec GSM.X.62.43.0427, CH02," Binder KB115 #10, SN:20200000019983", 23°C, bottom middle,4.787235704124343
1412,TP_z01_03_2,8,ZYK, SIE, 182, z01, 09.03.2023, BaSyTec GSM.X.62.43.0427, CH02," Binder KB115 #10, SN:20200000019983", 45°C, bottom middle,
1413,TP_z01_03_2,9,CU, SIE, 182, z01, 21.03.2023, BaSyTec GSM.X.62.43.0427, CH02," Binder KB115 #10, SN:20200000019983", 23°C, bottom middle,4.757260414669646
1414,TP_z01_03_2,10,ZYK, SIE, 182, z01, 22.03.2023, BaSyTec GSM.X.62.43.0427, CH02," Binder KB115 #10, SN:20200000019983", 45°C, bottom middle,
1415,TP_z01_03_2,11,CU, SIE, 182, z01, 04.04.2023, BaSyTec GSM.X.62.43.0427, CH02," Binder KB115 #10, SN:20200000019983", 23°C, bottom middle,4.734092202700224
1416,TP_z01_03_2,12,ZYK, SIE, 182, z01, 05.04.2023, BaSyTec GSM.X.62.43.0427, CH02," Binder KB115 #10, SN:20200000019983", 45°C, bottom middle,
1417,TP_z01_03_2,13,exCU, SIE, 182, z01, 18.04.2023, BaSyTec GSM.X.62.43.0427, CH02," Binder KB115 #10, SN:20200000019983", 23°C, bottom middle,4.7130467534246625
1418,TP_z01_03_2,14,ZYK, SIE, 182, z01, 20.04.2023, BaSyTec GSM.X.62.43.0427, CH02," Binder KB115 #10, SN:20200000019983", 45°C, bottom middle,
1419,TP_z01_03_2,15,CU, SIE, 182, z01, 16.05.2023, BaSyTec GSM.X.62.43.0427, CH02," Binder KB115 #10, SN:20200000019983", 23°C, bottom middle,4.67072494280022
1420,TP_z01_03_2,16,ZYK, SIE, 182, z01, 17.05.2023, BaSyTec GSM.X.62.43.0427, CH02," Binder KB115 #10, SN:20200000019983", 45°C, bottom middle,
1421,TP_z01_03_2,17,CU, SIE, 182, z01, 13.06.2023, BaSyTec GSM.X.62.43.0427, CH02," Binder KB115 #10, SN:20200000019983", 23°C, bottom middle,4.639685459637443
1422,TP_z01_03_2,18,ZYK, SIE, 182, z01, 14.06.2023, BaSyTec GSM.X.62.43.0427, CH02," Binder KB115 #10, SN:20200000019983", 45°C, bottom middle,
1423,TP_z01_03_2,19,exCU, SIE, 182, z01, 11.07.2023, BaSyTec GSM.X.62.43.0427, CH02," Binder KB115 #10, SN:20200000019983", 23°C, bottom middle,4.60696081467532
1424,TP_z01_03_2,20,ZYK, SIE, 182, z01, 13.17.2023, BaSyTec GSM.X.62.43.0427, CH02," Binder KB115 #10, SN:20200000019983", 45°C, bottom middle,
1425,TP_z01_03_2,21,CU, SIE, 182, z01, 08.08.2023, BaSyTec GSM.X.62.43.0427, CH02," Binder KB115 #10, SN:20200000019983", 23°C, bottom middle,4.577209902030127
1426,TP_z01_03_2,22,ZYK, SIE, 182, z01, 09.08.2023, BaSyTec GSM.X.62.43.0427, CH02," Binder KB115 #10, SN:20200000019983", 45°C, bottom middle,
1427,TP_z01_03_2,23,CU, SIE, 182, z01, 05.09.2023, BaSyTec GSM.X.62.43.0427, CH02," Binder KB115 #10, SN:20200000019983", 23°C, bottom middle,4.550308138580476
1428,TP_z01_03_2,25,exCU, SIE, 182, z01, 10.10.2023, BaSyTec GSM.X.62.43.0427, CH02," Binder KB115 #10, SN:20200000019983", 23°C, bottom middle,4.513136240410821
1429,TP_z01_03_2,26,ZYK, SIE, 182, z01, 12.10.2023, BaSyTec GSM.X.62.43.0427, CH02," Binder KB115 #10, SN:20200000019983", 45°C, bottom middle,
1430,TP_z01_03_2,27,CU, SIE, 182, z01, 06.11.2023, BaSyTec GSM.X.62.43.0427, CH02," Binder KB115 #10, SN:20200000019983", 23°C, bottom middle,4.48535853573501
1431,TP_z01_03_2,28,ZYK, SIE, 182, z01, 07.11.2023, BaSyTec GSM.X.62.43.0427, CH02," Binder KB115 #10, SN:20200000019983", 45°C, bottom middle,
1432,TP_z01_03_2,29,CU, SIE, 182, z01, 04.12.2023, BaSyTec GSM.X.62.43.0427, CH02," Binder KB115 #10, SN:20200000019983", 23°C, bottom middle,4.468641601244524
1433,TP_z01_03_2,30,ZYK, SIE, 182, z01, 06.12.2023, BaSyTec GSM.X.62.43.0427, CH02," Binder KB115 #10, SN:20200000019983", 45°C, bottom middle,
1434,TP_z01_03_2,31,CU, SIE, 182, z01, 10.01.2024, BaSyTec GSM.X.62.43.0427, CH02," Binder KB115 #10, SN:20200000019983", 23°C, bottom middle,4.428575192376174
1435,TP_z01_03_2,32,ZYK, SIE, 182, z01, 15.01.2024, BaSyTec GSM.X.62.43.0427, CH02," Binder KB115 #10, SN:20200000019983", 45°C, bottom middle,
1436,TP_z01_03_2,33,AT_T23, SIE, 182, z01, 30.01.2024, BaSyTec GSM.X.62.43.0427, CH02," Binder KB115 #10, SN:20200000019983", 23°C, bottom middle,4.399683221381985
1437,TP_z01_03_2,33,AT_T45, SIE, 182, z01, 30.01.2024, BaSyTec GSM.X.62.43.0427, CH02," Binder KB115 #10, SN:20200000019983", 45°C, bottom middle,4.4611924397526845
1438,TP_z01_03_2,33,AT_T10, SIE, 182, z01, 30.01.2024, BaSyTec GSM.X.62.43.0427, CH02," Binder KB115 #10, SN:20200000019983", 10°C, bottom middle,4.337317865832273
1439,TP_z02_01_1,1,ET_T10, SIE, S022, z02, 21.09.2021," Basytec XCTS, SN:560-234", CH03, Binder KB115 #10, 10°C, bottom halb right,4.79763343085348
1440,TP_z02_01_1,1,ET_T45, SIE, S022, z02, 23.09.2021," Basytec XCTS, SN:560-234", CH03, Binder KB115 #10, 45°C, bottom halb right,4.938158236153322
1441,TP_z02_01_1,1,ET_T23, SIE, S022, z02, 26.09.2021," Basytec XCTS, SN:560-234", CH03, Binder KB115 #10, 23°C, bottom halb right,4.849588322530663
1442,TP_z02_01_1,2,ZYK, SIE, S022, z02, 05.10.2021," Basytec XCTS, SN:560-234", CH03, Binder KB115 #10, 23°C, bottom halb right,
1443,TP_z02_01_1,3,CU, SIE, S022, z02, 13.10.2021," Basytec XCTS, SN:560-234", CH03, Binder KB115 #10, 23°C, bottom halb right,4.828708422325254
1444,TP_z02_01_1,4,ZYK, SIE, S022, z02, 15.10.2021," Basytec XCTS, SN:560-234", CH03, Binder KB115 #10, 23°C, bottom halb right,
1445,TP_z02_01_1,5,CU, SIE, S022, z02, 26.10.2021," Basytec XCTS, SN:560-234", CH03, Binder KB115 #10, 23°C, bottom halb right,4.81957785043359
1446,TP_z02_01_1,6,ZYK, SIE, S022, z02, 27.10.2021," Basytec XCTS, SN:560-234", CH03, Binder KB115 #10, 23°C, bottom halb right,
1447,TP_z02_01_1,7,exCU, SIE, S022, z02, 03.11.2021," Basytec XCTS, SN:560-234", CH03, Binder KB115 #10, 23°C, bottom halb right,4.806977923924546
1448,TP_z02_01_1,8,ZYK, SIE, S022, z02, 09.11.2021," Basytec XCTS, SN:560-234", CH03, Binder KB115 #10, 23°C, bottom halb right,
1449,TP_z02_01_1,9,CU, SIE, S022, z02, 23.11.2021," Basytec XCTS, SN:560-234", CH03, Binder KB115 #10, 23°C, bottom halb right,4.779952754576833
1450,TP_z02_01_1,10,ZYK, SIE, S022, z02, 24.11.2021," Basytec XCTS, SN:560-234", CH03, Binder KB115 #10, 23°C, bottom halb right,
1451,TP_z02_01_1,11,CU, SIE, S022, z02, 07.12.2021," Basytec XCTS, SN:560-234", CH03, Binder KB115 #10, 23°C, bottom halb right,4.773128503454742
1452,TP_z02_01_1,12,ZYK, SIE, S022, z02, 08.12.2021," Basytec XCTS, SN:560-234", CH03, Binder KB115 #10, 23°C, bottom halb right,
1453,TP_z02_01_1,13,CU, SIE, S022, z02, 21.12.2021," Basytec XCTS, SN:560-234", CH03, Binder KB115 #10, 23°C, bottom halb right,4.7624704770564055
1454,TP_z02_01_1,14,ZYK, SIE, S022, z02, 21.12.2021," Basytec XCTS, SN:560-234", CH03, Binder KB115 #10, 23°C, bottom halb right,
1455,TP_z02_01_1,15,CU, SIE, S022, z02, 18.01.2022," Basytec XCTS, SN:560-234", CH03, Binder KB115 #10, 23°C, bottom halb right,4.739217066547244
1456,TP_z02_01_1,16,ZYK, SIE, S022, z02, 19.01.2022," Basytec XCTS, SN:560-234", CH03, Binder KB115 #10, 23°C, bottom halb right,
1457,TP_z02_01_1,17,CU, SIE, S022, z02, 15.02.2022," Basytec XCTS, SN:560-234", CH03, Binder KB115 #10, 23°C, bottom halb right,4.71650951858331
1458,TP_z02_01_1,18,ZYK, SIE, S022, z02, 16.02.2022," Basytec XCTS, SN:560-234", CH03, Binder KB115 #10, 23°C, bottom halb right,
1459,TP_z02_01_1,19,exCU, SIE, S022, z02, 15.03.2022," Basytec XCTS, SN:560-234", CH03, Binder KB115 #10, 23°C, bottom halb right,4.69492439132174
1460,TP_z02_01_1,20,ZYK, SIE, S022, z02, 16.03.2022," Basytec XCTS, SN:560-234", CH03, Binder KB115 #10, 23°C, bottom halb right,
1461,TP_z02_01_1,21,CU, SIE, S022, z02, 05.04.2022," Basytec XCTS, SN:560-234", CH03, Binder KB115 #10, 23°C, bottom halb right,4.676322408724841
1462,TP_z02_01_1,22,ZYK, SIE, S022, z02, 06.04.2022," Basytec XCTS, SN:560-234", CH03, Binder KB115 #10, 23°C, bottom halb right,
1463,TP_z02_01_1,23,CU, SIE, S022, z02, 03.05.2022," Basytec XCTS, SN:560-234", CH03, Binder KB115 #10, 23°C, bottom halb right,4.657164159118832
1464,TP_z02_01_1,24,ZYK, SIE, S022, z02, 04.05.2022," Basytec XCTS, SN:560-234", CH03, Binder KB115 #10, 23°C, bottom halb right,
1465,TP_z02_01_1,25,exCU, SIE, S022, z02, 31.05.2022," Basytec XCTS, SN:560-234", CH03, Binder KB115 #10, 23°C, bottom halb right,4.636767594978002
1466,TP_z02_01_1,26,ZYK, SIE, S022, z02, 01.06.2022," Basytec XCTS, SN:560-234", CH03, Binder KB115 #10, 23°C, bottom halb right,
1467,TP_z02_01_1,27,CU, SIE, S022, z02, 28.06.2022," Basytec XCTS, SN:560-234", CH03, Binder KB115 #10, 23°C, bottom halb right,4.616375264154087
1468,TP_z02_01_1,28,ZYK, SIE, S022, z02, 29.06.2022," Basytec XCTS, SN:560-234", CH03, Binder KB115 #10, 23°C, bottom halb right,
1469,TP_z02_01_1,29,CU, SIE, S022, z02, 09.08.2022," Basytec XCTS, SN:560-234", CH03, Binder KB115 #10, 23°C, bottom halb right,4.589412150711663
1470,TP_z02_01_1,30,ZYK, SIE, S022, z02, 10.08.2022," Basytec XCTS, SN:560-234", CH03, Binder KB115 #10, 23°C, bottom halb right,
1471,TP_z02_01_1,31,exCU, SIE, S022, z02, 06.09.2022," Basytec XCTS, SN:560-234", CH03, Binder KB115 #10, 23°C, bottom halb right,4.573398119042465
1472,TP_z02_01_1,32,ZYK, SIE, S022, z02, 07.09.2022," Basytec XCTS, SN:560-234", CH03, Binder KB115 #10, 23°C, bottom halb right,
1473,TP_z02_01_1,33,AT_T23, SIE, S022, z02, 27.09.2022," Basytec XCTS, SN:560-234", CH03, Binder KB115 #10, 23°C, bottom halb right,4.527952048389398
1474,TP_z02_01_1,33,AT_T45, SIE, S022, z02, 27.09.2022," Basytec XCTS, SN:560-234", CH03, Binder KB115 #10, 45°C, bottom halb right,4.602463342085319
1475,TP_z02_01_1,33,AT_T10, SIE, S022, z02, 27.09.2022," Basytec XCTS, SN:560-234", CH03, Binder KB115 #10, 10°C, bottom halb right,4.495663527157607
1476,TP_z02_01_2,1,ET_T10, SIE, 117, z02, 30.01.2023, BaSyTec GSM.X.62.43.0427, CH03," Binder KB115 #10, SN:20200000019983", 10°C, bottom halb right,4.70619879467586
1477,TP_z02_01_2,1,ET_T45, SIE, 117, z02, 01.02.2023, BaSyTec GSM.X.62.43.0427, CH03," Binder KB115 #10, SN:20200000019983", 45°C, bottom halb right,4.959723283609527
1478,TP_z02_01_2,1,ET_T23, SIE, 117, z02, 04.02.2023, BaSyTec GSM.X.62.43.0427, CH03," Binder KB115 #10, SN:20200000019983", 23°C, bottom halb right,4.848175773991228
1479,TP_z02_01_2,2,ZYK, SIE, 117, z02, 13.02.2023, BaSyTec GSM.X.62.43.0427, CH03," Binder KB115 #10, SN:20200000019983", 45°C, bottom halb right,
1480,TP_z02_01_2,3,CU, SIE, 117, z02, 21.02.2023, BaSyTec GSM.X.62.43.0427, CH03," Binder KB115 #10, SN:20200000019983", 23°C, bottom halb right,4.761580932756885
1481,TP_z02_01_2,4,ZYK, SIE, 117, z02, 22.02.2023, BaSyTec GSM.X.62.43.0427, CH03," Binder KB115 #10, SN:20200000019983", 45°C, bottom halb right,
1482,TP_z02_01_2,5,CU, SIE, 117, z02, 28.02.2023, BaSyTec GSM.X.62.43.0427, CH03," Binder KB115 #10, SN:20200000019983", 23°C, bottom halb right,4.697295852150047
1483,TP_z02_01_2,6,ZYK, SIE, 117, z02, 29.02.2023, BaSyTec GSM.X.62.43.0427, CH03," Binder KB115 #10, SN:20200000019983", 45°C, bottom halb right,
1484,TP_z02_01_2,7,exCU, SIE, 117, z02, 07.03.2023, BaSyTec GSM.X.62.43.0427, CH03," Binder KB115 #10, SN:20200000019983", 23°C, bottom halb right,4.652666824588595
1485,TP_z02_01_2,8,ZYK, SIE, 117, z02, 09.03.2023, BaSyTec GSM.X.62.43.0427, CH03," Binder KB115 #10, SN:20200000019983", 45°C, bottom halb right,
1486,TP_z02_01_2,9,CU, SIE, 117, z02, 21.03.2023, BaSyTec GSM.X.62.43.0427, CH03," Binder KB115 #10, SN:20200000019983", 23°C, bottom halb right,4.580379681184738
1487,TP_z02_01_2,10,ZYK, SIE, 117, z02, 22.03.2023, BaSyTec GSM.X.62.43.0427, CH03," Binder KB115 #10, SN:20200000019983", 45°C, bottom halb right,
1488,TP_z02_01_2,11,CU, SIE, 117, z02, 04.04.2023, BaSyTec GSM.X.62.43.0427, CH03," Binder KB115 #10, SN:20200000019983", 23°C, bottom halb right,4.516159621156525
1489,TP_z02_01_2,12,ZYK, SIE, 117, z02, 05.04.2023, BaSyTec GSM.X.62.43.0427, CH03," Binder KB115 #10, SN:20200000019983", 45°C, bottom halb right,
1490,TP_z02_01_2,13,exCU, SIE, 117, z02, 18.04.2023, BaSyTec GSM.X.62.43.0427, CH03," Binder KB115 #10, SN:20200000019983", 23°C, bottom halb right,4.442206656382682
1491,TP_z02_01_2,14,ZYK, SIE, 117, z02, 20.04.2023, BaSyTec GSM.X.62.43.0427, CH03," Binder KB115 #10, SN:20200000019983", 45°C, bottom halb right,
1492,TP_z02_01_2,15,CU, SIE, 117, z02, 16.05.2023, BaSyTec GSM.X.62.43.0427, CH03," Binder KB115 #10, SN:20200000019983", 23°C, bottom halb right,4.173194173541116
1493,TP_z02_01_2,16,AT_T10, SIE, 117, z02, 30.01.2024, BaSyTec GSM.X.62.43.0427, CH03," Binder KB115 #10, SN:20200000019983", 10°C, bottom halb right,4.11114692516646
1494,TP_z02_01_2,16,AT_T45, SIE, 117, z02, 30.01.2024, BaSyTec GSM.X.62.43.0427, CH03," Binder KB115 #10, SN:20200000019983", 45°C, bottom halb right,4.359956551658528
1495,TP_z02_01_2,16,AT_T23, SIE, 117, z02, 30.01.2024, BaSyTec GSM.X.62.43.0427, CH03," Binder KB115 #10, SN:20200000019983", 23°C, bottom halb right,4.247842458022654
1496,TP_z02_02_1,1,ET_T10, SIE, S023, z02, 21.09.2021," Basytec XCTS, SN:560-234", CH04, Binder KB115 #10, 10°C, bottom right,4.760143386404822
1497,TP_z02_02_1,1,ET_T45, SIE, S023, z02, 23.09.2021," Basytec XCTS, SN:560-234", CH04, Binder KB115 #10, 45°C, bottom right,4.920873900610063
1498,TP_z02_02_1,1,ET_T23, SIE, S023, z02, 26.09.2021," Basytec XCTS, SN:560-234", CH04, Binder KB115 #10, 23°C, bottom right,4.82247780075289
1499,TP_z02_02_1,2,ZYK, SIE, S023, z02, 05.10.2021," Basytec XCTS, SN:560-234", CH04, Binder KB115 #10, 23°C, bottom right,
1500,TP_z02_02_1,3,CU, SIE, S023, z02, 13.10.2021," Basytec XCTS, SN:560-234", CH04, Binder KB115 #10, 23°C, bottom right,4.802254222220744
1501,TP_z02_02_1,4,ZYK, SIE, S023, z02, 15.10.2021," Basytec XCTS, SN:560-234", CH04, Binder KB115 #10, 23°C, bottom right,
1502,TP_z02_02_1,5,CU, SIE, S023, z02, 26.10.2021," Basytec XCTS, SN:560-234", CH04, Binder KB115 #10, 23°C, bottom right,4.79499249009592
1503,TP_z02_02_1,6,ZYK, SIE, S023, z02, 27.10.2021," Basytec XCTS, SN:560-234", CH04, Binder KB115 #10, 23°C, bottom right,
1504,TP_z02_02_1,7,exCU, SIE, S023, z02, 03.11.2021," Basytec XCTS, SN:560-234", CH04, Binder KB115 #10, 23°C, bottom right,4.780212355918632
1505,TP_z02_02_1,8,ZYK, SIE, S023, z02, 09.11.2021," Basytec XCTS, SN:560-234", CH04, Binder KB115 #10, 23°C, bottom right,
1506,TP_z02_02_1,9,CU, SIE, S023, z02, 23.11.2021," Basytec XCTS, SN:560-234", CH04, Binder KB115 #10, 23°C, bottom right,4.752246175160114
1507,TP_z02_02_1,10,ZYK, SIE, S023, z02, 24.11.2021," Basytec XCTS, SN:560-234", CH04, Binder KB115 #10, 23°C, bottom right,
1508,TP_z02_02_1,11,CU, SIE, S023, z02, 07.12.2021," Basytec XCTS, SN:560-234", CH04, Binder KB115 #10, 23°C, bottom right,4.747247243193311
1509,TP_z02_02_1,12,ZYK, SIE, S023, z02, 08.12.2021," Basytec XCTS, SN:560-234", CH04, Binder KB115 #10, 23°C, bottom right,
1510,TP_z02_02_1,13,CU, SIE, S023, z02, 21.12.2021," Basytec XCTS, SN:560-234", CH04, Binder KB115 #10, 23°C, bottom right,4.736516039415958
1511,TP_z02_02_1,14,ZYK, SIE, S023, z02, 21.12.2021," Basytec XCTS, SN:560-234", CH04, Binder KB115 #10, 23°C, bottom right,
1512,TP_z02_02_1,15,CU, SIE, S023, z02, 18.01.2022," Basytec XCTS, SN:560-234", CH04, Binder KB115 #10, 23°C, bottom right,4.7150306357729415
1513,TP_z02_02_1,16,ZYK, SIE, S023, z02, 19.01.2021," Basytec XCTS, SN:560-234", CH04, Binder KB115 #10, 23°C, bottom right,
1514,TP_z02_02_1,17,CU, SIE, S023, z02, 15.02.2022," Basytec XCTS, SN:560-234", CH04, Binder KB115 #10, 23°C, bottom right,4.693501652322049
1515,TP_z02_02_1,18,ZYK, SIE, S023, z02, 16.02.2022," Basytec XCTS, SN:560-234", CH04, Binder KB115 #10, 23°C, bottom right,
1516,TP_z02_02_1,19,exCU, SIE, S023, z02, 15.03.2022," Basytec XCTS, SN:560-234", CH04, Binder KB115 #10, 23°C, bottom right,4.6729952681885125
1517,TP_z02_02_1,20,ZYK, SIE, S023, z02, 16.03.2022," Basytec XCTS, SN:560-234", CH04, Binder KB115 #10, 23°C, bottom right,
1518,TP_z02_02_1,21,CU, SIE, S023, z02, 05.04.2022," Basytec XCTS, SN:560-234", CH04, Binder KB115 #10, 23°C, bottom right,4.654169227333756
1519,TP_z02_02_1,22,ZYK, SIE, S023, z02, 06.04.2022," Basytec XCTS, SN:560-234", CH04, Binder KB115 #10, 23°C, bottom right,
1520,TP_z02_02_1,23,CU, SIE, S023, z02, 03.05.2022," Basytec XCTS, SN:560-234", CH04, Binder KB115 #10, 23°C, bottom right,4.63633461401067
1521,TP_z02_02_1,24,ZYK, SIE, S023, z02, 04.05.2022," Basytec XCTS, SN:560-234", CH04, Binder KB115 #10, 23°C, bottom right,
1522,TP_z02_02_1,25,exCU, SIE, S023, z02, 31.05.2022," Basytec XCTS, SN:560-234", CH04, Binder KB115 #10, 23°C, bottom right,4.61524288085552
1523,TP_z02_02_1,26,ZYK, SIE, S023, z02, 01.06.2022," Basytec XCTS, SN:560-234", CH04, Binder KB115 #10, 23°C, bottom right,
1524,TP_z02_02_1,27,CU, SIE, S023, z02, 28.06.2022," Basytec XCTS, SN:560-234", CH04, Binder KB115 #10, 23°C, bottom right,4.597178383824226
1525,TP_z02_02_1,28,ZYK, SIE, S023, z02, 29.06.2022," Basytec XCTS, SN:560-234", CH04, Binder KB115 #10, 23°C, bottom right,
1526,TP_z02_02_1,29,CU, SIE, S023, z02, 09.08.2022," Basytec XCTS, SN:560-234", CH04, Binder KB115 #10, 23°C, bottom right,4.56861470474905
1527,TP_z02_02_1,30,ZYK, SIE, S023, z02, 10.08.2022," Basytec XCTS, SN:560-234", CH04, Binder KB115 #10, 23°C, bottom right,
1528,TP_z02_02_1,31,exCU, SIE, S023, z02, 06.09.2022," Basytec XCTS, SN:560-234", CH04, Binder KB115 #10, 23°C, bottom right,4.553107906956476
1529,TP_z02_02_1,32,ZYK, SIE, S023, z02, 07.09.2022," Basytec XCTS, SN:560-234", CH04, Binder KB115 #10, 23°C, bottom right,
1530,TP_z02_02_1,33,AT_T23, SIE, S023, z02, 27.09.2022," Basytec XCTS, SN:560-234", CH04, Binder KB115 #10, 23°C, bottom right,4.508653962094945
1531,TP_z02_02_1,33,AT_T45, SIE, S023, z02, 27.09.2022," Basytec XCTS, SN:560-234", CH04, Binder KB115 #10, 45°C, bottom right,4.582951481944413
1532,TP_z02_02_1,33,AT_T10, SIE, S023, z02, 27.09.2022," Basytec XCTS, SN:560-234", CH04, Binder KB115 #10, 10°C, bottom right,4.472113738353437
1533,TP_z02_02_2,1,ET_T10, SIE, 025, z02, 30.01.2023, BaSyTec GSM.X.62.43.0427, CH04," Binder KB115 #10, SN:20200000019983", 10°C, bottom right,4.758320205527775
1534,TP_z02_02_2,1,ET_T45, SIE, 025, z02, 01.02.2023, BaSyTec GSM.X.62.43.0427, CH04," Binder KB115 #10, SN:20200000019983", 45°C, bottom right,4.960610022550032
1535,TP_z02_02_2,1,ET_T23, SIE, 025, z02, 04.02.2023, BaSyTec GSM.X.62.43.0427, CH04," Binder KB115 #10, SN:20200000019983", 23°C, bottom right,4.85514478792777
1536,TP_z02_02_2,2,ZYK, SIE, 025, z02, 13.02.2023, BaSyTec GSM.X.62.43.0427, CH04," Binder KB115 #10, SN:20200000019983", 45°C, bottom right,
1537,TP_z02_02_2,3,CU, SIE, 025, z02, 21.02.2023, BaSyTec GSM.X.62.43.0427, CH04," Binder KB115 #10, SN:20200000019983", 23°C, bottom right,4.756087426292218
1538,TP_z02_02_2,4,ZYK, SIE, 025, z02, 22.02.2023, BaSyTec GSM.X.62.43.0427, CH04," Binder KB115 #10, SN:20200000019983", 45°C, bottom right,
1539,TP_z02_02_2,5,CU, SIE, 025, z02, 28.02.2023, BaSyTec GSM.X.62.43.0427, CH04," Binder KB115 #10, SN:20200000019983", 23°C, bottom right,4.692502805899998
1540,TP_z02_02_2,6,ZYK, SIE, 025, z02, 29.02.2023, BaSyTec GSM.X.62.43.0427, CH04," Binder KB115 #10, SN:20200000019983", 45°C, bottom right,
1541,TP_z02_02_2,7,exCU, SIE, 025, z02, 07.03.2023, BaSyTec GSM.X.62.43.0427, CH04," Binder KB115 #10, SN:20200000019983", 23°C, bottom right,4.63680586824
1542,TP_z02_02_2,8,ZYK, SIE, 025, z02, 09.03.2023, BaSyTec GSM.X.62.43.0427, CH04," Binder KB115 #10, SN:20200000019983", 45°C, bottom right,
1543,TP_z02_02_2,9,CU,,,,,,,,,,4.582325367013333
1544,TP_z02_02_2,10,ZYK, SIE, 025, z02, 22.03.2023, BaSyTec GSM.X.62.43.0427, CH04," Binder KB115 #10, SN:20200000019983", 45°C, bottom right,
1545,TP_z02_02_2,11,CU, SIE, 025, z02, 04.04.2023, BaSyTec GSM.X.62.43.0427, CH04," Binder KB115 #10, SN:20200000019983", 23°C, bottom right,4.511032249461106
1546,TP_z02_02_2,12,ZYK, SIE, 025, z02, 05.04.2023, BaSyTec GSM.X.62.43.0427, CH04," Binder KB115 #10, SN:20200000019983", 45°C, bottom right,
1547,TP_z02_02_2,13,exCU, SIE, 025, z02, 18.04.2023, BaSyTec GSM.X.62.43.0427, CH04," Binder KB115 #10, SN:20200000019983", 23°C, bottom right,4.404851975058882
1548,TP_z02_02_2,14,ZYK, SIE, 025, z02, 20.04.2023, BaSyTec GSM.X.62.43.0427, CH04," Binder KB115 #10, SN:20200000019983", 45°C, bottom right,
1549,TP_z02_02_2,15,CU, SIE, 025, z02, 16.05.2023, BaSyTec GSM.X.62.43.0427, CH04," Binder KB115 #10, SN:20200000019983", 23°C, bottom right,4.529991762154438
1550,TP_z02_02_2,16,AT_T10, SIE, 025, z02, 30.01.2024, BaSyTec GSM.X.62.43.0427, CH04," Binder KB115 #10, SN:20200000019983", 10°C, bottom right,4.040890259769997
1551,TP_z02_02_2,16,AT_T45, SIE, 025, z02, 30.01.2024, BaSyTec GSM.X.62.43.0427, CH04," Binder KB115 #10, SN:20200000019983", 45°C, bottom right,4.296895807345585
1552,TP_z02_02_2,16,AT_T23, SIE, 025, z02, 30.01.2024, BaSyTec GSM.X.62.43.0427, CH04," Binder KB115 #10, SN:20200000019983", 23°C, bottom right,4.182892429877777
1553,TP_z02_03_1,1,ET_T23, SIE, S024, z02, 26.09.2021," Basytec XCTS, SN:560-234", CH05, Binder KB115 #10, 23°C, top left,4.82964138905493
1554,TP_z02_03_1,1,ET_T45, SIE, S024, z02, 23.09.2021," Basytec XCTS, SN:560-234", CH05, Binder KB115 #10, 45°C, top left,4.924386853171933
1555,TP_z02_03_1,1,ET_T10, SIE, S024, z02, 21.09.2021," Basytec XCTS, SN:560-234", CH05, Binder KB115 #10, 10°C, top left,4.773718900258791
1556,TP_z02_03_1,2,ZYK, SIE, S024, z02, 05.10.2021," Basytec XCTS, SN:560-234", CH05, Binder KB115 #10, 23°C, top left,
1557,TP_z02_03_1,3,CU, SIE, S024, z02, 13.10.2021," Basytec XCTS, SN:560-234", CH05, Binder KB115 #10, 23°C, top left,4.8090169631203405
1558,TP_z02_03_1,4,ZYK, SIE, S024, z02, 15.10.2021," Basytec XCTS, SN:560-234", CH05, Binder KB115 #10, 23°C, top left,
1559,TP_z02_03_1,5,CU, SIE, S024, z02, 26.10.2021," Basytec XCTS, SN:560-234", CH05, Binder KB115 #10, 23°C, top left,4.801296456309972
1560,TP_z02_03_1,6,ZYK, SIE, S024, z02, 27.10.2021," Basytec XCTS, SN:560-234", CH05, Binder KB115 #10, 23°C, top left,
1561,TP_z02_03_1,7,exCU, SIE, S024, z02, 03.11.2021," Basytec XCTS, SN:560-234", CH05, Binder KB115 #10, 23°C, top left,4.785311485579168
1562,TP_z02_03_1,8,ZYK, SIE, S024, z02, 09.11.2021," Basytec XCTS, SN:560-234", CH05, Binder KB115 #10, 23°C, top left,
1563,TP_z02_03_1,9,CU, SIE, S024, z02, 23.11.2021," Basytec XCTS, SN:560-234", CH05, Binder KB115 #10, 23°C, top left,4.759036717618601
1564,TP_z02_03_1,10,ZYK, SIE, S024, z02, 24.11.2021," Basytec XCTS, SN:560-234", CH05, Binder KB115 #10, 23°C, top left,
1565,TP_z02_03_1,11,CU, SIE, S024, z02, 07.12.2021," Basytec XCTS, SN:560-234", CH05, Binder KB115 #10, 23°C, top left,4.742589114528283
1566,TP_z02_03_1,12,ZYK, SIE, S024, z02, 08.12.2021," Basytec XCTS, SN:560-234", CH05, Binder KB115 #10, 23°C, top left,
1567,TP_z02_03_1,13,CU, SIE, S024, z02, 21.12.2021," Basytec XCTS, SN:560-234", CH05, Binder KB115 #10, 23°C, top left,4.735732295391472
1568,TP_z02_03_1,14,ZYK, SIE, S024, z02, 21.12.2021," Basytec XCTS, SN:560-234", CH05, Binder KB115 #10, 23°C, top left,
1569,TP_z02_03_1,15,CU, SIE, S024, z02, 18.01.2022," Basytec XCTS, SN:560-234", CH05, Binder KB115 #10, 23°C, top left,4.712407051173141
1570,TP_z02_03_1,16,ZYK, SIE, S024, z02, 19.01.2022," Basytec XCTS, SN:560-234", CH05, Binder KB115 #10, 23°C, top left,
1571,TP_z02_03_1,17,CU, SIE, S024, z02, 15.02.2022," Basytec XCTS, SN:560-234", CH05, Binder KB115 #10, 23°C, top left,4.691897871343643
1572,TP_z02_03_1,18,ZYK, SIE, S024, z02, 16.02.2022," Basytec XCTS, SN:560-234", CH05, Binder KB115 #10, 23°C, top left,
1573,TP_z02_03_1,19,exCU, SIE, S024, z02, 15.03.2022," Basytec XCTS, SN:560-234", CH05, Binder KB115 #10, 23°C, top left,4.6725066412269225
1574,TP_z02_03_1,20,ZYK, SIE, S024, z02, 16.03.2022," Basytec XCTS, SN:560-234", CH05, Binder KB115 #10, 23°C, top left,
1575,TP_z02_03_1,21,CU, SIE, S024, z02, 05.04.2022," Basytec XCTS, SN:560-234", CH05, Binder KB115 #10, 23°C, top left,4.654164352916984
1576,TP_z02_03_1,22,ZYK, SIE, S024, z02, 06.04.2022," Basytec XCTS, SN:560-234", CH05, Binder KB115 #10, 23°C, top left,
1577,TP_z02_03_1,23,CU, SIE, S024, z02, 03.05.2022," Basytec XCTS, SN:560-234", CH05, Binder KB115 #10, 23°C, top left,4.636517592382315
1578,TP_z02_03_1,24,ZYK, SIE, S024, z02, 04.05.2022," Basytec XCTS, SN:560-234", CH05, Binder KB115 #10, 23°C, top left,
1579,TP_z02_03_1,25,exCU, SIE, S024, z02, 31.05.2022," Basytec XCTS, SN:560-234", CH05, Binder KB115 #10, 23°C, top left,4.616801035178906
1580,TP_z02_03_1,26,ZYK, SIE, S024, z02, 01.06.2022," Basytec XCTS, SN:560-234", CH05, Binder KB115 #10, 23°C, top left,
1581,TP_z02_03_1,27,CU, SIE, S024, z02, 28.06.2022," Basytec XCTS, SN:560-234", CH05, Binder KB115 #10, 23°C, top left,4.597163955178555
1582,TP_z02_03_1,28,ZYK, SIE, S024, z02, 29.06.2022," Basytec XCTS, SN:560-234", CH05, Binder KB115 #10, 23°C, top left,
1583,TP_z02_03_1,29,CU, SIE, S024, z02, 09.08.2022," Basytec XCTS, SN:560-234", CH05, Binder KB115 #10, 23°C, top left,4.57011566146344
1584,TP_z02_03_1,30,ZYK, SIE, S024, z02, 10.08.2022," Basytec XCTS, SN:560-234", CH05, Binder KB115 #10, 23°C, top left,
1585,TP_z02_03_1,31,exCU, SIE, S024, z02, 06.09.2022," Basytec XCTS, SN:560-234", CH05, Binder KB115 #10, 23°C, top left,4.555097402842194
1586,TP_z02_03_1,32,ZYK, SIE, S024, z02, 07.09.2022," Basytec XCTS, SN:560-234", CH05, Binder KB115 #10, 23°C, top left,
1587,TP_z02_03_1,33,AT_T10, SIE, S024, z02, 27.09.2022," Basytec XCTS, SN:560-234", CH05, Binder KB115 #10, 10°C, top left,4.477617752173339
1588,TP_z02_03_1,33,AT_T45, SIE, S024, z02, 27.09.2022," Basytec XCTS, SN:560-234", CH05, Binder KB115 #10, 45°C, top left,4.588878891343011
1589,TP_z02_03_1,33,AT_T23, SIE, S024, z02, 27.09.2022," Basytec XCTS, SN:560-234", CH05, Binder KB115 #10, 23°C, top left,4.511285541091668
1590,TP_z02_03_2,1,ET_T23, SIE, 139, z02, 04.02.2023, BaSyTec GSM.X.62.43.0427, CH05," Binder KB115 #10, SN:20200000019983", 23°C, top left,4.864538193041465
1591,TP_z02_03_2,1,ET_T45, SIE, 139, z02, 01.02.2023, BaSyTec GSM.X.62.43.0427, CH05," Binder KB115 #10, SN:20200000019983", 45°C, top left,4.968736147366897
1592,TP_z02_03_2,1,ET_T10, SIE, 139, z02, 30.01.2023, BaSyTec GSM.X.62.43.0427, CH05," Binder KB115 #10, SN:20200000019983", 10°C, top left,4.755753135718396
1593,TP_z02_03_2,2,ZYK, SIE, 139, z02, 13.02.2023, BaSyTec GSM.X.62.43.0427, CH05," Binder KB115 #10, SN:20200000019983", 45°C, top left,
1594,TP_z02_03_2,3,CU, SIE, 139, z02, 21.02.2023, BaSyTec GSM.X.62.43.0427, CH05," Binder KB115 #10, SN:20200000019983", 23°C, top left,4.754645959343939
1595,TP_z02_03_2,4,ZYK, SIE, 139, z02, 22.02.2023, BaSyTec GSM.X.62.43.0427, CH05," Binder KB115 #10, SN:20200000019983", 45°C, top left,
1596,TP_z02_03_2,5,CU, SIE, 139, z02, 28.02.2023, BaSyTec GSM.X.62.43.0427, CH05," Binder KB115 #10, SN:20200000019983", 23°C, top left,4.687935675953918
1597,TP_z02_03_2,6,ZYK, SIE, 139, z02, 29.02.2023, BaSyTec GSM.X.62.43.0427, CH05," Binder KB115 #10, SN:20200000019983", 45°C, top left,
1598,TP_z02_03_2,7,exCU, SIE, 139, z02, 07.03.2023, BaSyTec GSM.X.62.43.0427, CH05," Binder KB115 #10, SN:20200000019983", 23°C, top left,4.6244054952664015
1599,TP_z02_03_2,8,ZYK, SIE, 139, z02, 09.03.2023, BaSyTec GSM.X.62.43.0427, CH05," Binder KB115 #10, SN:20200000019983", 45°C, top left,
1600,TP_z02_03_2,9,CU, SIE, 139, z02, 21.03.2023, BaSyTec GSM.X.62.43.0427, CH05," Binder KB115 #10, SN:20200000019983", 23°C, top left,4.5429493037224535
1601,TP_z02_03_2,10,ZYK, SIE, 139, z02, 22.03.2023, BaSyTec GSM.X.62.43.0427, CH05," Binder KB115 #10, SN:20200000019983", 45°C, top left,
1602,TP_z02_03_2,11,CU, SIE, 139, z02, 12.04.2024, BaSyTec X50.X.13.13.0864, CH01, Binder KB53 #03-50970, 23°C, top left,4.3791130360842345
1603,TP_z02_03_2,12,AT_T10, SIE, 139, z02, 30.01.2024, BaSyTec GSM.X.62.43.0427, CH05," Binder KB115 #10, SN:20200000019983", 10°C, top left,4.253186344313143
1604,TP_z02_03_2,12,AT_T23, SIE, 139, z02, 30.01.2024, BaSyTec GSM.X.62.43.0427, CH05," Binder KB115 #10, SN:20200000019983", 23°C, top left,4.371459049335604
1605,TP_z02_03_2,12,AT_T45, SIE, 139, z02, 30.01.2024, BaSyTec GSM.X.62.43.0427, CH05," Binder KB115 #10, SN:20200000019983", 45°C, top left,4.463643887325668
1606,TP_z03_01_1,1,ET_T10, SIE, S025, z03, 21.09.2021," Basytec XCTS, SN:560-234", CH06, Binder KB115 #10, 10°C, top halb left,4.793212758849673
1607,TP_z03_01_1,1,ET_T23, SIE, S025, z03, 26.09.2021," Basytec XCTS, SN:560-234", CH06, Binder KB115 #10, 23°C, top halb left,4.8690312042561334
1608,TP_z03_01_1,1,ET_T45, SIE, S025, z03, 23.09.2021," Basytec XCTS, SN:560-234", CH06, Binder KB115 #10, 45°C, top halb left,4.974198075794401
1609,TP_z03_01_1,2,ZYK, SIE, S025, z03, 05.10.2021," Basytec XCTS, SN:560-234", CH06, Binder KB115 #10, 23°C, top halb left,
1610,TP_z03_01_1,3,CU, SIE, S025, z03, 13.10.2021," Basytec XCTS, SN:560-234", CH06, Binder KB115 #10, 23°C, top halb left,4.816780448907505
1611,TP_z03_01_1,4,ZYK, SIE, S025, z03, 15.10.2021," Basytec XCTS, SN:560-234", CH06, Binder KB115 #10, 23°C, top halb left,
1612,TP_z03_01_1,5,CU, SIE, S025, z03, 26.10.2021," Basytec XCTS, SN:560-234", CH06, Binder KB115 #10, 23°C, top halb left,4.788217143076489
1613,TP_z03_01_1,6,ZYK, SIE, S025, z03, 27.10.2021," Basytec XCTS, SN:560-234", CH06, Binder KB115 #10, 23°C, top halb left,
1614,TP_z03_01_1,7,exCU, SIE, S025, z03, 03.11.2021," Basytec XCTS, SN:560-234", CH06, Binder KB115 #10, 23°C, top halb left,4.763612987962274
1615,TP_z03_01_1,8,ZYK, SIE, S025, z03, 09.11.2021," Basytec XCTS, SN:560-234", CH06, Binder KB115 #10, 23°C, top halb left,
1616,TP_z03_01_1,9,CU, SIE, S025, z03, 23.11.2021," Basytec XCTS, SN:560-234", CH06, Binder KB115 #10, 23°C, top halb left,4.731473116930172
1617,TP_z03_01_1,10,ZYK, SIE, S025, z03, 24.11.2021," Basytec XCTS, SN:560-234", CH06, Binder KB115 #10, 23°C, top halb left,
1618,TP_z03_01_1,11,CU, SIE, S025, z03, 07.12.2021," Basytec XCTS, SN:560-234", CH06, Binder KB115 #10, 23°C, top halb left,4.7042541348919436
1619,TP_z03_01_1,12,ZYK, SIE, S025, z03, 08.12.2021," Basytec XCTS, SN:560-234", CH06, Binder KB115 #10, 23°C, top halb left,
1620,TP_z03_01_1,13,CU, SIE, S025, z03, 21.12.2021," Basytec XCTS, SN:560-234", CH06, Binder KB115 #10, 23°C, top halb left,4.679035720645025
1621,TP_z03_01_1,14,ZYK, SIE, S025, z03, 21.12.2021," Basytec XCTS, SN:560-234", CH06, Binder KB115 #10, 23°C, top halb left,
1622,TP_z03_01_1,15,CU, SIE, S025, z03, 18.01.2022," Basytec XCTS, SN:560-234", CH06, Binder KB115 #10, 23°C, top halb left,4.632586540599842
1623,TP_z03_01_1,16,ZYK, SIE, S025, z03, 19.01.2022," Basytec XCTS, SN:560-234", CH06, Binder KB115 #10, 23°C, top halb left,
1624,TP_z03_01_1,17,CU, SIE, S025, z03, 15.02.2022," Basytec XCTS, SN:560-234", CH06, Binder KB115 #10, 23°C, top halb left,4.596153197773073
1625,TP_z03_01_1,18,ZYK, SIE, S025, z03, 16.02.2022," Basytec XCTS, SN:560-234", CH06, Binder KB115 #10, 23°C, top halb left,
1626,TP_z03_01_1,19,exCU, SIE, S025, z03, 15.03.2022," Basytec XCTS, SN:560-234", CH06, Binder KB115 #10, 23°C, top halb left,4.560741387730708
1627,TP_z03_01_1,20,ZYK, SIE, S025, z03, 16.03.2022," Basytec XCTS, SN:560-234", CH06, Binder KB115 #10, 23°C, top halb left,
1628,TP_z03_01_1,21,CU, SIE, S025, z03, 05.04.2022," Basytec XCTS, SN:560-234", CH06, Binder KB115 #10, 23°C, top halb left,4.530956550602775
1629,TP_z03_01_1,22,ZYK, SIE, S025, z03, 06.04.2022," Basytec XCTS, SN:560-234", CH06, Binder KB115 #10, 23°C, top halb left,
1630,TP_z03_01_1,23,CU, SIE, S025, z03, 03.05.2022," Basytec XCTS, SN:560-234", CH06, Binder KB115 #10, 23°C, top halb left,4.498774394898822
1631,TP_z03_01_1,24,ZYK, SIE, S025, z03, 04.05.2022," Basytec XCTS, SN:560-234", CH06, Binder KB115 #10, 23°C, top halb left,
1632,TP_z03_01_1,25,exCU, SIE, S025, z03, 31.05.2022," Basytec XCTS, SN:560-234", CH06, Binder KB115 #10, 23°C, top halb left,4.4601851768688
1633,TP_z03_01_1,26,ZYK, SIE, S025, z03, 01.06.2022," Basytec XCTS, SN:560-234", CH06, Binder KB115 #10, 23°C, top halb left,
1634,TP_z03_01_1,27,CU, SIE, S025, z03, 28.06.2022," Basytec XCTS, SN:560-234", CH06, Binder KB115 #10, 23°C, top halb left,4.427487839604041
1635,TP_z03_01_1,28,ZYK, SIE, S025, z03, 29.06.2022," Basytec XCTS, SN:560-234", CH06, Binder KB115 #10, 23°C, top halb left,
1636,TP_z03_01_1,29,CU, SIE, S025, z03, 09.08.2022," Basytec XCTS, SN:560-234", CH06, Binder KB115 #10, 23°C, top halb left,4.375546468426306
1637,TP_z03_01_1,30,ZYK, SIE, S025, z03, 10.08.2022," Basytec XCTS, SN:560-234", CH06, Binder KB115 #10, 23°C, top halb left,
1638,TP_z03_01_1,31,exCU, SIE, S025, z03, 06.09.2022," Basytec XCTS, SN:560-234", CH06, Binder KB115 #10, 23°C, top halb left,4.347662458358251
1639,TP_z03_01_1,32,ZYK, SIE, S025, z03, 07.09.2022," Basytec XCTS, SN:560-234", CH06, Binder KB115 #10, 23°C, top halb left,
1640,TP_z03_01_1,33,AT_T45, SIE, S025, z03, 27.09.2022," Basytec XCTS, SN:560-234", CH06, Binder KB115 #10, 45°C, top halb left,4.412389269557769
1641,TP_z03_01_1,33,AT_T23, SIE, S025, z03, 27.09.2022," Basytec XCTS, SN:560-234", CH06, Binder KB115 #10, 23°C, top halb left,4.335238776347191
1642,TP_z03_01_1,33,AT_T10, SIE, S025, z03, 27.09.2022," Basytec XCTS, SN:560-234", CH06, Binder KB115 #10, 10°C, top halb left,4.222492679280275
1643,TP_z03_01_2,1,ET_T10, SIE, 183, z03, 30.01.2023, BaSyTec GSM.X.62.43.0427, CH06," Binder KB115 #10, SN:20200000019983", 10°C, top halb left,4.7434364717384785
1644,TP_z03_01_2,1,ET_T23, SIE, 183, z03, 04.02.2023, BaSyTec GSM.X.62.43.0427, CH06," Binder KB115 #10, SN:20200000019983", 23°C, top halb left,4.8551400265435305
1645,TP_z03_01_2,1,ET_T45, SIE, 183, z03, 01.02.2023, BaSyTec GSM.X.62.43.0427, CH06," Binder KB115 #10, SN:20200000019983", 45°C, top halb left,4.961564576647451
1646,TP_z03_01_2,2,ZYK, SIE, 183, z03, 13.02.2023, BaSyTec GSM.X.62.43.0427, CH06," Binder KB115 #10, SN:20200000019983", 45°C, top halb left,
1647,TP_z03_01_2,3,CU, SIE, 183, z03, 21.02.2023, BaSyTec GSM.X.62.43.0427, CH06," Binder KB115 #10, SN:20200000019983", 23°C, top halb left,4.815936687707261
1648,TP_z03_01_2,4,ZYK, SIE, 183, z03, 22.02.2023, BaSyTec GSM.X.62.43.0427, CH06," Binder KB115 #10, SN:20200000019983", 45°C, top halb left,
1649,TP_z03_01_2,5,CU, SIE, 183, z03, 28.02.2023, BaSyTec GSM.X.62.43.0427, CH06," Binder KB115 #10, SN:20200000019983", 23°C, top halb left,4.772429211055268
1650,TP_z03_01_2,6,ZYK, SIE, 183, z03, 29.02.2023, BaSyTec GSM.X.62.43.0427, CH06," Binder KB115 #10, SN:20200000019983", 45°C, top halb left,
1651,TP_z03_01_2,7,exCU, SIE, 183, z03, 07.03.2023, BaSyTec GSM.X.62.43.0427, CH06," Binder KB115 #10, SN:20200000019983", 23°C, top halb left,4.7484275983028645
1652,TP_z03_01_2,8,ZYK, SIE, 183, z03, 09.03.2023, BaSyTec GSM.X.62.43.0427, CH06," Binder KB115 #10, SN:20200000019983", 45°C, top halb left,
1653,TP_z03_01_2,9,CU, SIE, 183, z03, 21.03.2023, BaSyTec GSM.X.62.43.0427, CH06," Binder KB115 #10, SN:20200000019983", 23°C, top halb left,4.711618760969362
1654,TP_z03_01_2,10,ZYK, SIE, 183, z03, 22.03.2023, BaSyTec GSM.X.62.43.0427, CH06," Binder KB115 #10, SN:20200000019983", 45°C, top halb left,
1655,TP_z03_01_2,11,CU, SIE, 183, z03, 04.04.2023, BaSyTec GSM.X.62.43.0427, CH06," Binder KB115 #10, SN:20200000019983", 23°C, top halb left,4.680815994443893
1656,TP_z03_01_2,12,ZYK, SIE, 183, z03, 05.04.2023, BaSyTec GSM.X.62.43.0427, CH06," Binder KB115 #10, SN:20200000019983", 45°C, top halb left,
1657,TP_z03_01_2,13,exCU, SIE, 183, z03, 18.04.2023, BaSyTec GSM.X.62.43.0427, CH06," Binder KB115 #10, SN:20200000019983", 23°C, top halb left,4.653389602388267
1658,TP_z03_01_2,14,ZYK, SIE, 183, z03, 18.04.2023, BaSyTec GSM.X.62.43.0427, CH06," Binder KB115 #10, SN:20200000019983", 45°C, top halb left,
1659,TP_z03_01_2,15,CU, SIE, 183, z03, 16.05.2023, BaSyTec GSM.X.62.43.0427, CH06," Binder KB115 #10, SN:20200000019983", 23°C, top halb left,4.600469638277145
1660,TP_z03_01_2,16,ZYK, SIE, 183, z03, 17.05.2023, BaSyTec GSM.X.62.43.0427, CH06," Binder KB115 #10, SN:20200000019983", 45°C, top halb left,
1661,TP_z03_01_2,17,CU, SIE, 183, z03, 13.06.2023, BaSyTec GSM.X.62.43.0427, CH06," Binder KB115 #10, SN:20200000019983", 23°C, top halb left,4.553462516526425
1662,TP_z03_01_2,18,ZYK, SIE, 183, z03, 14.06.2023, BaSyTec GSM.X.62.43.0427, CH06," Binder KB115 #10, SN:20200000019983", 45°C, top halb left,
1663,TP_z03_01_2,19,exCU, SIE, 183, z03, 11.07.2023, BaSyTec GSM.X.62.43.0427, CH06," Binder KB115 #10, SN:20200000019983", 23°C, top halb left,4.512021007945048
1664,TP_z03_01_2,20,ZYK, SIE, 183, z03, 13.07.2023, BaSyTec GSM.X.62.43.0427, CH06," Binder KB115 #10, SN:20200000019983", 45°C, top halb left,
1665,TP_z03_01_2,21,CU, SIE, 183, z03, 08.08.2023, BaSyTec GSM.X.62.43.0427, CH06," Binder KB115 #10, SN:20200000019983", 23°C, top halb left,4.46937836364622
1666,TP_z03_01_2,22,ZYK, SIE, 183, z03, 09.08.2023, BaSyTec GSM.X.62.43.0427, CH06," Binder KB115 #10, SN:20200000019983", 45°C, top halb left,
1667,TP_z03_01_2,23,CU, SIE, 183, z03, 05.09.2023, BaSyTec GSM.X.62.43.0427, CH06," Binder KB115 #10, SN:20200000019983", 23°C, top halb left,4.4319141295150555
1668,TP_z03_01_2,25,exCU, SIE, 183, z03, 10.10.2023, BaSyTec GSM.X.62.43.0427, CH06," Binder KB115 #10, SN:20200000019983", 23°C, top halb left,4.370849333460481
1669,TP_z03_01_2,26,ZYK, SIE, 183, z03, 12.10.2023, BaSyTec GSM.X.62.43.0427, CH06," Binder KB115 #10, SN:20200000019983", 45°C, top halb left,
1670,TP_z03_01_2,27,CU, SIE, 183, z03, 06.11.2023, BaSyTec GSM.X.62.43.0427, CH06," Binder KB115 #10, SN:20200000019983", 23°C, top halb left,4.3446999961306165
1671,TP_z03_01_2,28,ZYK, SIE, 183, z03, 07.11.2023, BaSyTec GSM.X.62.43.0427, CH06," Binder KB115 #10, SN:20200000019983", 45°C, top halb left,
1672,TP_z03_01_2,29,CU, SIE, 183, z03, 04.12.2023, BaSyTec GSM.X.62.43.0427, CH06," Binder KB115 #10, SN:20200000019983", 23°C, top halb left,4.305253300995574
1673,TP_z03_01_2,30,ZYK, SIE, 183, z03, 06.12.2023, BaSyTec GSM.X.62.43.0427, CH06," Binder KB115 #10, SN:20200000019983", 45°C, top halb left,
1674,TP_z03_01_2,31,CU, SIE, 183, z03, 10.01.2024, BaSyTec GSM.X.62.43.0427, CH06," Binder KB115 #10, SN:20200000019983", 23°C, top halb left,4.251812831820548
1675,TP_z03_01_2,32,ZYK, SIE, 183, z03, 15.01.2024, BaSyTec GSM.X.62.43.0427, CH06," Binder KB115 #10, SN:20200000019983", 45°C, top halb left,
1676,TP_z03_01_2,33,AT_T45, SIE, 183, z03, 30.01.2024, BaSyTec GSM.X.62.43.0427, CH06," Binder KB115 #10, SN:20200000019983", 45°C, top halb left,4.3266144887278495
1677,TP_z03_01_2,33,AT_T23, SIE, 183, z03, 30.01.2024, BaSyTec GSM.X.62.43.0427, CH06," Binder KB115 #10, SN:20200000019983", 23°C, top halb left,4.208836334823037
1678,TP_z03_01_2,33,AT_T10, SIE, 183, z03, 30.01.2024, BaSyTec GSM.X.62.43.0427, CH06," Binder KB115 #10, SN:20200000019983", 10°C, top halb left,4.149712238751235
1679,TP_z03_02_1,1,ET_T10, SIE, S026, z03, 21.09.2021," Basytec XCTS, SN:560-234", CH07, Binder KB115 #10, 10°C, top middle,4.739078146895373
1680,TP_z03_02_1,1,ET_T23, SIE, S026, z03, 26.09.2021," Basytec XCTS, SN:560-234", CH07, Binder KB115 #10, 23°C, top middle,4.8265495315569975
1681,TP_z03_02_1,1,ET_T45, SIE, S026, z03, 23.09.2021," Basytec XCTS, SN:560-234", CH07, Binder KB115 #10, 45°C, top middle,4.9303141669752355
1682,TP_z03_02_1,2,ZYK, SIE, S026, z03, 05.10.2021," Basytec XCTS, SN:560-234", CH07, Binder KB115 #10, 23°C, top middle,
1683,TP_z03_02_1,3,CU, SIE, S026, z03, 13.10.2021," Basytec XCTS, SN:560-234", CH07, Binder KB115 #10, 23°C, top middle,4.781817847357056
1684,TP_z03_02_1,4,ZYK, SIE, S026, z03, 15.10.2021," Basytec XCTS, SN:560-234", CH07, Binder KB115 #10, 23°C, top middle,
1685,TP_z03_02_1,5,CU, SIE, S026, z03, 26.10.2021," Basytec XCTS, SN:560-234", CH07, Binder KB115 #10, 23°C, top middle,4.755935192432489
1686,TP_z03_02_1,6,ZYK, SIE, S026, z03, 27.10.2021," Basytec XCTS, SN:560-234", CH07, Binder KB115 #10, 23°C, top middle,
1687,TP_z03_02_1,7,exCU, SIE, S026, z03, 03.11.2021," Basytec XCTS, SN:560-234", CH07, Binder KB115 #10, 23°C, top middle,4.732072204449478
1688,TP_z03_02_1,8,ZYK, SIE, S026, z03, 09.11.2021," Basytec XCTS, SN:560-234", CH07, Binder KB115 #10, 23°C, top middle,
1689,TP_z03_02_1,9,CU, SIE, S026, z03, 23.11.2021," Basytec XCTS, SN:560-234", CH07, Binder KB115 #10, 23°C, top middle,4.6955914108621
1690,TP_z03_02_1,10,ZYK, SIE, S026, z03, 24.11.2021," Basytec XCTS, SN:560-234", CH07, Binder KB115 #10, 23°C, top middle,
1691,TP_z03_02_1,11,CU, SIE, S026, z03, 07.12.2021," Basytec XCTS, SN:560-234", CH07, Binder KB115 #10, 23°C, top middle,4.674955340157275
1692,TP_z03_02_1,12,ZYK, SIE, S026, z03, 08.12.2021," Basytec XCTS, SN:560-234", CH07, Binder KB115 #10, 23°C, top middle,
1693,TP_z03_02_1,13,CU, SIE, S026, z03, 21.12.2021," Basytec XCTS, SN:560-234", CH07, Binder KB115 #10, 23°C, top middle,4.648520480722121
1694,TP_z03_02_1,14,ZYK, SIE, S026, z03, 21.12.2021," Basytec XCTS, SN:560-234", CH07, Binder KB115 #10, 23°C, top middle,
1695,TP_z03_02_1,15,CU, SIE, S026, z03, 18.01.2022," Basytec XCTS, SN:560-234", CH07, Binder KB115 #10, 23°C, top middle,4.6044181782515
1696,TP_z03_02_1,16,ZYK, SIE, S026, z03, 19.01.2022," Basytec XCTS, SN:560-234", CH07, Binder KB115 #10, 23°C, top middle,
1697,TP_z03_02_1,17,CU, SIE, S026, z03, 15.02.2022," Basytec XCTS, SN:560-234", CH07, Binder KB115 #10, 23°C, top middle,4.569829315613481
1698,TP_z03_02_1,18,ZYK, SIE, S026, z03, 16.02.2022," Basytec XCTS, SN:560-234", CH07, Binder KB115 #10, 23°C, top middle,
1699,TP_z03_02_1,19,exCU, SIE, S026, z03, 15.03.2022," Basytec XCTS, SN:560-234", CH07, Binder KB115 #10, 23°C, top middle,4.536956273322515
1700,TP_z03_02_1,20,ZYK, SIE, S026, z03, 16.03.2022," Basytec XCTS, SN:560-234", CH07, Binder KB115 #10, 23°C, top middle,
1701,TP_z03_02_1,21,CU, SIE, S026, z03, 05.04.2022," Basytec XCTS, SN:560-234", CH07, Binder KB115 #10, 23°C, top middle,4.508751464248323
1702,TP_z03_02_1,22,ZYK, SIE, S026, z03, 06.04.2022," Basytec XCTS, SN:560-234", CH07, Binder KB115 #10, 23°C, top middle,
1703,TP_z03_02_1,23,CU, SIE, S026, z03, 03.05.2022," Basytec XCTS, SN:560-234", CH07, Binder KB115 #10, 23°C, top middle,4.48126740028488
1704,TP_z03_02_1,24,ZYK, SIE, S026, z03, 04.05.2022," Basytec XCTS, SN:560-234", CH07, Binder KB115 #10, 23°C, top middle,
1705,TP_z03_02_1,25,exCU, SIE, S026, z03, 31.05.2022," Basytec XCTS, SN:560-234", CH07, Binder KB115 #10, 23°C, top middle,4.449770662451914
1706,TP_z03_02_1,26,ZYK, SIE, S026, z03, 01.06.2022," Basytec XCTS, SN:560-234", CH07, Binder KB115 #10, 23°C, top middle,
1707,TP_z03_02_1,27,CU, SIE, S026, z03, 28.06.2022," Basytec XCTS, SN:560-234", CH07, Binder KB115 #10, 23°C, top middle,4.420472549696216
1708,TP_z03_02_1,28,ZYK, SIE, S026, z03, 29.06.2022," Basytec XCTS, SN:560-234", CH07, Binder KB115 #10, 23°C, top middle,
1709,TP_z03_02_1,29,CU, SIE, S026, z03, 09.08.2022," Basytec XCTS, SN:560-234", CH07, Binder KB115 #10, 23°C, top middle,4.371935081666214
1710,TP_z03_02_1,30,ZYK, SIE, S026, z03, 10.08.2022," Basytec XCTS, SN:560-234", CH07, Binder KB115 #10, 23°C, top middle,
1711,TP_z03_02_1,31,exCU, SIE, S026, z03, 06.09.2022," Basytec XCTS, SN:560-234", CH07, Binder KB115 #10, 23°C, top middle,4.344454970852886
1712,TP_z03_02_1,32,ZYK, SIE, S026, z03, 07.09.2022," Basytec XCTS, SN:560-234", CH07, Binder KB115 #10, 23°C, top middle,
1713,TP_z03_02_1,33,AT_T45, SIE, S026, z03, 27.09.2022," Basytec XCTS, SN:560-234", CH07, Binder KB115 #10, 45°C, top middle,4.40458076586477
1714,TP_z03_02_1,33,AT_T23, SIE, S026, z03, 27.09.2022," Basytec XCTS, SN:560-234", CH07, Binder KB115 #10, 23°C, top middle,4.324876178466476
1715,TP_z03_02_1,33,AT_T10, SIE, S026, z03, 27.09.2022," Basytec XCTS, SN:560-234", CH07, Binder KB115 #10, 10°C, top middle,4.214033679853805
1716,TP_z03_02_2,1,ET_T10, SIE, 075, z03, 30.01.2023, BaSyTec GSM.X.62.43.0427, CH07," Binder KB115 #10, SN:20200000019983", 10°C, top middle,4.716721537170374
1717,TP_z03_02_2,1,ET_T23, SIE, 075, z03, 04.02.2023, BaSyTec GSM.X.62.43.0427, CH07," Binder KB115 #10, SN:20200000019983", 23°C, top middle,4.8373026026398716
1718,TP_z03_02_2,1,ET_T45, SIE, 075, z03, 01.02.2023, BaSyTec GSM.X.62.43.0427, CH07," Binder KB115 #10, SN:20200000019983", 45°C, top middle,4.945884747647574
1719,TP_z03_02_2,2,ZYK, SIE, 075, z03, 13.02.2023, BaSyTec GSM.X.62.43.0427, CH07," Binder KB115 #10, SN:20200000019983", 45°C, top middle,
1720,TP_z03_02_2,3,CU, SIE, 075, z03, 21.02.2023, BaSyTec GSM.X.62.43.0427, CH07," Binder KB115 #10, SN:20200000019983", 23°C, top middle,4.803516469063242
1721,TP_z03_02_2,4,ZYK, SIE, 075, z03, 22.02.2023, BaSyTec GSM.X.62.43.0427, CH07," Binder KB115 #10, SN:20200000019983", 45°C, top middle,
1722,TP_z03_02_2,5,CU, SIE, 075, z03, 28.02.2023, BaSyTec GSM.X.62.43.0427, CH07," Binder KB115 #10, SN:20200000019983", 23°C, top middle,4.756160151980723
1723,TP_z03_02_2,6,ZYK, SIE, 075, z03, 29.02.2023, BaSyTec GSM.X.62.43.0427, CH07," Binder KB115 #10, SN:20200000019983", 45°C, top middle,
1724,TP_z03_02_2,7,exCU, SIE, 075, z03, 07.03.2023, BaSyTec GSM.X.62.43.0427, CH07," Binder KB115 #10, SN:20200000019983", 23°C, top middle,4.730373742880344
1725,TP_z03_02_2,8,ZYK, SIE, 075, z03, 09.03.2023, BaSyTec GSM.X.62.43.0427, CH07," Binder KB115 #10, SN:20200000019983", 45°C, top middle,
1726,TP_z03_02_2,9,CU, SIE, 075, z03, 21.03.2023, BaSyTec GSM.X.62.43.0427, CH07," Binder KB115 #10, SN:20200000019983", 23°C, top middle,4.700864155756715
1727,TP_z03_02_2,10,ZYK, SIE, 075, z03, 22.03.2023, BaSyTec GSM.X.62.43.0427, CH07," Binder KB115 #10, SN:20200000019983", 45°C, top middle,
1728,TP_z03_02_2,11,CU, SIE, 075, z03, 04.04.2023, BaSyTec GSM.X.62.43.0427, CH07," Binder KB115 #10, SN:20200000019983", 23°C, top middle,4.66710176573473
1729,TP_z03_02_2,12,ZYK, SIE, 075, z03, 05.04.2023, BaSyTec GSM.X.62.43.0427, CH07," Binder KB115 #10, SN:20200000019983", 45°C, top middle,
1730,TP_z03_02_2,13,exCU, SIE, 075, z03, 18.04.2023, BaSyTec GSM.X.62.43.0427, CH07," Binder KB115 #10, SN:20200000019983", 23°C, top middle,4.64154370648616
1731,TP_z03_02_2,14,ZYK, SIE, 075, z03, 20.04.2023, BaSyTec GSM.X.62.43.0427, CH07," Binder KB115 #10, SN:20200000019983", 45°C, top middle,
1732,TP_z03_02_2,15,CU, SIE, 075, z03, 16.05.2023, BaSyTec GSM.X.62.43.0427, CH07," Binder KB115 #10, SN:20200000019983", 23°C, top middle,4.59708004856233
1733,TP_z03_02_2,16,ZYK, SIE, 075, z03, 17.05.2023, BaSyTec GSM.X.62.43.0427, CH07," Binder KB115 #10, SN:20200000019983", 45°C, top middle,
1734,TP_z03_02_2,17,CU, SIE, 075, z03, 13.06.2023, BaSyTec GSM.X.62.43.0427, CH07," Binder KB115 #10, SN:20200000019983", 23°C, top middle,4.554358423480828
1735,TP_z03_02_2,18,ZYK, SIE, 075, z03, 14.06.2023, BaSyTec GSM.X.62.43.0427, CH07," Binder KB115 #10, SN:20200000019983", 45°C, top middle,
1736,TP_z03_02_2,19,exCU, SIE, 075, z03, 11.07.2023, BaSyTec GSM.X.62.43.0427, CH07," Binder KB115 #10, SN:20200000019983", 23°C, top middle,4.516683766551765
1737,TP_z03_02_2,20,ZYK, SIE, 075, z03, 13.07.2023, BaSyTec GSM.X.62.43.0427, CH07," Binder KB115 #10, SN:20200000019983", 45°C, top middle,
1738,TP_z03_02_2,21,CU, SIE, 075, z03, 08.08.2023, BaSyTec GSM.X.62.43.0427, CH07," Binder KB115 #10, SN:20200000019983", 23°C, top middle,4.479095018089144
1739,TP_z03_02_2,22,ZYK, SIE, 075, z03, 09.08.2023, BaSyTec GSM.X.62.43.0427, CH07," Binder KB115 #10, SN:20200000019983", 45°C, top middle,
1740,TP_z03_02_2,23,CU, SIE, 075, z03, 05.09.2023, BaSyTec GSM.X.62.43.0427, CH07," Binder KB115 #10, SN:20200000019983", 23°C, top middle,4.442090752045676
1741,TP_z03_02_2,25,exCU, SIE, 075, z03, 10.10.2023, BaSyTec GSM.X.62.43.0427, CH07," Binder KB115 #10, SN:20200000019983", 23°C, top middle,4.38292236334312
1742,TP_z03_02_2,26,ZYK, SIE, 075, z03, 12.10.2023, BaSyTec GSM.X.62.43.0427, CH07," Binder KB115 #10, SN:20200000019983", 45°C, top middle,
1743,TP_z03_02_2,27,CU, SIE, 075, z03, 06.11.2023, BaSyTec GSM.X.62.43.0427, CH07," Binder KB115 #10, SN:20200000019983", 23°C, top middle,4.353955200047693
1744,TP_z03_02_2,28,ZYK, SIE, 075, z03, 07.11.2023, BaSyTec GSM.X.62.43.0427, CH07," Binder KB115 #10, SN:20200000019983", 45°C, top middle,
1745,TP_z03_02_2,29,CU, SIE, 075, z03, 04.12.2023, BaSyTec GSM.X.62.43.0427, CH07," Binder KB115 #10, SN:20200000019983", 23°C, top middle,4.31256416529528
1746,TP_z03_02_2,30,ZYK, SIE, 75, z03, 06.12.2023, BaSyTec GSM.X.62.43.0427, CH07," Binder KB115 #10, SN:20200000019983", 45°C, top middle,
1747,TP_z03_02_2,31,CU, SIE, 75, z03, 10.01.2024, BaSyTec GSM.X.62.43.0427, CH07," Binder KB115 #10, SN:20200000019983", 23°C, top middle,4.261390088140234
1748,TP_z03_02_2,32,ZYK, SIE, 75, z03, 15.01.2024, BaSyTec GSM.X.62.43.0427, CH07," Binder KB115 #10, SN:20200000019983", 45°C, top middle,
1749,TP_z03_02_2,33,AT_T45, SIE, 75, z03, 30.01.2024, BaSyTec GSM.X.62.43.0427, CH07," Binder KB115 #10, SN:20200000019983", 45°C, top middle,4.336785877707608
1750,TP_z03_02_2,33,AT_T23, SIE, 75, z03, 30.01.2024, BaSyTec GSM.X.62.43.0427, CH07," Binder KB115 #10, SN:20200000019983", 23°C, top middle,4.228537198204286
1751,TP_z03_02_2,33,AT_T10, SIE, 75, z03, 30.01.2024, BaSyTec GSM.X.62.43.0427, CH07," Binder KB115 #10, SN:20200000019983", 10°C, top middle,4.151407289536697
1752,TP_z03_03_1,1,ET_T45, SIE, S027, z03, 23.09.2021," Basytec XCTS, SN:560-234", CH08, Binder KB115 #10, 45°C, top halb right,4.932083909546597
1753,TP_z03_03_1,1,ET_T23, SIE, S027, z03, 26.09.2021," Basytec XCTS, SN:560-234", CH08, Binder KB115 #10, 23°C, top halb right,4.836627742219376
1754,TP_z03_03_1,1,ET_T10, SIE, S027, z03, 21.09.2021," Basytec XCTS, SN:560-234", CH08, Binder KB115 #10, 10°C, top halb right,4.752860816480635
1755,TP_z03_03_1,2,ZYK, SIE, S027, z03, 05.10.2021," Basytec XCTS, SN:560-234", CH08, Binder KB115 #10, 23°C, top halb right,
1756,TP_z03_03_1,3,CU, SIE, S027, z03, 13.10.2021," Basytec XCTS, SN:560-234", CH08, Binder KB115 #10, 23°C, top halb right,4.793519479474444
1757,TP_z03_03_1,4,ZYK, SIE, S027, z03, 15.10.2021," Basytec XCTS, SN:560-234", CH08, Binder KB115 #10, 23°C, top halb right,
1758,TP_z03_03_1,5,CU, SIE, S027, z03, 26.10.2021," Basytec XCTS, SN:560-234", CH08, Binder KB115 #10, 23°C, top halb right,4.769411297991006
1759,TP_z03_03_1,6,ZYK, SIE, S027, z03, 27.10.2021," Basytec XCTS, SN:560-234", CH08, Binder KB115 #10, 23°C, top halb right,
1760,TP_z03_03_1,7,exCU, SIE, S027, z03, 03.11.2021," Basytec XCTS, SN:560-234", CH08, Binder KB115 #10, 23°C, top halb right,4.741906684664488
1761,TP_z03_03_1,8,ZYK, SIE, S027, z03, 09.11.2021," Basytec XCTS, SN:560-234", CH08, Binder KB115 #10, 23°C, top halb right,
1762,TP_z03_03_1,9,CU, SIE, S027, z03, 23.11.2021," Basytec XCTS, SN:560-234", CH08, Binder KB115 #10, 23°C, top halb right,4.70645661006068
1763,TP_z03_03_1,10,ZYK, SIE, S027, z03, 24.11.2021," Basytec XCTS, SN:560-234", CH08, Binder KB115 #10, 23°C, top halb right,
1764,TP_z03_03_1,11,CU, SIE, S027, z03, 07.12.2021," Basytec XCTS, SN:560-234", CH08, Binder KB115 #10, 23°C, top halb right,4.680903779058436
1765,TP_z03_03_1,12,ZYK, SIE, S027, z03, 08.12.2021," Basytec XCTS, SN:560-234", CH08, Binder KB115 #10, 23°C, top halb right,
1766,TP_z03_03_1,13,CU, SIE, S027, z03, 21.12.2021," Basytec XCTS, SN:560-234", CH08, Binder KB115 #10, 23°C, top halb right,4.655510116215014
1767,TP_z03_03_1,14,ZYK, SIE, S027, z03, 21.12.2021," Basytec XCTS, SN:560-234", CH08, Binder KB115 #10, 23°C, top halb right,
1768,TP_z03_03_1,15,CU, SIE, S027, z03, 18.01.2022," Basytec XCTS, SN:560-234", CH08, Binder KB115 #10, 23°C, top halb right,4.611383061742435
1769,TP_z03_03_1,16,ZYK, SIE, S027, z03, 19.01.2022," Basytec XCTS, SN:560-234", CH08, Binder KB115 #10, 23°C, top halb right,
1770,TP_z03_03_1,17,CU, SIE, S027, z03, 15.02.2022," Basytec XCTS, SN:560-234", CH08, Binder KB115 #10, 23°C, top halb right,4.573813226725024
1771,TP_z03_03_1,18,ZYK, SIE, S027, z03, 16.02.2022," Basytec XCTS, SN:560-234", CH08, Binder KB115 #10, 23°C, top halb right,
1772,TP_z03_03_1,19,exCU, SIE, S027, z03, 15.03.2022," Basytec XCTS, SN:560-234", CH08, Binder KB115 #10, 23°C, top halb right,4.540937447223152
1773,TP_z03_03_1,20,ZYK, SIE, S027, z03, 16.03.2022," Basytec XCTS, SN:560-234", CH08, Binder KB115 #10, 23°C, top halb right,
1774,TP_z03_03_1,21,CU, SIE, S027, z03, 05.04.2022," Basytec XCTS, SN:560-234", CH08, Binder KB115 #10, 23°C, top halb right,4.5133636192088655
1775,TP_z03_03_1,22,ZYK, SIE, S027, z03, 06.04.2022," Basytec XCTS, SN:560-234", CH08, Binder KB115 #10, 23°C, top halb right,
1776,TP_z03_03_1,23,CU, SIE, S027, z03, 03.05.2022," Basytec XCTS, SN:560-234", CH08, Binder KB115 #10, 23°C, top halb right,4.487244271121657
1777,TP_z03_03_1,24,ZYK, SIE, S027, z03, 04.05.2022," Basytec XCTS, SN:560-234", CH08, Binder KB115 #10, 23°C, top halb right,
1778,TP_z03_03_1,25,exCU, SIE, S027, z03, 31.05.2022," Basytec XCTS, SN:560-234", CH08, Binder KB115 #10, 23°C, top halb right,4.456755573154847
1779,TP_z03_03_1,26,ZYK, SIE, S027, z03, 01.06.2022," Basytec XCTS, SN:560-234", CH08, Binder KB115 #10, 23°C, top halb right,
1780,TP_z03_03_1,27,CU, SIE, S027, z03, 28.06.2022," Basytec XCTS, SN:560-234", CH08, Binder KB115 #10, 23°C, top halb right,4.42662822507348
1781,TP_z03_03_1,28,ZYK, SIE, S027, z03, 29.06.2022," Basytec XCTS, SN:560-234", CH08, Binder KB115 #10, 23°C, top halb right,
1782,TP_z03_03_1,29,CU, SIE, S027, z03, 09.08.2022," Basytec XCTS, SN:560-234", CH08, Binder KB115 #10, 23°C, top halb right,4.376041433196248
1783,TP_z03_03_1,30,ZYK, SIE, S027, z03, 10.08.2022," Basytec XCTS, SN:560-234", CH08, Binder KB115 #10, 23°C, top halb right,
1784,TP_z03_03_1,31,exCU, SIE, S027, z03, 06.09.2022," Basytec XCTS, SN:560-234", CH08, Binder KB115 #10, 23°C, top halb right,4.350120791916736
1785,TP_z03_03_1,32,ZYK, SIE, S027, z03, 07.09.2022," Basytec XCTS, SN:560-234", CH08, Binder KB115 #10, 23°C, top halb right,
1786,TP_z03_03_1,33,AT_T10, SIE, S027, z03, 27.09.2022," Basytec XCTS, SN:560-234", CH08, Binder KB115 #10, 10°C, top halb right,4.217215236175466
1787,TP_z03_03_1,33,AT_T23, SIE, S027, z03, 27.09.2022," Basytec XCTS, SN:560-234", CH08, Binder KB115 #10, 23°C, top halb right,4.3330165045964915
1788,TP_z03_03_1,33,AT_T45, SIE, S027, z03, 27.09.2022," Basytec XCTS, SN:560-234", CH08, Binder KB115 #10, 45°C, top halb right,4.412780432173706
1789,TP_z03_03_2,1,ET_T45, SIE, 010, z03, 01.02.2023, BaSyTec GSM.X.62.43.0427, CH08," Binder KB115 #10, SN:20200000019983", 45°C, top halb right,4.951890101474689
1790,TP_z03_03_2,1,ET_T23, SIE, 010, z03, 04.02.2023, BaSyTec GSM.X.62.43.0427, CH08," Binder KB115 #10, SN:20200000019983", 23°C, top halb right,4.842829150678899
1791,TP_z03_03_2,1,ET_T10, SIE, 010, z03, 30.01.2023, BaSyTec GSM.X.62.43.0427, CH08," Binder KB115 #10, SN:20200000019983", 10°C, top halb right,4.72011132127604
1792,TP_z03_03_2,2,ZYK, SIE, 010, z03, 13.02.2023, BaSyTec GSM.X.62.43.0427, CH08," Binder KB115 #10, SN:20200000019983", 45°C, top halb right,
1793,TP_z03_03_2,3,CU, SIE, 010, z03, 21.02.2023, BaSyTec GSM.X.62.43.0427, CH08," Binder KB115 #10, SN:20200000019983", 23°C, top halb right,4.8109034500102545
1794,TP_z03_03_2,4,ZYK, SIE, 010, z03, 22.02.2023, BaSyTec GSM.X.62.43.0427, CH08," Binder KB115 #10, SN:20200000019983", 45°C, top halb right,
1795,TP_z03_03_2,5,CU, SIE, 010, z03, 28.02.2023, BaSyTec GSM.X.62.43.0427, CH08," Binder KB115 #10, SN:20200000019983", 23°C, top halb right,4.7591047957840065
1796,TP_z03_03_2,6,ZYK, SIE, 010, z03, 29.02.2023, BaSyTec GSM.X.62.43.0427, CH08," Binder KB115 #10, SN:20200000019983", 45°C, top halb right,
1797,TP_z03_03_2,7,exCU, SIE, 010, z03, 07.03.2023, BaSyTec GSM.X.62.43.0427, CH08," Binder KB115 #10, SN:20200000019983", 23°C, top halb right,4.739239283683457
1798,TP_z03_03_2,8,ZYK, SIE, 010, z03, 09.03.2023, BaSyTec GSM.X.62.43.0427, CH08," Binder KB115 #10, SN:20200000019983", 45°C, top halb right,
1799,TP_z03_03_2,9,CU, SIE, 010, z03, 21.03.2023, BaSyTec GSM.X.62.43.0427, CH08," Binder KB115 #10, SN:20200000019983", 23°C, top halb right,4.710853911113942
1800,TP_z03_03_2,10,ZYK, SIE, 010, z03, 22.03.2023, BaSyTec GSM.X.62.43.0427, CH08," Binder KB115 #10, SN:20200000019983", 45°C, top halb right,
1801,TP_z03_03_2,11,CU, SIE, 010, z03, 04.04.2023, BaSyTec GSM.X.62.43.0427, CH08," Binder KB115 #10, SN:20200000019983", 23°C, top halb right,4.68020799990803
1802,TP_z03_03_2,12,ZYK, SIE, 010, z03, 05.04.2023, BaSyTec GSM.X.62.43.0427, CH08," Binder KB115 #10, SN:20200000019983", 45°C, top halb right,
1803,TP_z03_03_2,13,exCU, SIE, 010, z03, 18.04.2023, BaSyTec GSM.X.62.43.0427, CH08," Binder KB115 #10, SN:20200000019983", 23°C, top halb right,4.654021324982359
1804,TP_z03_03_2,14,ZYK, SIE, 010, z03, 20.04.2023, BaSyTec GSM.X.62.43.0427, CH08," Binder KB115 #10, SN:20200000019983", 45°C, top halb right,
1805,TP_z03_03_2,15,CU, SIE, 010, z03, 16.05.2023, BaSyTec GSM.X.62.43.0427, CH08," Binder KB115 #10, SN:20200000019983", 23°C, top halb right,4.609977231865863
1806,TP_z03_03_2,16,ZYK, SIE, 010, z03, 17.05.2023, BaSyTec GSM.X.62.43.0427, CH08," Binder KB115 #10, SN:20200000019983", 45°C, top halb right,
1807,TP_z03_03_2,17,CU, SIE, 010, z03, 13.06.2023, BaSyTec GSM.X.62.43.0427, CH08," Binder KB115 #10, SN:20200000019983", 23°C, top halb right,4.5668549962505365
1808,TP_z03_03_2,18,ZYK, SIE, 010, z03, 14.06.2023, BaSyTec GSM.X.62.43.0427, CH08," Binder KB115 #10, SN:20200000019983", 45°C, top halb right,
1809,TP_z03_03_2,19,exCU, SIE, 010, z03, 11.07.2023, BaSyTec GSM.X.62.43.0427, CH08," Binder KB115 #10, SN:20200000019983", 23°C, top halb right,4.527865412616597
1810,TP_z03_03_2,20,ZYK, SIE, 010, z03, 13.07.2023, BaSyTec GSM.X.62.43.0427, CH08," Binder KB115 #10, SN:20200000019983", 45°C, top halb right,
1811,TP_z03_03_2,21,CU, SIE, 010, z03, 08.08.2023, BaSyTec GSM.X.62.43.0427, CH08," Binder KB115 #10, SN:20200000019983", 23°C, top halb right,4.484722075899503
1812,TP_z03_03_2,22,ZYK, SIE, 010, z03, 09.08.2023, BaSyTec GSM.X.62.43.0427, CH08," Binder KB115 #10, SN:20200000019983", 45°C, top halb right,
1813,TP_z03_03_2,23,CU, SIE, 010, z03, 05.09.2023, BaSyTec GSM.X.62.43.0427, CH08," Binder KB115 #10, SN:20200000019983", 23°C, top halb right,4.452172238835626
1814,TP_z03_03_2,25,exCU, SIE, 010, z03, 10.10.2023, BaSyTec GSM.X.62.43.0427, CH08," Binder KB115 #10, SN:20200000019983", 23°C, top halb right,4.390249858357802
1815,TP_z03_03_2,26,ZYK, SIE, 010, z03, 12.10.2023, BaSyTec GSM.X.62.43.0427, CH08," Binder KB115 #10, SN:20200000019983", 45°C, top halb right,
1816,TP_z03_03_2,27,CU, SIE, 010, z03, 06.11.2023, BaSyTec GSM.X.62.43.0427, CH08," Binder KB115 #10, SN:20200000019983", 23°C, top halb right,4.361558698354283
1817,TP_z03_03_2,28,ZYK, SIE, 010, z03, 07.11.2023, BaSyTec GSM.X.62.43.0427, CH08," Binder KB115 #10, SN:20200000019983", 45°C, top halb right,
1818,TP_z03_03_2,29,CU, SIE, 010, z03, 04.12.2023, BaSyTec GSM.X.62.43.0427, CH08," Binder KB115 #10, SN:20200000019983", 23°C, top halb right,4.316744296044902
1819,TP_z03_03_2,30,ZYK, SIE, 10, z03, 06.12.2023, BaSyTec GSM.X.62.43.0427, CH08," Binder KB115 #10, SN:20200000019983", 45°C, top halb right,
1820,TP_z03_03_2,31,CU, SIE, 10, z03, 10.01.2024, BaSyTec GSM.X.62.43.0427, CH08," Binder KB115 #10, SN:20200000019983", 23°C, top halb right,4.267947775511336
1821,TP_z03_03_2,32,ZYK, SIE, 10, z03, 15.01.2024, BaSyTec GSM.X.62.43.0427, CH08," Binder KB115 #10, SN:20200000019983", 45°C, top halb right,
1822,TP_z03_03_2,33,AT_T10, SIE, 10, z03, 30.01.2024, BaSyTec GSM.X.62.43.0427, CH08," Binder KB115 #10, SN:20200000019983", 10°C, top halb right,4.158293336534392
1823,TP_z03_03_2,33,AT_T23, SIE, 10, z03, 30.01.2024, BaSyTec GSM.X.62.43.0427, CH08," Binder KB115 #10, SN:20200000019983", 23°C, top halb right,4.225978263626947
1824,TP_z03_03_2,33,AT_T45, SIE, 10, z03, 30.01.2024, BaSyTec GSM.X.62.43.0427, CH08," Binder KB115 #10, SN:20200000019983", 45°C, top halb right,4.3366414825664625
1825,TP_z04_01_1,1,ET_T45, INT, INT010, z04, 04.10.2021," Basytec CTS, SN:CTS.X.13.00.0355", CH20/21, Binder MK240 #Planck, 45°C, 22,4.981854134395238
1826,TP_z04_01_1,1,ET_T23, INT, INT010, z04, 07.10.2021," Basytec CTS, SN:CTS.X.13.00.0355", CH20/21, Binder MK240 #Planck, 23°C, 22,4.886747159084847
1827,TP_z04_01_1,1,ET_T10, INT, INT010, z04, 30.09.2021," Basytec CTS, SN:CTS.X.13.00.0355", CH20/21, Binder MK240 #Planck, 10°C, 22,4.828551701280791
1828,TP_z04_01_1,2,ZYK, INT, INT010, z04, 02.11.2021," Basytec CTS, SN:CTS.X.13.00.0355", CH00/01, Binder MK240 #Planck, 23°C, 11,
1829,TP_z04_01_1,3,CU, INT, INT010, z04, 12.11.2021," Basytec CTS, SN:CTS.X.13.00.0355", CH00/01, Binder MK240 #Planck, 23°C, 11,4.814128737988108
1830,TP_z04_01_1,4,ZYK, INT, INT010, z04, 15.11.2021," Basytec CTS, SN:CTS.X.13.00.0355", CH00/01, Binder MK240 #Planck, 23°C, 11,
1831,TP_z04_01_1,5,CU, INT, INT010, z04, 25.11.2021," Basytec CTS, SN:CTS.X.13.00.0355", CH00/01, Binder MK240 #Planck, 23°C, 11,4.772527534058733
1832,TP_z04_01_1,6,ZYK, INT, INT010, z04, 26.11.2021," Basytec CTS, SN:CTS.X.13.00.0355", CH00/01, Binder MK240 #Planck, 23°C, 11,
1833,TP_z04_01_1,7,exCU, INT, INT010, z04, 05.12.2021," Basytec CTS, SN:CTS.X.13.00.0355", CH00/01, Binder MK240 #Planck, 23°C, 11,4.739741761455955
1834,TP_z04_01_1,8,ZYK, INT, INT010, z04, 10.12.2021," Basytec CTS, SN:CTS.X.13.00.0408", CH00/01, Binder MK240 #Planck, 23°C, 11,
1835,TP_z04_01_1,9,CU, INT, INT010, z04, 26.12.2021," Basytec CTS, SN:CTS.X.13.00.0408", CH00/01, Binder MK240 #Planck, 23°C, 11,4.657198819934076
1836,TP_z04_01_1,10,ZYK, INT, INT010, z04, 29.12.2021," Basytec CTS, SN:CTS.X.13.00.0408", CH00/01, Binder MK240 #Planck, 23°C, 11,
1837,TP_z04_01_1,11,CU, INT, INT010, z04, 12.01.2022," Basytec CTS, SN:CTS.X.13.00.0408", CH00/01, Binder MK240 #Planck, 23°C, 11,4.80117869385433
1838,TP_z04_01_1,12,CU, INT, INT010, z04, 20.01.2022," Basytec CTS, SN:CTS.X.13.00.0408", CH00/01, Binder MK240 #Planck, 23°C, 11,3.4460094385105835
1839,TP_z04_01_1,13,ZYK, INT, INT010, z04, 21.01.2022," Basytec CTS, SN:CTS.X.13.00.0408", CH00/01, Binder MK240 #Planck, 23°C, 11,
1840,TP_z04_01_1,14,exCU, INT, INT010, z04, 06.02.2022," Basytec CTS, SN:CTS.X.13.00.0408", CH00/01, Binder MK240 #Planck, 23°C, 11,3.4242133181543375
1841,TP_z04_01_2,1,ET_T45, INT, INT059, TP_z04_01_MKII, 21.02.2023, Basytec CTS.x.13.00.0354, CH00/01, Binder MK240 #Schroedinger, 45, 1,4.950024109022847
1842,TP_z04_01_2,1,ET_T23, INT, INT059, TP_z04_01_MKII, 24.02.2023, Basytec CTS.x.13.00.0354, CH00/01, Binder MK240 #Schroedinger, 23, 1,4.863257917824036
1843,TP_z04_01_2,1,ET_T10, INT, INT059, TP_z04_01_MKII, 17.02.2023, Basytec CTS.x.13.00.0354, CH00/01, Binder MK240 #Schroedinger, 10, 1,4.721193442960051
1844,TP_z04_01_2,2,ZYK, INT, INT059, TP_z04_01_MKII, 26.04.2023, Basytec CTS.x13.00.0355, CH00/01, Binder MK240 #Planck, 23, 1,
1845,TP_z04_01_2,3,CU, INT, INT059, TP_z04_01_MKII, 04.05.2023, Basytec CTS.x13.00.0355, CH00/01, Binder MK240 #Planck, 23, 1,4.79542891744909
1846,TP_z04_01_2,4,ZYK, INT, INT059, TP_z04_01_MKII, 08.05.2023, Basytec CTS.x13.00.0355, CH00/01, Binder MK240 #Planck, 23, 1,
1847,TP_z04_01_2,5,CU, INT, INT059, TP_z04_01_MKII, 16.05.2023, Basytec CTS.x13.00.0355, CH00/01, Binder MK240 #Planck, 23, 1,4.783777840076105
1848,TP_z04_01_2,6,ZYK, INT, INT059, TP_z04_01_MKII, 17.05.2023, Basytec CTS.x13.00.0355, CH00/01, Binder MK240 #Planck, 23, 1,
1849,TP_z04_01_2,7,exCU, INT, INT059, TP_z04_01_MKII, 25.05.2023, Basytec CTS.x13.00.0355, CH00/01, Binder MK240 #Planck, 23, 1,4.778010819381204
1850,TP_z04_01_2,8,ZYK, INT, INT059, TP_z04_01_MKII, 26.05.2023, Basytec CTS.x13.00.0355, CH00/01, Binder MK240 #Planck, 23, 1,
1851,TP_z04_01_2,9,CU, INT, INT059, TP_z04_01_MKII, 12.06.2023, Basytec CTS.x13.00.0355, CH00/01, Binder MK240 #Planck, 23, 1,4.76600517612062
1852,TP_z04_01_2,10,ZYK, INT, INT059, TP_z04_01_MKII, 14.06.2023, Basytec CTS.x13.00.0355, CH00/01, Binder MK240 #Planck, 23, 1,
1853,TP_z04_01_2,11,CU, INT, INT059, TP_z04_01_MKII, 29.06.2023, Basytec CTS.x13.00.0355, CH00/01, Binder MK240 #Planck, 23, 1,4.748470179983254
1854,TP_z04_01_2,12,ZYK, INT, INT059, TP_z04_01_MKII, 30.06.2023, Basytec CTS.x13.00.0355, CH00/01, Binder MK240 #Planck, 23, 1,
1855,TP_z04_01_2,13,exCU, INT, INT059, TP_z04_01_MKII, 18.07.2023, Basytec CTS.x13.00.0355, CH00/01, Binder MK240 #Planck, 23, 1,4.738398297083032
1856,TP_z04_01_2,14,ZYK, INT, INT059, TP_z04_01_MKII, 25.07.2023, Basytec CTS.x13.00.0355, CH00/01, Binder MK240 #Planck, 23, 1,
1857,TP_z04_01_2,15,CU, INT, INT059, TP_z04_01_MKII, 23.08.2023, Basytec CTS.x.13.00.0354, CH06/07, Binder MK240 #Schroedinger, 23, 4,4.699413087793897
1858,TP_z04_01_2,16,ZYK, INT, INT059, TP_z04_01_MKII, 29.08.2023, Basytec CTS.x13.00.0355, CH00/01, Binder MK240 #Planck, 23, 1,
1859,TP_z04_01_2,17,CU, INT, INT059, TP_z04_01_MKII, 02.10.2023, Basytec CTS.x13.00.0355, CH00/01, Binder MK240 #Planck, 23, 1,4.678552553279011
1860,TP_z04_01_2,18,ZYK, INT, INT059, TP_z04_01_MKII, 11.10.2023, Basytec CTS.x13.00.0355, CH00/01, Binder MK240 #Planck, 23, 1,
1861,TP_z04_01_2,19,exCU, INT, INT059, TP_z04_01_MKII, 09.11.2023, Basytec CTS.x13.00.0355, CH00/01, Binder MK240 #Planck, 23, 1,4.649229600113273
1862,TP_z04_01_2,20,ZYK, INT, INT059, TP_z04_01_MKII, 13.11.2023, Basytec CTS.x13.00.0355, CH00/01, Binder MK240 #Planck, 23, 1,
1863,TP_z04_01_2,21,CU, INT, INT059, TP_z04_01_MKII, 18.12.2023, Basytec CTS.x13.00.0355, CH00/01, Binder MK240 #Planck, 23, 1,4.634377453348594
1864,TP_z04_01_2,22,ZYK, INT, INT059, TP_z04_01_MKII, 19.12.2023, Basytec CTS.x13.00.0355, CH00/01, Binder MK240 #Planck, 23, 1,
1865,TP_z04_01_2,23,CU, INT, INT059, TP_z04_01_MKII, 17.01.2024, Basytec CTS.x13.00.0355, CH00/01, Binder MK240 #Planck, 23, 1,4.612437963314622
1866,TP_z04_01_2,24,ZYK, INT, INT059, TP_z04_01_MKII, 19.01.2024, Basytec CTS.x13.00.0355, CH00/01, Binder MK240 #Planck, 23, 1,
1867,TP_z04_01_2,25,AT_T10, INT, INT059, TP_z04_01_MKII, 06.02.2024, Basytec CTS.x13.00.0355, CH00/01, Binder MK240 #Planck, 10, 1,4.477033272374099
1868,TP_z04_01_2,25,AT_T45, INT, INT059, TP_z04_01_MKII, 12.02.2024, Basytec CTS.x13.00.0355, CH00/01, Binder MK240 #Planck, 45, 1,4.672434308724748
1869,TP_z04_01_2,25,AT_T23, INT, INT059, TP_z04_01_MKII, 15.02.2024, Basytec CTS.x13.00.0355, CH00/01, Binder MK240 #Planck, 23, 1,4.59228658444389
1870,TP_z04_02_1,1,ET_T45, INT, INT011, z04, 04.10.2021," Basytec CTS, SN:CTS.X.13.00.0355", CH22/23, Binder MK240 #Planck, 45°C, 23,4.941470639283018
1871,TP_z04_02_1,1,ET_T23, INT, INT011, z04, 07.10.2021," Basytec CTS, SN:CTS.X.13.00.0355", CH22/23, Binder MK240 #Planck, 23°C, 23,4.847268272051467
1872,TP_z04_02_1,1,ET_T10, INT, INT011, z04, 30.09.2021," Basytec CTS, SN:CTS.X.13.00.0355", CH22/23, Binder MK240 #Planck, 10°C, 23,4.7724344302787145
1873,TP_z04_02_1,2,ZYK, INT, INT011, z04, 02.11.2021," Basytec CTS, SN:CTS.X.13.00.0355", CH02/03, Binder MK240 #Planck, 23°C, 12,
1874,TP_z04_02_1,3,CU, INT, INT011, z04, 12.11.2021," Basytec CTS, SN:CTS.X.13.00.0355", CH02/03, Binder MK240 #Planck, 23°C, 12,4.812074130819274
1875,TP_z04_02_1,4,ZYK, INT, INT011, z04, 15.11.2021," Basytec CTS, SN:CTS.X.13.00.0355", CH02/03, Binder MK240 #Planck, 23°C, 12,
1876,TP_z04_02_1,5,CU, INT, INT011, z04, 25.11.2021," Basytec CTS, SN:CTS.X.13.00.0355", CH02/03, Binder MK240 #Planck, 23°C, 12,4.786436978948622
1877,TP_z04_02_1,6,ZYK, INT, INT011, z04, 26.11.2021," Basytec CTS, SN:CTS.X.13.00.0355", CH02/03, Binder MK240 #Planck, 23°C, 12,
1878,TP_z04_02_1,7,exCU, INT, INT011, z04, 05.12.2021," Basytec CTS, SN:CTS.X.13.00.0355", CH02/03, Binder MK240 #Planck, 23°C, 12,4.77130580651388
1879,TP_z04_02_1,8,ZYK, INT, INT011, z04, 10.12.2021," Basytec CTS, SN:CTS.X.13.00.0408", CH02/03, Binder MK240 #Planck, 23°C, 12,
1880,TP_z04_02_1,9,CU, INT, INT011, z04, 26.12.2021," Basytec CTS, SN:CTS.X.13.00.0408", CH02/03, Binder MK240 #Planck, 23°C, 12,4.741881044120907
1881,TP_z04_02_1,10,ZYK, INT, INT011, z04, 29.12.2021," Basytec CTS, SN:CTS.X.13.00.0408", CH02/03, Binder MK240 #Planck, 23°C, 12,
1882,TP_z04_02_1,11,CU, INT, INT011, z04, 12.01.2022," Basytec CTS, SN:CTS.X.13.00.0408", CH02/03, Binder MK240 #Planck, 23°C, 12,4.712567583099503
1883,TP_z04_02_1,12,CU, INT, INT011, z04, 18.01.2022," Basytec CTS, SN:CTS.X.13.00.0354", CH28/29, Binder MK240 #Schrödinger, 23°C, 26,4.699016681769127
1884,TP_z04_02_1,13,ZYK, INT, INT011, z04, 21.01.2022," Basytec CTS, SN:CTS.X.13.00.0408", CH02/03, Binder MK240 #Planck, 23°C, 12,
1885,TP_z04_02_1,14,exCU, INT, INT011, z04, 06.02.2022," Basytec CTS, SN:CTS.X.13.00.0408", CH02/03, Binder MK240 #Planck, 23°C, 12,4.690173120426051
1886,TP_z04_02_1,15,ZYK, INT, INT011, z04, 11.02.2022," Basytec CTS, SN:CTS.X.13.00.0408", CH02/03, Binder MK240 #Planck, 23°C, 12,
1887,TP_z04_02_1,16,CU, INT, INT011, z04, 14.03.2022," Basytec CTS, SN:CTS.X.13.00.0408", CH02/03, Binder MK240 #Planck, 23°C, 12,4.18451521041652
1888,TP_z04_02_2,1,ET_T45, INT, INT037, TP_z04_02_MKII, 21.02.2023, Basytec CTS.x.13.00.0354, CH02/03, Binder MK240 #Schroedinger, 45, 2,4.960301475372955
1889,TP_z04_02_2,1,ET_T23, INT, INT037, TP_z04_02_MKII, 24.02.2023, Basytec CTS.x.13.00.0354, CH02/03, Binder MK240 #Schroedinger, 23, 2,4.8741017023675255
1890,TP_z04_02_2,1,ET_T10, INT, INT037, TP_z04_02_MKII, 17.02.2023, Basytec CTS.x.13.00.0354, CH02/03, Binder MK240 #Schroedinger, 10, 2,4.748119449038795
1891,TP_z04_02_2,2,ZYK, INT, INT037, TP_z04_02_MKII, 26.04.2023, Basytec CTS.x13.00.0355, CH02/03, Binder MK240 #Planck, 23, 2,
1892,TP_z04_02_2,3,CU, INT, INT037, TP_z04_02_MKII, 04.05.2023, Basytec CTS.x13.00.0355, CH02/03, Binder MK240 #Planck, 23, 2,4.804629986375822
1893,TP_z04_02_2,4,ZYK, INT, INT037, TP_z04_02_MKII, 08.05.2023, Basytec CTS.x13.00.0355, CH02/03, Binder MK240 #Planck, 23, 2,
1894,TP_z04_02_2,5,CU, INT, INT037, TP_z04_02_MKII, 16.05.2023, Basytec CTS.x13.00.0355, CH02/03, Binder MK240 #Planck, 23, 2,4.798321350052293
1895,TP_z04_02_2,6,ZYK, INT, INT037, TP_z04_02_MKII, 17.05.2023, Basytec CTS.x13.00.0355, CH02/03, Binder MK240 #Planck, 23, 2,
1896,TP_z04_02_2,7,exCU, INT, INT037, TP_z04_02_MKII, 25.05.2023, Basytec CTS.x13.00.0355, CH02/03, Binder MK240 #Planck, 23, 2,4.791727630426858
1897,TP_z04_02_2,8,ZYK, INT, INT037, TP_z04_02_MKII, 26.05.2023, Basytec CTS.x13.00.0355, CH02/03, Binder MK240 #Planck, 23, 2,
1898,TP_z04_02_2,9,CU, INT, INT037, TP_z04_02_MKII, 12.06.2023, Basytec CTS.x13.00.0355, CH02/03, Binder MK240 #Planck, 23, 2,4.781474901959218
1899,TP_z04_02_2,10,ZYK, INT, INT037, TP_z04_02_MKII, 14.06.2023, Basytec CTS.x13.00.0355, CH02/03, Binder MK240 #Planck, 23, 2,
1900,TP_z04_02_2,11,CU, INT, INT037, TP_z04_02_MKII, 29.06.2023, Basytec CTS.x13.00.0355, CH02/03, Binder MK240 #Planck, 23, 2,4.7632988599571275
1901,TP_z04_02_2,12,ZYK, INT, INT037, TP_z04_02_MKII, 30.06.2023, Basytec CTS.x13.00.0355, CH02/03, Binder MK240 #Planck, 23, 2,
1902,TP_z04_02_2,13,exCU, INT, INT037, TP_z04_02_MKII, 18.07.2023, Basytec CTS.x13.00.0355, CH02/03, Binder MK240 #Planck, 23, 2,4.751880344044584
1903,TP_z04_02_2,14,ZYK, INT, INT037, TP_z04_02_MKII, 25.07.2023, Basytec CTS.x13.00.0355, CH02/03, Binder MK240 #Planck, 23, 2,
1904,TP_z04_02_2,15,CU, INT, INT037, TP_z04_02_MKII, 23.08.2023, Basytec CTS.x13.00.0355, CH02/03, Binder MK240 #Planck, 23, 2,4.709082464842001
1905,TP_z04_02_2,16,ZYK, INT, INT037, TP_z04_02_MKII, 29.08.2023, Basytec CTS.x13.00.0355, CH02/03, Binder MK240 #Planck, 23, 2,
1906,TP_z04_02_2,17,CU, INT, INT037, TP_z04_02_MKII, 02.10.2023, Basytec CTS.x13.00.0355, CH02/03, Binder MK240 #Planck, 23, 2,4.690797135119145
1907,TP_z04_02_2,18,ZYK, INT, INT037, TP_z04_02_MKII, 11.10.2023, Basytec CTS.x13.00.0355, CH02/03, Binder MK240 #Planck, 23, 2,
1908,TP_z04_02_2,19,exCU, INT, INT037, TP_z04_02_MKII, 09.11.2023, Basytec CTS.x13.00.0355, CH02/03, Binder MK240 #Planck, 23, 2,4.655039160485404
1909,TP_z04_02_2,20,ZYK, INT, INT037, TP_z04_02_MKII, 13.11.2023, Basytec CTS.x13.00.0355, CH02/03, Binder MK240 #Planck, 23, 2,
1910,TP_z04_02_2,21,CU, INT, INT037, TP_z04_02_MKII, 18.12.2023, Basytec CTS.x13.00.0355, CH02/03, Binder MK240 #Planck, 23, 2,4.635500192281308
1911,TP_z04_02_2,22,ZYK, INT, INT037, TP_z04_02_MKII, 19.12.2023, Basytec CTS.x13.00.0355, CH02/03, Binder MK240 #Planck, 23, 2,
1912,TP_z04_02_2,23,CU, INT, INT037, TP_z04_02_MKII, 17.01.2024, Basytec CTS.x13.00.0355, CH02/03, Binder MK240 #Planck, 23, 2,4.6094127426333245
1913,TP_z04_02_2,24,ZYK, INT, INT037, TP_z04_02_MKII, 19.01.2024, Basytec CTS.x13.00.0355, CH02/03, Binder MK240 #Planck, 23, 2,
1914,TP_z04_02_2,25,AT_T10, INT, INT037, TP_z04_02_MKII, 06.02.2024, Basytec CTS.x13.00.0355, CH02/03, Binder MK240 #Planck, 10, 2,4.480342481379373
1915,TP_z04_02_2,25,AT_T45, INT, INT037, TP_z04_02_MKII, 12.02.2024, Basytec CTS.x13.00.0355, CH02/03, Binder MK240 #Planck, 45, 2,4.670194266450276
1916,TP_z04_02_2,25,AT_T23, INT, INT037, TP_z04_02_MKII, 15.02.2024, Basytec CTS.x13.00.0355, CH02/03, Binder MK240 #Planck, 23, 2,4.5906678349187
1917,TP_z04_03_1,1,ET_T10, INT, INT012, z04, 30.09.2021," Basytec CTS, SN:CTS.X.13.00.0355", CH24/25, Binder MK240 #Planck, 10°C, 24,4.776979327574093
1918,TP_z04_03_1,1,ET_T23, INT, INT012, z04, 07.10.2021," Basytec CTS, SN:CTS.X.13.00.0355", CH24/25, Binder MK240 #Planck, 23°C, 24,4.852292777626854
1919,TP_z04_03_1,1,ET_T45, INT, INT012, z04, 04.10.2021," Basytec CTS, SN:CTS.X.13.00.0355", CH24/25, Binder MK240 #Planck, 45°C, 24,4.943176699319351
1920,TP_z04_03_1,2,ZYK, INT, INT012, z04, 02.11.2021," Basytec CTS, SN:CTS.X.13.00.0355", CH04/05, Binder MK240 #Planck, 23°C, 13,
1921,TP_z04_03_1,3,CU, INT, INT012, z04, 12.11.2021," Basytec CTS, SN:CTS.X.13.00.0355", CH04/05, Binder MK240 #Planck, 23°C, 13,4.809214396416671
1922,TP_z04_03_1,4,ZYK, INT, INT012, z04, 15.11.2021," Basytec CTS, SN:CTS.X.13.00.0355", CH04/05, Binder MK240 #Planck, 23°C, 13,
1923,TP_z04_03_1,5,CU, INT, INT012, z04, 25.11.2021," Basytec CTS, SN:CTS.X.13.00.0355", CH04/05, Binder MK240 #Planck, 23°C, 13,4.780401367610547
1924,TP_z04_03_1,6,ZYK, INT, INT012, z04, 26.11.2021," Basytec CTS, SN:CTS.X.13.00.0355", CH04/05, Binder MK240 #Planck, 23°C, 13,
1925,TP_z04_03_1,7,exCU, INT, INT012, z04, 05.12.2021," Basytec CTS, SN:CTS.X.13.00.0355", CH04/05, Binder MK240 #Planck, 23°C, 13,4.765173509625599
1926,TP_z04_03_1,8,ZYK, INT, INT012, z04, 10.12.2021," Basytec CTS, SN:CTS.X.13.00.0408", CH04/05, Binder MK240 #Planck, 23°C, 13,
1927,TP_z04_03_1,9,CU, INT, INT012, z04, 26.12.2021," Basytec CTS, SN:CTS.X.13.00.0408", CH04/05, Binder MK240 #Planck, 23°C, 13,4.717215925938624
1928,TP_z04_03_1,10,ZYK, INT, INT012, z04, 29.12.2021," Basytec CTS, SN:CTS.X.13.00.0408", CH04/05, Binder MK240 #Planck, 23°C, 13,
1929,TP_z04_03_1,11,CU, INT, INT012, z04, 12.01.2022," Basytec CTS, SN:CTS.X.13.00.0408", CH04/05, Binder MK240 #Planck, 23°C, 13,5.470941014633576
1930,TP_z04_03_1,12,CU, INT, INT012, z04, 18.01.2022," Basytec CTS, SN:CTS.X.13.00.0354", CH30/31, Binder MK240 #Schrödinger, 23°C, 27,4.67853466218337
1931,TP_z04_03_1,13,ZYK, INT, INT012, z04, 21.01.2021," Basytec CTS, SN:CTS.X.13.00.0408", CH04/05, Binder MK240 #Planck, 23°C, 13,
1932,TP_z04_03_1,14,exCU, INT, INT012, z04, 06.02.2022," Basytec CTS, SN:CTS.X.13.00.0408", CH04/05, Binder MK240 #Planck, 23°C, 13,3.8777009892928467
1933,TP_z04_03_2,1,ET_T10, INT, INT029, TP_z04_03_MKII, 17.02.2023, Basytec CTS.x.13.00.0354, CH04/05, Binder MK240 #Schroedinger, 10, 3,4.726284828620884
1934,TP_z04_03_2,1,ET_T23, INT, INT029, TP_z04_03_MKII, 24.02.2023, Basytec CTS.x.13.00.0354, CH04/05, Binder MK240 #Schroedinger, 23, 3,4.856601485784587
1935,TP_z04_03_2,1,ET_T45, INT, INT029, TP_z04_03_MKII, 21.02.2023, Basytec CTS.x.13.00.0354, CH04/05, Binder MK240 #Schroedinger, 45, 3,4.945305815330078
1936,TP_z04_03_2,2,ZYK, INT, INT029, TP_z04_03_MKII, 26.04.2023, Basytec CTS.x13.00.0355, CH04/05, Binder MK240 #Planck, 23, 3,
1937,TP_z04_03_2,3,CU, INT, INT029, TP_z04_03_MKII, 04.05.2023, Basytec CTS.x13.00.0355, CH04/05, Binder MK240 #Planck, 23, 3,4.78679314782542
1938,TP_z04_03_2,4,ZYK, INT, INT029, TP_z04_03_MKII, 08.05.2023, Basytec CTS.x13.00.0355, CH04/05, Binder MK240 #Planck, 23, 3,
1939,TP_z04_03_2,5,CU, INT, INT029, TP_z04_03_MKII, 16.05.2023, Basytec CTS.x13.00.0355, CH04/05, Binder MK240 #Planck, 23, 3,4.779411238443602
1940,TP_z04_03_2,6,ZYK, INT, INT029, TP_z04_03_MKII, 17.05.2023, Basytec CTS.x13.00.0355, CH04/05, Binder MK240 #Planck, 23, 3,
1941,TP_z04_03_2,7,exCU, INT, INT029, TP_z04_03_MKII, 25.05.2023, Basytec CTS.x13.00.0355, CH04/05, Binder MK240 #Planck, 23, 3,4.7730514920672995
1942,TP_z04_03_2,8,ZYK, INT, INT029, TP_z04_03_MKII, 26.05.2023, Basytec CTS.x13.00.0355, CH04/05, Binder MK240 #Planck, 23, 3,
1943,TP_z04_03_2,9,CU, INT, INT029, TP_z04_03_MKII, 12.06.2023, Basytec CTS.x13.00.0355, CH04/05, Binder MK240 #Planck, 23, 3,4.760988845571642
1944,TP_z04_03_2,10,ZYK, INT, INT029, TP_z04_03_MKII, 14.06.2023, Basytec CTS.x13.00.0355, CH04/05, Binder MK240 #Planck, 23, 3,
1945,TP_z04_03_2,11,CU, INT, INT029, TP_z04_03_MKII, 29.06.2023, Basytec CTS.x13.00.0355, CH04/05, Binder MK240 #Planck, 23, 3,4.742665353208248
1946,TP_z04_03_2,12,ZYK, INT, INT029, TP_z04_03_MKII, 30.06.2023, Basytec CTS.x13.00.0355, CH04/05, Binder MK240 #Planck, 23, 3,
1947,TP_z04_03_2,13,exCU, INT, INT029, TP_z04_03_MKII, 18.07.2023, Basytec CTS.x13.00.0355, CH04/05, Binder MK240 #Planck, 23, 3,4.731974144875965
1948,TP_z04_03_2,14,ZYK, INT, INT029, TP_z04_03_MKII, 25.07.2023, Basytec CTS.x13.00.0355, CH04/05, Binder MK240 #Planck, 23, 3,
1949,TP_z04_03_2,15,CU, INT, INT029, TP_z04_03_MKII, 23.08.2023, Basytec CTS.x13.00.0355, CH04/05, Binder MK240 #Planck, 23, 3,4.693625077841785
1950,TP_z04_03_2,16,ZYK, INT, INT029, TP_z04_03_MKII, 29.08.2023, Basytec CTS.x13.00.0355, CH04/05, Binder MK240 #Planck, 23, 3,
1951,TP_z04_03_2,17,CU, INT, INT029, TP_z04_03_MKII, 02.10.2023, Basytec CTS.x13.00.0355, CH04/05, Binder MK240 #Planck, 23, 3,4.66957407724202
1952,TP_z04_03_2,18,ZYK, INT, INT029, TP_z04_03_MKII, 11.10.2023, Basytec CTS.x13.00.0355, CH04/05, Binder MK240 #Planck, 23, 3,
1953,TP_z04_03_2,19,exCU, INT, INT029, TP_z04_03_MKII, 09.11.2023, Basytec CTS.x13.00.0355, CH04/05, Binder MK240 #Planck, 23, 3,4.6331720951222515
1954,TP_z04_03_2,20,ZYK, INT, INT029, TP_z04_03_MKII, 13.11.2023, Basytec CTS.x13.00.0355, CH04/05, Binder MK240 #Planck, 23, 3,
1955,TP_z04_03_2,21,CU, INT, INT029, TP_z04_03_MKII, 18.12.2023, Basytec CTS.x13.00.0355, CH04/05, Binder MK240 #Planck, 23, 3,4.614957986309384
1956,TP_z04_03_2,22,ZYK, INT, INT029, TP_z04_03_MKII, 19.12.2023, Basytec CTS.x13.00.0355, CH04/05, Binder MK240 #Planck, 23, 3,
1957,TP_z04_03_2,23,CU, INT, INT029, TP_z04_03_MKII, 17.01.2024, Basytec CTS.x13.00.0355, CH04/05, Binder MK240 #Planck, 23, 3,4.589227744609999
1958,TP_z04_03_2,24,ZYK, INT, INT029, TP_z04_03_MKII, 19.01.2024, Basytec CTS.x13.00.0355, CH04/05, Binder MK240 #Planck, 23, 3,
1959,TP_z04_03_2,25,AT_T23, INT, INT029, TP_z04_03_MKII, 15.02.2024, Basytec CTS.x13.00.0355, CH04/05, Binder MK240 #Planck, 23, 3,4.570767361166407
1960,TP_z04_03_2,25,AT_T45, INT, INT029, TP_z04_03_MKII, 12.02.2024, Basytec CTS.x13.00.0355, CH04/05, Binder MK240 #Planck, 45, 3,4.656306845055396
1961,TP_z04_03_2,25,AT_T10, INT, INT029, TP_z04_03_MKII, 06.02.2024, Basytec CTS.x13.00.0355, CH04/05, Binder MK240 #Planck, 10, 3,4.444829182352063
1962,TP_z05_01_1,1,ET_T23, INT, INT013, z05, 07.10.2021," Basytec CTS, SN:CTS.X.13.00.0355", CH26/27, Binder MK240 #Planck, 23°C, 25,4.8589221852890745
1963,TP_z05_01_1,1,ET_T45, INT, INT013, z05, 04.10.2021," Basytec CTS, SN:CTS.X.13.00.0355", CH26/27, Binder MK240 #Planck, 45°C, 25,4.950721037578013
1964,TP_z05_01_1,1,ET_T10, INT, INT013, z05, 30.09.2021," Basytec CTS, SN:CTS.X.13.00.0355", CH26/27, Binder MK240 #Planck, 10°C, 25,4.786446028399514
1965,TP_z05_01_1,2,ZYK, INT, INT013, z05, 02.11.2021," Basytec CTS, SN:CTS.X.13.00.0355", CH06/07, Binder MK240 #Planck, 23°C, 14,
1966,TP_z05_01_1,3,CU, INT, INT013, z05, 12.11.2021," Basytec CTS, SN:CTS.X.13.00.0355", CH06/07, Binder MK240 #Planck, 23°C, 14,4.838293637637633
1967,TP_z05_01_1,4,ZYK, INT, INT013, z05, 15.11.2021," Basytec CTS, SN:CTS.X.13.00.0355", CH06/07, Binder MK240 #Planck, 23°C, 14,
1968,TP_z05_01_1,5,CU, INT, INT013, z05, 25.11.2021," Basytec CTS, SN:CTS.X.13.00.0355", CH06/07, Binder MK240 #Planck, 23°C, 14,4.832438298612699
1969,TP_z05_01_1,6,ZYK, INT, INT013, z05, 26.11.2021," Basytec CTS, SN:CTS.X.13.00.0355", CH06/07, Binder MK240 #Planck, 23°C, 14,
1970,TP_z05_01_1,7,exCU, INT, INT013, z05, 05.12.2021," Basytec CTS, SN:CTS.X.13.00.0355", CH06/07, Binder MK240 #Planck, 23°C, 14,4.826523793026793
1971,TP_z05_01_1,8,ZYK, INT, INT013, z05, 10.12.2021," Basytec CTS, SN:CTS.X.13.00.0408", CH06/07, Binder MK240 #Planck, 23°C, 14,
1972,TP_z05_01_1,9,CU, INT, INT013, z05, 26.12.2021," Basytec CTS, SN:CTS.X.13.00.0408", CH06/07, Binder MK240 #Planck, 23°C, 14,4.814769462993237
1973,TP_z05_01_1,10,ZYK, INT, INT013, z05, 29.12.2021," Basytec CTS, SN:CTS.X.13.00.0408", CH06/07, Binder MK240 #Planck, 23°C, 14,
1974,TP_z05_01_1,11,CU, INT, INT013, z05, 12.01.2022," Basytec CTS, SN:CTS.X.13.00.0408", CH06/07, Binder MK240 #Planck, 23°C, 14,4.807212870716306
1975,TP_z05_01_1,12,ZYK, INT, INT013, z05, 21.01.2022," Basytec CTS, SN:CTS.X.13.00.0408", CH06/07, Binder MK240 #Planck, 23°C, 14,
1976,TP_z05_01_1,13,exCU, INT, INT013, z05, 06.02.2022," Basytec CTS, SN:CTS.X.13.00.0408", CH06/07, Binder MK240 #Planck, 23°C, 14,4.80011848316081
1977,TP_z05_01_1,14,ZYK, INT, INT013, z05, 11.02.2022," Basytec CTS, SN:CTS.X.13.00.0408", CH06/07, Binder MK240 #Planck, 23°C, 14,
1978,TP_z05_01_1,15,CU, INT, INT013, z05, 14.03.2022," Basytec CTS, SN:CTS.X.13.00.0408", CH06/07, Binder MK240 #Planck, 23°C, 14,4.782833065000981
1979,TP_z05_01_1,16,ZYK, INT, INT013, z05, 25.03.2022," Basytec CTS, SN:CTS.X.13.00.0408", CH06/07, Binder MK240 #Planck, 23°C, 14,
1980,TP_z05_01_1,17,CU, INT, INT013, z05, 02.05.2022," Basytec CTS, SN:CTS.X.13.00.0408", CH06/07, Binder MK240 #Planck, 23°C, 14,4.772517792605609
1981,TP_z05_01_1,18,ZYK, INT, INT013, z05, 09.05.2022," Basytec CTS, SN:CTS.X.13.00.0408", CH06/07, Binder MK240 #Planck, 23°C, 14,
1982,TP_z05_01_1,19,exCU, INT, INT013, z05, 07.06.2022," Basytec CTS, SN:CTS.X.13.00.0408", CH06/07, Binder MK240 #Planck, 23°C, 14,4.761968712257013
1983,TP_z05_01_1,20,ZYK, INT, INT013, z05, 13.06.2022," Basytec CTS, SN:CTS.X.13.00.0408", CH06/07, Binder MK240 #Planck, 23°C, 14,
1984,TP_z05_01_1,21,CU, INT, INT013, z05, 18.07.2022," Basytec CTS, SN:CTS.X.13.00.0408", CH06/07, Binder MK240 #Planck, 23°C, 14,4.7500782005812905
1985,TP_z05_01_1,22,ZYK, INT, INT013, z05, 22.07.2022," Basytec CTS, SN:CTS.X.13.00.0408", CH06/07, Binder MK240 #Planck, 23°C, 14,
1986,TP_z05_01_1,23,CU, INT, INT013, z05, 19.08.2022," Basytec CTS, SN:CTS.X.13.00.0408", CH06/07, Binder MK240 #Planck, 23°C, 14,4.742393572618023
1987,TP_z05_01_1,24,ZYK, INT, INT013, z05, 23.08.2022," Basytec CTS, SN:CTS.X.13.00.0408", CH06/07, Binder MK240 #Planck, 23°C, 14,
1988,TP_z05_01_1,25,AT_T10, INT, INT013, z05, 23.09.2022," Basytec CTS, SN:CTS.X.13.00.0408", CH06/07, Binder MK240 #Planck, 10°C, 14,4.641569083965992
1989,TP_z05_01_1,25,AT_T23, INT, INT013, z05, 29.09.2022," Basytec CTS, SN:CTS.X.13.00.0408", CH06/07, Binder MK240 #Planck, 23°C, 14,4.717964938311242
1990,TP_z05_01_1,25,AT_T45, INT, INT013, z05, 26.09.2022," Basytec CTS, SN:CTS.X.13.00.0408", CH06/07, Binder MK240 #Planck, 45°C, 14,4.7938720770706755
1991,TP_z05_01_2,1,ET_T23, INT, INT073, TP_z05_01_MKII, 24.02.2023, Basytec CTS.x.13.00.0354, CH06/07, Binder MK240 #Schroedinger, 23, 4,4.851020734509985
1992,TP_z05_01_2,1,ET_T45, INT, INT073, TP_z05_01_MKII, 21.02.2023, Basytec CTS.x.13.00.0354, CH06/07, Binder MK240 #Schroedinger, 45, 4,4.9444228790759714
1993,TP_z05_01_2,1,ET_T10, INT, INT073, TP_z05_01_MKII, 17.02.2023, Basytec CTS.x.13.00.0354, CH06/07, Binder MK240 #Schroedinger, 10, 4,4.712808980411722
1994,TP_z05_01_2,2,ZYK, INT, INT073, TP_z05_01_MKII, 26.04.2023, Basytec CTS.x13.00.0355, CH06/07, Binder MK240 #Planck, 23, 4,
1995,TP_z05_01_2,3,CU, INT, INT073, TP_z05_01_MKII, 04.05.2023, Basytec CTS.x13.00.0355, CH06/07, Binder MK240 #Planck, 23, 4,4.851715728587834
1996,TP_z05_01_2,4,ZYK, INT, INT073, TP_z05_01_MKII, 08.05.2023, Basytec CTS.x13.00.0355, CH06/07, Binder MK240 #Planck, 23, 4,
1997,TP_z05_01_2,5,CU, INT, INT073, TP_z05_01_MKII, 16.05.2023, Basytec CTS.x13.00.0355, CH06/07, Binder MK240 #Planck, 23, 4,4.852886605156179
1998,TP_z05_01_2,6,ZYK, INT, INT073, TP_z05_01_MKII, 17.05.2023, Basytec CTS.x13.00.0355, CH06/07, Binder MK240 #Planck, 23, 4,
1999,TP_z05_01_2,7,exCU, INT, INT073, TP_z05_01_MKII, 25.05.2023, Basytec CTS.x13.00.0355, CH06/07, Binder MK240 #Planck, 23, 4,4.851581946785644
2000,TP_z05_01_2,8,ZYK, INT, INT073, TP_z05_01_MKII, 26.05.2023, Basytec CTS.x13.00.0355, CH06/07, Binder MK240 #Planck, 23, 4,
2001,TP_z05_01_2,9,CU, INT, INT073, TP_z05_01_MKII, 12.06.2023, Basytec CTS.x13.00.0355, CH06/07, Binder MK240 #Planck, 23, 4,4.845514740271193
2002,TP_z05_01_2,10,ZYK, INT, INT073, TP_z05_01_MKII, 14.06.2023, Basytec CTS.x13.00.0355, CH06/07, Binder MK240 #Planck, 23, 4,
2003,TP_z05_01_2,11,CU, INT, INT073, TP_z05_01_MKII, 29.06.2023, Basytec CTS.x13.00.0355, CH06/07, Binder MK240 #Planck, 23, 4,4.842666038613775
2004,TP_z05_01_2,12,ZYK, INT, INT073, TP_z05_01_MKII, 30.06.2023, Basytec CTS.x13.00.0355, CH06/07, Binder MK240 #Planck, 23, 4,
2005,TP_z05_01_2,13,exCU, INT, INT073, TP_z05_01_MKII, 18.07.2023, Basytec CTS.x13.00.0355, CH06/07, Binder MK240 #Planck, 23, 4,4.839235358532126
2006,TP_z05_01_2,14,ZYK, INT, INT073, TP_z05_01_MKII, 25.07.2023, Basytec CTS.x13.00.0355, CH06/07, Binder MK240 #Planck, 23, 4,
2007,TP_z05_01_2,15,CU, INT, INT073, TP_z05_01_MKII, 23.08.2023, Basytec CTS.x13.00.0355, CH06/07, Binder MK240 #Planck, 23, 4,4.828234143982897
2008,TP_z05_01_2,16,ZYK, INT, INT073, TP_z05_01_MKII, 29.08.2023, Basytec CTS.x13.00.0355, CH06/07, Binder MK240 #Planck, 23, 4,
2009,TP_z05_01_2,17,CU, INT, INT073, TP_z05_01_MKII, 02.10.2023, Basytec CTS.x13.00.0355, CH06/07, Binder MK240 #Planck, 23, 4,4.82416669862151
2010,TP_z05_01_2,18,ZYK, INT, INT073, TP_z05_01_MKII, 11.10.2023, Basytec CTS.x13.00.0355, CH06/07, Binder MK240 #Planck, 23, 4,
2011,TP_z05_01_2,19,exCU, INT, INT073, TP_z05_01_MKII, 09.11.2023, Basytec CTS.x13.00.0355, CH06/07, Binder MK240 #Planck, 23, 4,4.816038692812299
2012,TP_z05_01_2,20,ZYK, INT, INT073, TP_z05_01_MKII, 13.11.2023, Basytec CTS.x13.00.0355, CH06/07, Binder MK240 #Planck, 23, 4,
2013,TP_z05_01_2,21,CU, INT, INT073, TP_z05_01_MKII, 18.12.2023, Basytec CTS.x13.00.0355, CH06/07, Binder MK240 #Planck, 23, 4,4.8101197303337315
2014,TP_z05_01_2,22,ZYK, INT, INT073, TP_z05_01_MKII, 19.12.2023, Basytec CTS.x13.00.0355, CH06/07, Binder MK240 #Planck, 23, 4,
2015,TP_z05_01_2,23,CU, INT, INT073, TP_z05_01_MKII, 17.01.2024, Basytec CTS.x13.00.0355, CH06/07, Binder MK240 #Planck, 23, 4,4.80350943062132
2016,TP_z05_01_2,24,ZYK, INT, INT073, TP_z05_01_MKII, 19.01.2024, Basytec CTS.x13.00.0355, CH06/07, Binder MK240 #Planck, 23, 4,
2017,TP_z05_01_2,25,AT_T10, INT, INT073, TP_z05_01_MKII, 06.02.2024, Basytec CTS.x13.00.0355, CH06/07, Binder MK240 #Planck, 10, 4,4.715382513893511
2018,TP_z05_01_2,25,AT_T23, INT, INT073, TP_z05_01_MKII, 15.02.2024, Basytec CTS.x13.00.0355, CH06/07, Binder MK240 #Planck, 23, 4,4.756940573238478
2019,TP_z05_01_2,25,AT_T45, INT, INT073, TP_z05_01_MKII, 12.02.2024, Basytec CTS.x13.00.0355, CH06/07, Binder MK240 #Planck, 45, 4,4.842474564755194
2020,TP_z05_02_1,1,ET_T23, INT, INT014, z05, 07.10.2021," Basytec CTS, SN:CTS.X.13.00.0355", CH30/31, Binder MK240 #Planck, 23°C, 27,4.869028891345252
2021,TP_z05_02_1,1,ET_T45, INT, INT014, z05, 04.10.2021," Basytec CTS, SN:CTS.X.13.00.0355", CH30/31, Binder MK240 #Planck, 45°C, 27,4.961106339377732
2022,TP_z05_02_1,1,ET_T10, INT, INT014, z05, 30.09.2021," Basytec CTS, SN:CTS.X.13.00.0355", CH30/31, Binder MK240 #Planck, 10°C, 27,4.7887451074528
2023,TP_z05_02_1,2,ZYK, INT, INT014, z05, 02.11.2021," Basytec CTS, SN:CTS.X.13.00.0355", CH10/11, Binder MK240 #Planck, 23°C, 15,
2024,TP_z05_02_1,3,CU, INT, INT014, z05, 12.11.2021," Basytec CTS, SN:CTS.X.13.00.0355", CH10/11, Binder MK240 #Planck, 23°C, 15,4.851082220057723
2025,TP_z05_02_1,4,ZYK, INT, INT014, z05, 15.11.2021," Basytec CTS, SN:CTS.X.13.00.0355", CH10/11, Binder MK240 #Planck, 23°C, 15,
2026,TP_z05_02_1,5,CU, INT, INT014, z05, 25.11.2021," Basytec CTS, SN:CTS.X.13.00.0355", CH10/11, Binder MK240 #Planck, 23°C, 15,4.844889863215757
2027,TP_z05_02_1,6,ZYK, INT, INT014, z05, 26.11.2021," Basytec CTS, SN:CTS.X.13.00.0355", CH10/11, Binder MK240 #Planck, 23°C, 15,
2028,TP_z05_02_1,7,exCU, INT, INT014, z05, 05.12.2021," Basytec CTS, SN:CTS.X.13.00.0355", CH10/11, Binder MK240 #Planck, 23°C, 15,4.840254801003937
2029,TP_z05_02_1,8,ZYK, INT, INT014, z05, 10.12.2021," Basytec CTS, SN:CTS.X.13.00.0408", CH10/11, Binder MK240 #Planck, 23°C, 15,
2030,TP_z05_02_1,9,CU, INT, INT014, z05, 26.12.2021," Basytec CTS, SN:CTS.X.13.00.0408", CH10/11, Binder MK240 #Planck, 23°C, 15,4.830579192898657
2031,TP_z05_02_1,10,ZYK, INT, INT014, z05, 29.12.2021," Basytec CTS, SN:CTS.X.13.00.0408", CH10/11, Binder MK240 #Planck, 23°C, 15,
2032,TP_z05_02_1,11,CU, INT, INT014, z05, 12.01.2022," Basytec CTS, SN:CTS.X.13.00.0408", CH10/11, Binder MK240 #Planck, 23°C, 15,4.823582307419549
2033,TP_z05_02_1,12,ZYK, INT, INT014, z05, 21.01.2022," Basytec CTS, SN:CTS.X.13.00.0408", CH10/11, Binder MK240 #Planck, 23°C, 15,
2034,TP_z05_02_1,13,exCU, INT, INT014, z05, 06.02.2022," Basytec CTS, SN:CTS.X.13.00.0408", CH10/11, Binder MK240 #Planck, 23°C, 15,4.8152967749139695
2035,TP_z05_02_1,14,ZYK, INT, INT014, z05, 11.02.2022," Basytec CTS, SN:CTS.X.13.00.0408", CH10/11, Binder MK240 #Planck, 23°C, 15,
2036,TP_z05_02_1,15,CU, INT, INT014, z05, 14.03.2022," Basytec CTS, SN:CTS.X.13.00.0408", CH10/11, Binder MK240 #Planck, 23°C, 15,4.798273483680718
2037,TP_z05_02_1,16,ZYK, INT, INT014, z05, 25.03.2022," Basytec CTS, SN:CTS.X.13.00.0408", CH10/11, Binder MK240 #Planck, 23°C, 15,
2038,TP_z05_02_1,17,CU, INT, INT014, z05, 02.05.2022," Basytec CTS, SN:CTS.X.13.00.0408", CH10/11, Binder MK240 #Planck, 23°C, 15,4.788985430552595
2039,TP_z05_02_1,18,ZYK, INT, INT014, z05, 09.05.2022," Basytec CTS, SN:CTS.X.13.00.0408", CH10/11, Binder MK240 #Planck, 23°C, 15,
2040,TP_z05_02_1,19,exCU, INT, INT014, z05, 07.06.2022," Basytec CTS, SN:CTS.X.13.00.0408", CH10/11, Binder MK240 #Planck, 23°C, 15,4.778776032932574
2041,TP_z05_02_1,20,ZYK, INT, INT014, z05, 13.06.2022," Basytec CTS, SN:CTS.X.13.00.0408", CH10/11, Binder MK240 #Planck, 23°C, 15,
2042,TP_z05_02_1,21,CU, INT, INT014, z05, 18.07.2022," Basytec CTS, SN:CTS.X.13.00.0408", CH10/11, Binder MK240 #Planck, 23°C, 15,4.766038957821395
2043,TP_z05_02_1,22,ZYK, INT, INT014, z05, 22.07.2022," Basytec CTS, SN:CTS.X.13.00.0408", CH10/11, Binder MK240 #Planck, 23°C, 15,
2044,TP_z05_02_1,23,CU, INT, INT014, z05, 19.08.2022," Basytec CTS, SN:CTS.X.13.00.0408", CH10/11, Binder MK240 #Planck, 23°C, 15,4.75779947319327
2045,TP_z05_02_1,24,ZYK, INT, INT014, z05, 23.08.2022," Basytec CTS, SN:CTS.X.13.00.0408", CH10/11, Binder MK240 #Planck, 23°C, 15,
2046,TP_z05_02_1,25,AT_T10, INT, INT014, z05, 23.09.2022," Basytec CTS, SN:CTS.X.13.00.0408", CH10/11, Binder MK240 #Planck, 10°C, 15,4.6606503797734735
2047,TP_z05_02_1,25,AT_T23, INT, INT014, z05, 29.09.2022," Basytec CTS, SN:CTS.X.13.00.0408", CH10/11, Binder MK240 #Planck, 23°C, 15,4.731933584614179
2048,TP_z05_02_1,25,AT_T45, INT, INT014, z05, 26.09.2022," Basytec CTS, SN:CTS.X.13.00.0408", CH10/11, Binder MK240 #Planck, 45°C, 15,4.807610543951467
2049,TP_z05_02_2,1,ET_T23, INT, INT161, TP_z05_02_MKII, 24.02.2023, Basytec CTS.x.13.00.0354, CH08/09, Binder MK240 #Schroedinger, 23, 5,4.839111868750862
2050,TP_z05_02_2,1,ET_T45, INT, INT161, TP_z05_02_MKII, 21.02.2023, Basytec CTS.x.13.00.0354, CH08/09, Binder MK240 #Schroedinger, 45, 5,4.931943779342694
2051,TP_z05_02_2,1,ET_T10, INT, INT161, TP_z05_02_MKII, 17.02.2023, Basytec CTS.x.13.00.0354, CH08/09, Binder MK240 #Schroedinger, 10, 5,4.700418378956286
2052,TP_z05_02_2,2,ZYK, INT, INT161, TP_z05_02_MKII, 26.04.2023, Basytec CTS.x13.00.0355, CH10/11, Binder MK240 #Planck, 23, 6,
2053,TP_z05_02_2,3,CU, INT, INT161, TP_z05_02_MKII, 04.05.2023, Basytec CTS.x13.00.0355, CH10/11, Binder MK240 #Planck, 23, 6,4.8345031790641695
2054,TP_z05_02_2,4,ZYK, INT, INT161, TP_z05_02_MKII, 08.05.2023, Basytec CTS.x13.00.0355, CH10/11, Binder MK240 #Planck, 23, 6,
2055,TP_z05_02_2,5,CU, INT, INT161, TP_z05_02_MKII, 16.05.2023, Basytec CTS.x13.00.0355, CH10/11, Binder MK240 #Planck, 23, 6,4.835242346806792
2056,TP_z05_02_2,6,ZYK, INT, INT161, TP_z05_02_MKII, 17.05.2023, Basytec CTS.x13.00.0355, CH10/11, Binder MK240 #Planck, 23, 6,
2057,TP_z05_02_2,7,exCU, INT, INT161, TP_z05_02_MKII, 25.05.2023, Basytec CTS.x13.00.0355, CH10/11, Binder MK240 #Planck, 23, 6,4.833546674165659
2058,TP_z05_02_2,8,ZYK, INT, INT161, TP_z05_02_MKII, 26.05.2023, Basytec CTS.x13.00.0355, CH10/11, Binder MK240 #Planck, 23, 6,
2059,TP_z05_02_2,9,CU, INT, INT161, TP_z05_02_MKII, 12.06.2023, Basytec CTS.x13.00.0355, CH10/11, Binder MK240 #Planck, 23, 6,4.827861775438372
2060,TP_z05_02_2,10,ZYK, INT, INT161, TP_z05_02_MKII, 14.06.2023, Basytec CTS.x13.00.0355, CH10/11, Binder MK240 #Planck, 23, 6,
2061,TP_z05_02_2,11,CU, INT, INT161, TP_z05_02_MKII, 29.06.2023, Basytec CTS.x13.00.0355, CH10/11, Binder MK240 #Planck, 23, 6,4.82409485405519
2062,TP_z05_02_2,12,ZYK, INT, INT161, TP_z05_02_MKII, 30.06.2023, Basytec CTS.x13.00.0355, CH10/11, Binder MK240 #Planck, 23, 6,
2063,TP_z05_02_2,13,exCU, INT, INT161, TP_z05_02_MKII, 18.07.2023, Basytec CTS.x13.00.0355, CH10/11, Binder MK240 #Planck, 23, 6,4.82094732319865
2064,TP_z05_02_2,14,ZYK, INT, INT161, TP_z05_02_MKII, 25.07.2023, Basytec CTS.x13.00.0355, CH10/11, Binder MK240 #Planck, 23, 6,
2065,TP_z05_02_2,15,CU, INT, INT161, TP_z05_02_MKII, 23.08.2023, Basytec CTS.x13.00.0355, CH10/11, Binder MK240 #Planck, 23, 6,4.810021254913414
2066,TP_z05_02_2,16,ZYK, INT, INT161, TP_z05_02_MKII, 29.08.2023, Basytec CTS.x13.00.0355, CH10/11, Binder MK240 #Planck, 23, 6,
2067,TP_z05_02_2,17,CU, INT, INT161, TP_z05_02_MKII, 02.10.2023, Basytec CTS.x13.00.0355, CH10/11, Binder MK240 #Planck, 23, 6,4.806323533699365
2068,TP_z05_02_2,18,ZYK, INT, INT161, TP_z05_02_MKII, 11.10.2023, Basytec CTS.x13.00.0355, CH10/11, Binder MK240 #Planck, 23, 6,
2069,TP_z05_02_2,19,exCU, INT, INT161, TP_z05_02_MKII, 09.11.2023, Basytec CTS.x13.00.0355, CH10/11, Binder MK240 #Planck, 23, 6,4.797879637362598
2070,TP_z05_02_2,20,ZYK, INT, INT161, TP_z05_02_MKII, 13.11.2023, Basytec CTS.x13.00.0355, CH10/11, Binder MK240 #Planck, 23, 6,
2071,TP_z05_02_2,21,CU, INT, INT161, TP_z05_02_MKII, 18.12.2023, Basytec CTS.x13.00.0355, CH10/11, Binder MK240 #Planck, 23, 6,4.792127945028904
2072,TP_z05_02_2,22,ZYK, INT, INT161, TP_z05_02_MKII, 19.12.2023, Basytec CTS.x13.00.0355, CH10/11, Binder MK240 #Planck, 23, 6,
2073,TP_z05_02_2,23,CU, INT, INT161, TP_z05_02_MKII, 17.01.2024, Basytec CTS.x13.00.0355, CH10/11, Binder MK240 #Planck, 23, 6,4.785891469006598
2074,TP_z05_02_2,24,ZYK, INT, INT161, TP_z05_02_MKII, 19.01.2024, Basytec CTS.x13.00.0355, CH10/11, Binder MK240 #Planck, 23, 6,
2075,TP_z05_02_2,25,AT_T10, INT, INT161, TP_z05_02_MKII, 06.02.2024, Basytec CTS.x13.00.0355, CH10/11, Binder MK240 #Planck, 10, 6,4.699943966245934
2076,TP_z05_02_2,25,AT_T23, INT, INT161, TP_z05_02_MKII, 15.02.2024, Basytec CTS.x13.00.0355, CH10/11, Binder MK240 #Planck, 23, 6,4.742880884998295
2077,TP_z05_02_2,25,AT_T45, INT, INT161, TP_z05_02_MKII, 12.02.2024, Basytec CTS.x13.00.0355, CH10/11, Binder MK240 #Planck, 45, 6,4.825624942617645
2078,TP_z05_03_1,1,ET_T10, INT, INT015, z05, 30.09.2021," Basytec CTS, SN:CTS.X.13.00.0354", CH00/01, Binder MK240 #Schroedinger, 10°C, 11,4.756042669628123
2079,TP_z05_03_1,1,ET_T45, INT, INT015, z05, 04.10.2021," Basytec CTS, SN:CTS.X.13.00.0355", CH00/01, Binder MK240 #Schroedinger, 45°C, 11,4.967470247974312
2080,TP_z05_03_1,1,ET_T23, INT, INT015, z05, 07.10.2021," Basytec CTS, SN:CTS.X.13.00.0355", CH00/01, Binder MK240 #Schroedinger, 23°C, 11,4.866256959900708
2081,TP_z05_03_1,2,ZYK, INT, INT015, z05, 02.11.2021," Basytec CTS, SN:CTS.X.13.00.0355", CH12/13, Binder MK240 #Planck, 23°C, 16,
2082,TP_z05_03_1,3,CU, INT, INT015, z05, 12.11.2021," Basytec CTS, SN:CTS.X.13.00.0355", CH12/13, Binder MK240 #Planck, 23°C, 16,4.856272526136883
2083,TP_z05_03_1,4,ZYK, INT, INT015, z05, 15.11.2021," Basytec CTS, SN:CTS.X.13.00.0355", CH12/13, Binder MK240 #Planck, 23°C, 16,
2084,TP_z05_03_1,5,CU, INT, INT015, z05, 25.11.2021," Basytec CTS, SN:CTS.X.13.00.0355", CH12/13, Binder MK240 #Planck, 23°C, 16,4.8518525305795395
2085,TP_z05_03_1,6,ZYK, INT, INT015, z05, 26.11.2021," Basytec CTS, SN:CTS.X.13.00.0355", CH12/13, Binder MK240 #Planck, 23°C, 16,
2086,TP_z05_03_1,7,exCU, INT, INT015, z05, 05.12.2021," Basytec CTS, SN:CTS.X.13.00.0355", CH12/13, Binder MK240 #Planck, 23°C, 16,4.847629528764044
2087,TP_z05_03_1,8,ZYK, INT, INT015, z05, 10.12.2021," Basytec CTS, SN:CTS.X.13.00.0408", CH12/13, Binder MK240 #Planck, 23°C, 16,
2088,TP_z05_03_1,9,CU, INT, INT015, z05, 26.12.2021," Basytec CTS, SN:CTS.X.13.00.0408", CH12/13, Binder MK240 #Planck, 23°C, 16,4.836393591154267
2089,TP_z05_03_1,10,ZYK, INT, INT015, z05, 29.12.2021," Basytec CTS, SN:CTS.X.13.00.0408", CH12/13, Binder MK240 #Planck, 23°C, 16,
2090,TP_z05_03_1,11,CU, INT, INT015, z05, 12.01.2022," Basytec CTS, SN:CTS.X.13.00.0408", CH12/13, Binder MK240 #Planck, 23°C, 16,4.825980235642969
2091,TP_z05_03_1,12,ZYK, INT, INT015, z05, 21.01.2022," Basytec CTS, SN:CTS.X.13.00.0408", CH12/13, Binder MK240 #Planck, 23°C, 16,
2092,TP_z05_03_1,13,exCU, INT, INT015, z05, 06.02.2022," Basytec CTS, SN:CTS.X.13.00.0408", CH12/13, Binder MK240 #Planck, 23°C, 16,4.816438498074319
2093,TP_z05_03_1,14,ZYK, INT, INT015, z05, 11.02.2022," Basytec CTS, SN:CTS.X.13.00.0408", CH12/13, Binder MK240 #Planck, 23°C, 16,
2094,TP_z05_03_1,15,CU, INT, INT015, z05, 14.03.2022," Basytec CTS, SN:CTS.X.13.00.0408", CH12/13, Binder MK240 #Planck, 23°C, 16,4.8020116371331785
2095,TP_z05_03_1,16,ZYK, INT, INT015, z05, 25.03.2022," Basytec CTS, SN:CTS.X.13.00.0408", CH12/13, Binder MK240 #Planck, 23°C, 16,
2096,TP_z05_03_1,17,CU, INT, INT015, z05, 02.05.2022," Basytec CTS, SN:CTS.X.13.00.0408", CH12/13, Binder MK240 #Planck, 23°C, 16,4.791872344497501
2097,TP_z05_03_1,18,ZYK, INT, INT015, z05, 09.05.2022," Basytec CTS, SN:CTS.X.13.00.0408", CH12/13, Binder MK240 #Planck, 23°C, 16,
2098,TP_z05_03_1,19,exCU, INT, INT015, z05, 07.06.2022," Basytec CTS, SN:CTS.X.13.00.0408", CH12/13, Binder MK240 #Planck, 23°C, 16,4.778971501604705
2099,TP_z05_03_1,20,ZYK, INT, INT015, z05, 13.06.2022," Basytec CTS, SN:CTS.X.13.00.0408", CH12/13, Binder MK240 #Planck, 23°C, 16,
2100,TP_z05_03_1,21,CU, INT, INT015, z05, 18.07.2022," Basytec CTS, SN:CTS.X.13.00.0408", CH12/13, Binder MK240 #Planck, 23°C, 16,4.76476911464086
2101,TP_z05_03_1,22,ZYK, INT, INT015, z05, 22.07.2022," Basytec CTS, SN:CTS.X.13.00.0408", CH12/13, Binder MK240 #Planck, 23°C, 16,
2102,TP_z05_03_1,23,CU, INT, INT015, z05, 19.08.2022," Basytec CTS, SN:CTS.X.13.00.0408", CH12/13, Binder MK240 #Planck, 23°C, 16,4.756772078860074
2103,TP_z05_03_1,24,ZYK, INT, INT015, z05, 23.08.2022," Basytec CTS, SN:CTS.X.13.00.0408", CH12/13, Binder MK240 #Planck, 23°C, 16,
2104,TP_z05_03_1,25,AT_T45, INT, INT015, z05, 26.09.2022," Basytec CTS, SN:CTS.X.13.00.0408", CH12/13, Binder MK240 #Planck, 45°C, 16,4.813948427832164
2105,TP_z05_03_1,25,AT_T23, INT, INT015, z05, 29.09.2022," Basytec CTS, SN:CTS.X.13.00.0408", CH12/13, Binder MK240 #Planck, 23°C, 16,4.733895264913029
2106,TP_z05_03_1,25,AT_T10, INT, INT015, z05, 23.09.2022," Basytec CTS, SN:CTS.X.13.00.0408", CH12/13, Binder MK240 #Planck, 10°C, 16,4.6597317835264285
2107,TP_z05_03_2,1,ET_T10, INT, INT200, TP_z05_03_MKII, 17.02.2023, Basytec CTS.x.13.00.0354, CH10/11, Binder MK240 #Schroedinger, 10, 6,4.701636897863741
2108,TP_z05_03_2,1,ET_T45, INT, INT200, TP_z05_03_MKII, 21.02.2023, Basytec CTS.x.13.00.0354, CH10/11, Binder MK240 #Schroedinger, 45, 6,4.929396116633804
2109,TP_z05_03_2,1,ET_T23, INT, INT200, TP_z05_03_MKII, 24.02.2023, Basytec CTS.x.13.00.0354, CH10/11, Binder MK240 #Schroedinger, 23, 6,4.838512301350665
2110,TP_z05_03_2,2,ZYK, INT, INT200, TP_z05_03_MKII, 26.04.2023, Basytec CTS.x13.00.0355, CH12/13, Binder MK240 #Planck, 23, 7,
2111,TP_z05_03_2,3,CU, INT, INT200, TP_z05_03_MKII, 04.05.2023, Basytec CTS.x13.00.0355, CH12/13, Binder MK240 #Planck, 23, 7,4.834987310168795
2112,TP_z05_03_2,4,ZYK, INT, INT200, TP_z05_03_MKII, 08.05.2023, Basytec CTS.x13.00.0355, CH12/13, Binder MK240 #Planck, 23, 7,
2113,TP_z05_03_2,5,CU, INT, INT200, TP_z05_03_MKII, 16.05.2023, Basytec CTS.x13.00.0355, CH12/13, Binder MK240 #Planck, 23, 7,4.837324073005222
2114,TP_z05_03_2,6,ZYK, INT, INT200, TP_z05_03_MKII, 17.05.2023, Basytec CTS.x13.00.0355, CH12/13, Binder MK240 #Planck, 23, 7,
2115,TP_z05_03_2,7,exCU, INT, INT200, TP_z05_03_MKII, 25.05.2023, Basytec CTS.x13.00.0355, CH12/13, Binder MK240 #Planck, 23, 7,4.8350873004818675
2116,TP_z05_03_2,8,ZYK, INT, INT200, TP_z05_03_MKII, 26.05.2023, Basytec CTS.x13.00.0355, CH12/13, Binder MK240 #Planck, 23, 7,
2117,TP_z05_03_2,9,CU, INT, INT200, TP_z05_03_MKII, 12.06.2023, Basytec CTS.x13.00.0355, CH12/13, Binder MK240 #Planck, 23, 7,4.829703362094898
2118,TP_z05_03_2,10,ZYK, INT, INT200, TP_z05_03_MKII, 14.06.2023, Basytec CTS.x13.00.0355, CH12/13, Binder MK240 #Planck, 23, 7,
2119,TP_z05_03_2,11,CU, INT, INT200, TP_z05_03_MKII, 29.06.2023, Basytec CTS.x13.00.0355, CH12/13, Binder MK240 #Planck, 23, 7,4.825646726776215
2120,TP_z05_03_2,12,ZYK, INT, INT200, TP_z05_03_MKII, 30.06.2023, Basytec CTS.x13.00.0355, CH12/13, Binder MK240 #Planck, 23, 7,
2121,TP_z05_03_2,13,exCU, INT, INT200, TP_z05_03_MKII, 18.07.2023, Basytec CTS.x13.00.0355, CH12/13, Binder MK240 #Planck, 23, 7,4.822510908456311
2122,TP_z05_03_2,14,ZYK, INT, INT200, TP_z05_03_MKII, 25.07.2023, Basytec CTS.x13.00.0355, CH12/13, Binder MK240 #Planck, 23, 7,
2123,TP_z05_03_2,15,CU, INT, INT200, TP_z05_03_MKII, 23.08.2023, Basytec CTS.x13.00.0355, CH12/13, Binder MK240 #Planck, 23, 7,4.814209092396643
2124,TP_z05_03_2,16,ZYK, INT, INT200, TP_z05_03_MKII, 29.08.2023, Basytec CTS.x13.00.0355, CH12/13, Binder MK240 #Planck, 23, 7,
2125,TP_z05_03_2,17,CU, INT, INT200, TP_z05_03_MKII, 02.10.2023, Basytec CTS.x13.00.0355, CH12/13, Binder MK240 #Planck, 23, 7,4.807470328271261
2126,TP_z05_03_2,18,ZYK, INT, INT200, TP_z05_03_MKII, 11.10.2023, Basytec CTS.x13.00.0355, CH12/13, Binder MK240 #Planck, 23, 7,
2127,TP_z05_03_2,19,exCU, INT, INT200, TP_z05_03_MKII, 09.11.2023, Basytec CTS.x13.00.0355, CH12/13, Binder MK240 #Planck, 23, 7,4.801054117455569
2128,TP_z05_03_2,20,ZYK, INT, INT200, TP_z05_03_MKII, 13.11.2023, Basytec CTS.x13.00.0355, CH12/13, Binder MK240 #Planck, 23, 7,
2129,TP_z05_03_2,21,CU, INT, INT200, TP_z05_03_MKII, 18.12.2023, Basytec CTS.x13.00.0355, CH12/13, Binder MK240 #Planck, 23, 7,4.794885855537114
2130,TP_z05_03_2,22,ZYK, INT, INT200, TP_z05_03_MKII, 19.12.2023, Basytec CTS.x13.00.0355, CH12/13, Binder MK240 #Planck, 23, 7,
2131,TP_z05_03_2,23,CU, INT, INT200, TP_z05_03_MKII, 17.01.2024, Basytec CTS.x13.00.0355, CH12/13, Binder MK240 #Planck, 23, 7,4.7884707421272665
2132,TP_z05_03_2,24,ZYK, INT, INT200, TP_z05_03_MKII, 19.01.2024, Basytec CTS.x13.00.0355, CH12/13, Binder MK240 #Planck, 23, 7,
2133,TP_z05_03_2,25,AT_T45, INT, INT200, TP_z05_03_MKII, 12.02.2024, Basytec CTS.x13.00.0355, CH12/13, Binder MK240 #Planck, 45, 7,4.830638771997459
2134,TP_z05_03_2,25,AT_T23, INT, INT200, TP_z05_03_MKII, 15.02.2024, Basytec CTS.x13.00.0355, CH12/13, Binder MK240 #Planck, 23, 7,4.748143983097675
2135,TP_z05_03_2,25,AT_T10, INT, INT200, TP_z05_03_MKII, 06.02.2024, Basytec CTS.x13.00.0355, CH12/13, Binder MK240 #Planck, 10, 7,4.699175333426441
2136,TP_z06_01_1,1,ET_T10, INT, INT016, z06, 12.10.2021," Basytec CTS, SN:CTS.X.13.00.0355", CH00/01, Binder MK240 #Planck, 10°C, 11,4.806314359001366
2137,TP_z06_01_1,1,ET_T45, INT, INT016, z06, 15.10.2021," Basytec CTS, SN:CTS.X.13.00.0355", CH00/01, Binder MK240 #Planck, 45°C, 11,4.992068547094442
2138,TP_z06_01_1,1,ET_T23, INT, INT016, z06, 18.10.2021," Basytec CTS, SN:CTS.X.13.00.0355", CH00/01, Binder MK240 #Planck, 23°C, 11,4.874086496208994
2139,TP_z06_01_1,2,ZYK, INT, INT016, z06, 02.11.2021," Basytec CTS, SN:CTS.X.13.00.0355", CH14/15, Binder MK240 #Planck, 23°C, 17,
2140,TP_z06_01_1,3,CU, INT, INT016, z06, 12.11.2021," Basytec CTS, SN:CTS.X.13.00.0355", CH14/15, Binder MK240 #Planck, 23°C, 17,4.852527522491759
2141,TP_z06_01_1,4,ZYK, INT, INT016, z06, 15.11.2021," Basytec CTS, SN:CTS.X.13.00.0355", CH14/15, Binder MK240 #Planck, 23°C, 17,
2142,TP_z06_01_1,5,CU, INT, INT016, z06, 25.11.2021," Basytec CTS, SN:CTS.X.13.00.0355", CH14/15, Binder MK240 #Planck, 23°C, 17,4.822961322147917
2143,TP_z06_01_1,6,ZYK, INT, INT016, z06, 26.11.2021," Basytec CTS, SN:CTS.X.13.00.0355", CH14/15, Binder MK240 #Planck, 23°C, 17,
2144,TP_z06_01_1,7,exCU, INT, INT016, z06, 05.12.2021," Basytec CTS, SN:CTS.X.13.00.0355", CH14/15, Binder MK240 #Planck, 23°C, 17,4.808025968272377
2145,TP_z06_01_1,8,ZYK, INT, INT016, z06, 10.12.2021," Basytec CTS, SN:CTS.X.13.00.0408", CH14/15, Binder MK240 #Planck, 23°C, 17,
2146,TP_z06_01_1,9,CU, INT, INT016, z06, 26.12.2021," Basytec CTS, SN:CTS.X.13.00.0408", CH14/15, Binder MK240 #Planck, 23°C, 17,4.778772856130823
2147,TP_z06_01_1,10,ZYK, INT, INT016, z06, 29.12.2021," Basytec CTS, SN:CTS.X.13.00.0408", CH14/15, Binder MK240 #Planck, 23°C, 17,
2148,TP_z06_01_1,11,CU, INT, INT016, z06, 12.01.2022," Basytec CTS, SN:CTS.X.13.00.0408", CH14/15, Binder MK240 #Planck, 23°C, 17,4.744689753668368
2149,TP_z06_01_1,12,ZYK, INT, INT016, z06, 21.01.2022," Basytec CTS, SN:CTS.X.13.00.0408", CH14/15, Binder MK240 #Planck, 23°C, 17,
2150,TP_z06_01_1,13,exCU, INT, INT016, z06, 06.02.2022," Basytec CTS, SN:CTS.X.13.00.0408", CH14/15, Binder MK240 #Planck, 23°C, 17,4.729956780541682
2151,TP_z06_01_1,14,ZYK, INT, INT016, z06, 11.02.2022," Basytec CTS, SN:CTS.X.13.00.0408", CH14/15, Binder MK240 #Planck, 23°C, 17,
2152,TP_z06_01_1,15,CU, INT, INT016, z06, 14.03.2022," Basytec CTS, SN:CTS.X.13.00.0408", CH14/15, Binder MK240 #Planck, 23°C, 17,4.692499259344002
2153,TP_z06_01_1,16,ZYK, INT, INT016, z06, 25.03.2022," Basytec CTS, SN:CTS.X.13.00.0408", CH14/15, Binder MK240 #Planck, 23°C, 17,
2154,TP_z06_01_1,17,CU, INT, INT016, z06, 02.05.2022," Basytec CTS, SN:CTS.X.13.00.0408", CH14/15, Binder MK240 #Planck, 23°C, 17,4.665472470595567
2155,TP_z06_01_1,18,ZYK, INT, INT016, z06, 25.03.2022," Basytec CTS, SN:CTS.X.13.00.0408", CH14/15, Binder MK240 #Planck, 23°C, 17,
2156,TP_z06_01_1,19,exCU, INT, INT016, z06, 07.06.2022," Basytec CTS, SN:CTS.X.13.00.0408", CH14/15, Binder MK240 #Planck, 23°C, 17,4.617326815610944
2157,TP_z06_01_1,20,ZYK, INT, INT016, z06, 13.06.2022," Basytec CTS, SN:CTS.X.13.00.0408", CH14/15, Binder MK240 #Planck, 23°C, 17,
2158,TP_z06_01_1,21,CU, INT, INT016, z06, 18.07.2022," Basytec CTS, SN:CTS.X.13.00.0408", CH14/15, Binder MK240 #Planck, 23°C, 17,4.6030910828174205
2159,TP_z06_01_1,22,ZYK, INT, INT016, z06, 22.07.2022," Basytec CTS, SN:CTS.X.13.00.0408", CH14/15, Binder MK240 #Planck, 23°C, 17,
2160,TP_z06_01_1,23,CU, INT, INT016, z06, 19.08.2022," Basytec CTS, SN:CTS.X.13.00.0408", CH14/15, Binder MK240 #Planck, 23°C, 17,4.539822658432881
2161,TP_z06_01_1,24,ZYK, INT, INT016, z06, 23.08.2022," Basytec CTS, SN:CTS.X.13.00.0408", CH14/15, Binder MK240 #Planck, 23°C, 17,
2162,TP_z06_01_1,25,AT_T45, INT, INT016, z06, 26.09.2022," Basytec CTS, SN:CTS.X.13.00.0408", CH14/15, Binder MK240 #Planck, 45°C, 17,4.583999651422705
2163,TP_z06_01_1,25,AT_T23, INT, INT016, z06, 29.09.2022," Basytec CTS, SN:CTS.X.13.00.0408", CH14/15, Binder MK240 #Planck, 23°C, 17,4.498523729816322
2164,TP_z06_01_1,25,AT_T10, INT, INT016, z06, 23.09.2022," Basytec CTS, SN:CTS.X.13.00.0408", CH14/15, Binder MK240 #Planck, 10°C, 17,4.490350926537821
2165,TP_z06_01_2,1,ET_T10, INT, INT018, TP_z06_01_MKII, 17.02.2023, Basytec CTS.x.13.00.0354, CH12/13, Binder MK240 #Schroedinger, 10, 7,4.746281883142997
2166,TP_z06_01_2,1,ET_T45, INT, INT018, TP_z06_01_MKII, 21.02.2023, Basytec CTS.x.13.00.0354, CH12/13, Binder MK240 #Schroedinger, 45, 7,4.948040756438182
2167,TP_z06_01_2,1,ET_T23, INT, INT018, TP_z06_01_MKII, 24.02.2023, Basytec CTS.x.13.00.0354, CH12/13, Binder MK240 #Schroedinger, 23, 7,4.860834063657509
2168,TP_z06_01_2,2,ZYK, INT, INT018, TP_z06_01_MKII, 26.04.2023," Basytec GSM, SN:GSM.x.62.43.0353", CH01, Binder MK240 #Planck, 23, 15,
2169,TP_z06_01_2,3,CU, INT, INT018, TP_z06_01_MKII, 05.05.2023, Basytec CTS.x.13.00.0354, CH24/25, Binder MK240 #Schroedinger, 23, 13,4.833333975537883
2170,TP_z06_01_2,4,ZYK, INT, INT018, TP_z06_01_MKII, 08.05.2023," Basytec GSM, SN:GSM.x.62.43.0353", CH01, Binder MK240 #Planck, 23, 15,
2171,TP_z06_01_2,5,CU, INT, INT018, TP_z06_01_MKII, 16.05.2023, Basytec CTS.x13.00.0355, CH26/27, Binder MK240 #Schroedinger, 23, 18,4.828437645149306
2172,TP_z06_01_2,6,ZYK, INT, INT018, TP_z06_01_MKII, 17.05.2023," Basytec GSM, SN:GSM.x.62.43.0353", CH01, Binder MK240 #Planck, 23, 15,
2173,TP_z06_01_2,7,exCU, INT, INT018, TP_z06_01_MKII, 25.05.2023, Basytec CTS.x13.00.0355, CH26/27, Binder MK240 #Schroedinger, 23, 18,4.823095696985709
2174,TP_z06_01_2,8,ZYK, INT, INT018, TP_z06_01_MKII, 26.05.2023," Basytec GSM, SN:GSM.x.62.43.0353", CH01, Binder MK240 #Planck, 23, 15,
2175,TP_z06_01_2,9,CU, INT, INT018, TP_z06_01_MKII, 12.06.2023, Basytec CTS.x13.00.0355, CH26/27, Binder MK240 #Schroedinger, 23, 18,4.811850813182936
2176,TP_z06_01_2,10,ZYK, INT, INT018, TP_z06_01_MKII, 14.06.2023," Basytec GSM, SN:GSM.x.62.43.0353", CH01, Binder MK240 #Planck, 23, 15,
2177,TP_z06_01_2,11,CU, INT, INT018, TP_z06_01_MKII, 29.06.2023, Basytec CTS.x13.00.0355, CH26/27, Binder MK240 #Schroedinger, 23, 18,4.803926731459336
2178,TP_z06_01_2,12,ZYK, INT, INT018, TP_z06_01_MKII, 30.06.2023," Basytec GSM, SN:GSM.x.62.43.0353", CH01, Binder MK240 #Planck, 23, 15,
2179,TP_z06_01_2,13,exCU, INT, INT018, TP_z06_01_MKII, 18.07.2023, Basytec CTS.x13.00.0355, CH26/27, Binder MK240 #Schroedinger, 23, 18,4.798214399463518
2180,TP_z06_01_2,14,ZYK, INT, INT018, TP_z06_01_MKII, 25.07.2023," Basytec GSM, SN:GSM.x.62.43.0353", CH01, Binder MK240 #Planck, 35, 15,
2181,TP_z06_01_2,15,CU, INT, INT018, TP_z06_01_MKII, 23.08.2023, Basytec CTS.x13.00.0355, CH26/27, Binder MK240 #Schroedinger, 23, 18,4.779658841040124
2182,TP_z06_01_2,16,ZYK, INT, INT018, TP_z06_01_MKII, 29.08.2023," Basytec GSM, SN:GSM.x.62.43.0353", CH01, Binder MK240 #Planck, 23, 15,
2183,TP_z06_01_2,17,CU, INT, INT018, TP_z06_01_MKII, 02.10.2023, Basytec CTS.x13.00.0355, CH26/27, Binder MK240 #Schroedinger, 23, 18,4.772100218126511
2184,TP_z06_01_2,18,ZYK, INT, INT018, TP_z06_01_MKII, 11.10.2023," Basytec GSM, SN:GSM.x.62.43.0353", CH01, Binder MK240 #Planck, 23, 15,
2185,TP_z06_01_2,19,exCU, INT, INT018, TP_z06_01_MKII, 09.11.2023, Basytec CTS.x13.00.0355, CH26/27, Binder MK240 #Schroedinger, 23, 18,4.762430461198177
2186,TP_z06_01_2,20,ZYK, INT, INT018, TP_z06_01_MKII, 13.11.2023," Basytec GSM, SN:GSM.x.62.43.0353", CH01, Binder MK240 #Planck, 23, 15,
2187,TP_z06_01_2,21,CU, INT, INT018, TP_z06_01_MKII, 18.12.2023, Basytec CTS.x13.00.0355, CH26/27, Binder MK240 #Schroedinger, 23, 18,4.7498497781316775
2188,TP_z06_01_2,22,ZYK, INT, INT018, TP_z06_01_MKII, 19.12.2023," Basytec GSM, SN:GSM.x.62.43.0353", CH01, Binder MK240 #Planck, 23, 15,
2189,TP_z06_01_2,23,CU, INT, INT018, TP_z06_01_MKII, 17.01.2024, Basytec CTS.x13.00.0355, CH26/27, Binder MK240 #Schroedinger, 23, 18,4.742350196070021
2190,TP_z06_01_2,24,ZYK, INT, INT018, TP_z06_01_MKII, 19.01.2024," Basytec GSM, SN:GSM.x.62.43.0353", CH01, Binder MK240 #Planck, 23, 15,
2191,TP_z06_01_2,25,AT_T45, INT, INT018, TP_z06_01_MKII, 12.02.2024, Basytec CTS.x13.00.0355, CH14/15, Binder MK240 #Planck, 45, 8,4.797292924433423
2192,TP_z06_01_2,25,AT_T23, INT, INT018, TP_z06_01_MKII, 15.02.2024, Basytec CTS.x13.00.0355, CH14/15, Binder MK240 #Planck, 23, 8,4.720717022718464
2193,TP_z06_01_2,25,AT_T10, INT, INT018, TP_z06_01_MKII, 06.02.2024, Basytec CTS.x13.00.0355, CH14/15, Binder MK240 #Planck, 10, 8,4.663544822563107
2194,TP_z06_02_1,1,ET_T10, INT, INT017, z06, 12.10.2021," Basytec CTS, SN:CTS.X.13.00.0355", CH02/03, Binder MK240 #Planck, 10°C, 12,4.820761262795479
2195,TP_z06_02_1,1,ET_T45, INT, INT017, z06, 15.10.2021," Basytec CTS, SN:CTS.X.13.00.0355", CH02/03, Binder MK240 #Planck, 45°C, 12,4.980965283050883
2196,TP_z06_02_1,1,ET_T23, INT, INT017, z06, 18.10.2021," Basytec CTS, SN:CTS.X.13.00.0355", CH02/03, Binder MK240 #Planck, 23°C, 12,4.867582281255311
2197,TP_z06_02_1,2,ZYK, INT, INT017, z06, 02.11.2021," Basytec CTS, SN:CTS.X.13.00.0355", CH16/17, Binder MK240 #Planck, 23°C, 18,
2198,TP_z06_02_1,3,CU, INT, INT017, z06, 12.11.2021," Basytec CTS, SN:CTS.X.13.00.0355", CH16/17, Binder MK240 #Planck, 23°C, 18,4.839208132600568
2199,TP_z06_02_1,4,ZYK, INT, INT017, z06, 15.11.2021," Basytec CTS, SN:CTS.X.13.00.0355", CH16/17, Binder MK240 #Planck, 23°C, 18,
2200,TP_z06_02_1,5,CU, INT, INT017, z06, 25.11.2021," Basytec CTS, SN:CTS.X.13.00.0355", CH16/17, Binder MK240 #Planck, 23°C, 18,4.8085756476839
2201,TP_z06_02_1,6,ZYK, INT, INT017, z06, 26.11.2021," Basytec CTS, SN:CTS.X.13.00.0355", CH16/17, Binder MK240 #Planck, 23°C, 18,
2202,TP_z06_02_1,7,exCU, INT, INT017, z06, 05.12.2021," Basytec CTS, SN:CTS.X.13.00.0355", CH16/17, Binder MK240 #Planck, 23°C, 18,4.794718852522331
2203,TP_z06_02_1,8,ZYK, INT, INT017, z06, 10.12.2021," Basytec CTS, SN:CTS.X.13.00.0408", CH16/17, Binder MK240 #Planck, 23°C, 18,
2204,TP_z06_02_1,9,CU, INT, INT017, z06, 26.12.2021," Basytec CTS, SN:CTS.X.13.00.0408", CH16/17, Binder MK240 #Planck, 23°C, 18,4.766995658789032
2205,TP_z06_02_1,10,ZYK, INT, INT017, z06, 29.12.2021," Basytec CTS, SN:CTS.X.13.00.0408", CH16/17, Binder MK240 #Planck, 23°C, 18,
2206,TP_z06_02_1,11,CU, INT, INT017, z06, 12.01.2022," Basytec CTS, SN:CTS.X.13.00.0408", CH16/17, Binder MK240 #Planck, 23°C, 18,4.733601345559467
2207,TP_z06_02_1,12,ZYK, INT, INT017, z06, 21.01.2022," Basytec CTS, SN:CTS.X.13.00.0408", CH16/17, Binder MK240 #Planck, 23°C, 18,
2208,TP_z06_02_1,13,exCU, INT, INT017, z06, 06.02.2022," Basytec CTS, SN:CTS.X.13.00.0408", CH16/17, Binder MK240 #Planck, 23°C, 18,4.7180260702592705
2209,TP_z06_02_1,14,ZYK, INT, INT017, z06, 11.02.2022," Basytec CTS, SN:CTS.X.13.00.0408", CH16/17, Binder MK240 #Planck, 23°C, 18,
2210,TP_z06_02_1,15,CU, INT, INT017, z06, 14.03.2022," Basytec CTS, SN:CTS.X.13.00.0408", CH16/17, Binder MK240 #Planck, 23°C, 18,4.6835482817183545
2211,TP_z06_02_1,16,ZYK, INT, INT017, z06, 25.03.2022," Basytec CTS, SN:CTS.X.13.00.0408", CH16/17, Binder MK240 #Planck, 23°C, 18,
2212,TP_z06_02_1,17,CU, INT, INT017, z06, 02.05.2022," Basytec CTS, SN:CTS.X.13.00.0408", CH16/17, Binder MK240 #Planck, 23°C, 18,4.6520688467682305
2213,TP_z06_02_1,18,ZYK, INT, INT017, z06, 25.03.2022," Basytec CTS, SN:CTS.X.13.00.0408", CH16/17, Binder MK240 #Planck, 23°C, 18,
2214,TP_z06_02_1,19,exCU, INT, INT017, z06, 07.06.2022," Basytec CTS, SN:CTS.X.13.00.0408", CH16/17, Binder MK240 #Planck, 23°C, 18,4.609699397907984
2215,TP_z06_02_1,20,ZYK, INT, INT017, z06, 13.06.2022," Basytec CTS, SN:CTS.X.13.00.0408", CH16/17, Binder MK240 #Planck, 23°C, 18,
2216,TP_z06_02_1,21,CU, INT, INT017, z06, 18.07.2022," Basytec CTS, SN:CTS.X.13.00.0408", CH16/17, Binder MK240 #Planck, 23°C, 18,4.584882749760778
2217,TP_z06_02_1,22,ZYK, INT, INT017, z06, 22.07.2022," Basytec CTS, SN:CTS.X.13.00.0408", CH16/17, Binder MK240 #Planck, 23°C, 18,
2218,TP_z06_02_1,23,CU, INT, INT017, z06, 22.08.2022," Basytec CTS, SN:CTS.X.13.00.0408", CH16/17, Binder MK240 #Planck, 23°C, 18,4.538816653986293
2219,TP_z06_02_1,24,ZYK, INT, INT017, z06, 23.08.2022," Basytec CTS, SN:CTS.X.13.00.0408", CH16/17, Binder MK240 #Planck, 23°C, 18,
2220,TP_z06_02_1,25,AT_T45, INT, INT017, z06, 26.09.2022," Basytec CTS, SN:CTS.X.13.00.0408", CH16/17, Binder MK240 #Planck, 45°C, 18,4.584022845482147
2221,TP_z06_02_1,25,AT_T23, INT, INT017, z06, 29.09.2022," Basytec CTS, SN:CTS.X.13.00.0408", CH16/17, Binder MK240 #Planck, 23°C, 18,4.499141626298099
2222,TP_z06_02_1,25,AT_T10, INT, INT017, z06, 23.09.2022," Basytec CTS, SN:CTS.X.13.00.0408", CH16/17, Binder MK240 #Planck, 10°C, 18,4.436869746007165
2223,TP_z06_02_2,1,ET_T10, INT, INT007, TP_z06_02_MKII, 17.02.2023, Basytec CTS.x.13.00.0354, CH14/15, Binder MK240 #Schroedinger, 10, 8,4.750679260754758
2224,TP_z06_02_2,1,ET_T45, INT, INT007, TP_z06_02_MKII, 21.02.2023, Basytec CTS.x.13.00.0354, CH14/15, Binder MK240 #Schroedinger, 45, 8,4.945795897369667
2225,TP_z06_02_2,1,ET_T23, INT, INT007, TP_z06_02_MKII, 24.02.2023, Basytec CTS.x.13.00.0354, CH14/15, Binder MK240 #Schroedinger, 23, 8,4.861208949329761
2226,TP_z06_02_2,2,ZYK, INT, INT007, TP_z06_02_MKII, 26.04.2023," Basytec GSM, SN:GSM.x.62.43.0353", CH02, Binder MK240 #Planck, 23, 14,
2227,TP_z06_02_2,3,CU, INT, INT007, TP_z06_02_MKII, 05.05.2023, Basytec CTS.x.13.00.0354, CH26/27, Binder MK240 #Schroedinger, 23, 14,4.83194827544092
2228,TP_z06_02_2,4,ZYK, INT, INT007, TP_z06_02_MKII, 08.05.2023," Basytec GSM, SN:GSM.x.62.43.0353", CH02, Binder MK240 #Planck, 35, 14,
2229,TP_z06_02_2,5,CU, INT, INT007, TP_z06_02_MKII, 16.05.2023, Basytec CTS.x13.00.0355, CH28/29, Binder MK240 #Schroedinger, 23, 19,4.835192401341887
2230,TP_z06_02_2,6,ZYK, INT, INT007, TP_z06_02_MKII, 17.05.2023," Basytec GSM, SN:GSM.x.62.43.0353", CH02, Binder MK240 #Planck, 23, 14,
2231,TP_z06_02_2,7,exCU, INT, INT007, TP_z06_02_MKII, 25.05.2023, Basytec CTS.x13.00.0355, CH28/29, Binder MK240 #Schroedinger, 23, 19,4.829094353841288
2232,TP_z06_02_2,8,ZYK, INT, INT007, TP_z06_02_MKII, 26.05.2023," Basytec GSM, SN:GSM.x.62.43.0353", CH02, Binder MK240 #Planck, 23, 14,
2233,TP_z06_02_2,9,CU, INT, INT007, TP_z06_02_MKII, 12.06.2023, Basytec CTS.x13.00.0355, CH28/29, Binder MK240 #Schroedinger, 23, 19,4.817719958016508
2234,TP_z06_02_2,10,ZYK, INT, INT007, TP_z06_02_MKII, 14.06.2023," Basytec GSM, SN:GSM.x.62.43.0353", CH02, Binder MK240 #Planck, 35, 14,
2235,TP_z06_02_2,11,CU, INT, INT007, TP_z06_02_MKII, 29.06.2023, Basytec CTS.x13.00.0355, CH28/29, Binder MK240 #Schroedinger, 23, 19,4.810417021596633
2236,TP_z06_02_2,12,ZYK, INT, INT007, TP_z06_02_MKII, 30.06.2023," Basytec GSM, SN:GSM.x.62.43.0353", CH02, Binder MK240 #Planck, 35, 14,
2237,TP_z06_02_2,13,exCU, INT, INT007, TP_z06_02_MKII, 18.07.2023, Basytec CTS.x13.00.0355, CH28/29, Binder MK240 #Schroedinger, 23, 19,4.8077961260522635
2238,TP_z06_02_2,14,ZYK, INT, INT007, TP_z06_02_MKII, 25.07.2023," Basytec GSM, SN:GSM.x.62.43.0353", CH02, Binder MK240 #Planck, 35, 14,
2239,TP_z06_02_2,15,CU, INT, INT007, TP_z06_02_MKII, 23.08.2023, Basytec CTS.x13.00.0355, CH28/29, Binder MK240 #Schroedinger, 23, 19,4.802394655861243
2240,TP_z06_02_2,16,ZYK, INT, INT007, TP_z06_02_MKII, 29.08.2023," Basytec GSM, SN:GSM.x.62.43.0353", CH02, Binder MK240 #Planck, 23, 14,
2241,TP_z06_02_2,17,CU, INT, INT007, TP_z06_02_MKII, 02.10.2023, Basytec CTS.x13.00.0355, CH28/29, Binder MK240 #Schroedinger, 23, 19,4.7824878929771755
2242,TP_z06_02_2,18,ZYK, INT, INT007, TP_z06_02_MKII, 11.10.2023," Basytec GSM, SN:GSM.x.62.43.0353", CH02, Binder MK240 #Planck, 35, 14,
2243,TP_z06_02_2,19,exCU, INT, INT007, TP_z06_02_MKII, 09.11.2023, Basytec CTS.x13.00.0355, CH28/29, Binder MK240 #Schroedinger, 23, 19,4.7716535407043175
2244,TP_z06_02_2,20,ZYK, INT, INT007, TP_z06_02_MKII, 13.11.2023," Basytec GSM, SN:GSM.x.62.43.0353", CH02, Binder MK240 #Planck, 35, 14,
2245,TP_z06_02_2,21,CU, INT, INT007, TP_z06_02_MKII, 18.12.2023, Basytec CTS.x13.00.0355, CH28/29, Binder MK240 #Schroedinger, 23, 19,4.760660247423605
2246,TP_z06_02_2,22,ZYK, INT, INT007, TP_z06_02_MKII, 19.12.2023," Basytec GSM, SN:GSM.x.62.43.0353", CH02, Binder MK240 #Planck, 23, 14,
2247,TP_z06_02_2,23,CU, INT, INT007, TP_z06_02_MKII, 17.01.2024, Basytec CTS.x13.00.0355, CH28/29, Binder MK240 #Schroedinger, 23, 19,4.75124084808028
2248,TP_z06_02_2,24,ZYK, INT, INT007, TP_z06_02_MKII, 19.01.2024," Basytec GSM, SN:GSM.x.62.43.0353", CH02, Binder MK240 #Planck, 35, 14,
2249,TP_z06_02_2,25,AT_T45, INT, INT007, TP_z06_02_MKII, 12.02.2024, Basytec CTS.x13.00.0355, CH16/17, Binder MK240 #Planck, 45, 9,4.794598617910278
2250,TP_z06_02_2,25,AT_T23, INT, INT007, TP_z06_02_MKII, 15.02.2024, Basytec CTS.x13.00.0355, CH16/17, Binder MK240 #Planck, 23, 9,4.720078797834148
2251,TP_z06_02_2,25,AT_T10, INT, INT007, TP_z06_02_MKII, 06.02.2024, Basytec CTS.x13.00.0355, CH16/17, Binder MK240 #Planck, 10, 9,4.668471725773094
2252,TP_z06_03_1,1,ET_T23, INT, INT018, z06, 18.10.2021," Basytec CTS, SN:CTS.X.13.00.0355", CH04/05, Binder MK240 #Planck, 23°C, 13,4.8385370228123055
2253,TP_z06_03_1,1,ET_T45, INT, INT018, z06, 15.10.2021," Basytec CTS, SN:CTS.X.13.00.0355", CH04/05, Binder MK240 #Planck, 45°C, 13,4.942057978503952
2254,TP_z06_03_1,1,ET_T10, INT, INT018, z06, 12.10.2021," Basytec CTS, SN:CTS.X.13.00.0355", CH04/05, Binder MK240 #Planck, 10°C, 13,4.7842191632192534
2255,TP_z06_03_1,2,ZYK, INT, INT018, z06, 02.11.2021," Basytec CTS, SN:CTS.X.13.00.0355", CH18/19, Binder MK240 #Planck, 23°C, 19,
2256,TP_z06_03_1,3,CU, INT, INT018, z06, 12.11.2021," Basytec CTS, SN:CTS.X.13.00.0355", CH18/19, Binder MK240 #Planck, 23°C, 19,4.8062565015513306
2257,TP_z06_03_1,4,ZYK, INT, INT018, z06, 15.11.2021," Basytec CTS, SN:CTS.X.13.00.0355", CH18/19, Binder MK240 #Planck, 23°C, 19,
2258,TP_z06_03_1,5,CU, INT, INT018, z06, 25.11.2021," Basytec CTS, SN:CTS.X.13.00.0355", CH18/19, Binder MK240 #Planck, 23°C, 19,4.778943255633023
2259,TP_z06_03_1,6,ZYK, INT, INT018, z06, 26.11.2021," Basytec CTS, SN:CTS.X.13.00.0355", CH18/19, Binder MK240 #Planck, 23°C, 19,
2260,TP_z06_03_1,7,exCU, INT, INT018, z06, 05.12.2021," Basytec CTS, SN:CTS.X.13.00.0355", CH18/19, Binder MK240 #Planck, 23°C, 19,4.765862640724411
2261,TP_z06_03_1,8,ZYK, INT, INT018, z06, 10.12.2021," Basytec CTS, SN:CTS.X.13.00.0408", CH18/19, Binder MK240 #Planck, 23°C, 19,
2262,TP_z06_03_1,9,CU, INT, INT018, z06, 26.12.2021," Basytec CTS, SN:CTS.X.13.00.0408", CH18/19, Binder MK240 #Planck, 23°C, 19,4.741997628865633
2263,TP_z06_03_1,10,ZYK, INT, INT018, z06, 29.12.2021," Basytec CTS, SN:CTS.X.13.00.0408", CH18/19, Binder MK240 #Planck, 23°C, 19,
2264,TP_z06_03_1,11,CU, INT, INT018, z06, 12.01.2022," Basytec CTS, SN:CTS.X.13.00.0408", CH18/19, Binder MK240 #Planck, 23°C, 19,4.710117378865938
2265,TP_z06_03_1,12,ZYK, INT, INT018, z06, 21.01.2022," Basytec CTS, SN:CTS.X.13.00.0408", CH18/19, Binder MK240 #Planck, 23°C, 19,
2266,TP_z06_03_1,13,exCU, INT, INT018, z06, 06.02.2022," Basytec CTS, SN:CTS.X.13.00.0408", CH18/19, Binder MK240 #Planck, 23°C, 19,4.696465546615097
2267,TP_z06_03_1,14,ZYK, INT, INT018, z06, 11.02.2022," Basytec CTS, SN:CTS.X.13.00.0408", CH18/19, Binder MK240 #Planck, 23°C, 19,
2268,TP_z06_03_1,15,CU, INT, INT018, z06, 14.03.2022," Basytec CTS, SN:CTS.X.13.00.0408", CH18/19, Binder MK240 #Planck, 23°C, 19,4.659664027004372
2269,TP_z06_03_1,16,ZYK, INT, INT018, z06, 25.03.2022," Basytec CTS, SN:CTS.X.13.00.0408", CH18/19, Binder MK240 #Planck, 23°C, 19,
2270,TP_z06_03_1,17,CU, INT, INT018, z06, 02.05.2022," Basytec CTS, SN:CTS.X.13.00.0408", CH18/19, Binder MK240 #Planck, 23°C, 19,4.627389425402983
2271,TP_z06_03_1,18,ZYK, INT, INT018, z06, 25.03.2022," Basytec CTS, SN:CTS.X.13.00.0408", CH18/19, Binder MK240 #Planck, 23°C, 19,
2272,TP_z06_03_1,19,exCU, INT, INT018, z06, 07.06.2022," Basytec CTS, SN:CTS.X.13.00.0408", CH18/19, Binder MK240 #Planck, 23°C, 19,4.584836808987858
2273,TP_z06_03_1,20,ZYK, INT, INT018, z06, 13.06.2022," Basytec CTS, SN:CTS.X.13.00.0408", CH18/19, Binder MK240 #Planck, 23°C, 19,
2274,TP_z06_03_1,21,CU, INT, INT018, z06, 18.07.2022," Basytec CTS, SN:CTS.X.13.00.0408", CH18/19, Binder MK240 #Planck, 23°C, 19,4.560189619800818
2275,TP_z06_03_1,22,ZYK, INT, INT018, z06, 22.07.2022," Basytec CTS, SN:CTS.X.13.00.0408", CH18/19, Binder MK240 #Planck, 23°C, 19,
2276,TP_z06_03_1,23,CU, INT, INT018, z06, 19.08.2022," Basytec CTS, SN:CTS.X.13.00.0408", CH18/19, Binder MK240 #Planck, 23°C, 19,4.514658699560576
2277,TP_z06_03_1,24,ZYK, INT, INT018, z06, 23.08.2022," Basytec CTS, SN:CTS.X.13.00.0408", CH18/19, Binder MK240 #Planck, 23°C, 19,
2278,TP_z06_03_1,25,AT_T10, INT, INT018, z06, 23.09.2022," Basytec CTS, SN:CTS.X.13.00.0408", CH18/19, Binder MK240 #Planck, 10°C, 19,4.414571316721336
2279,TP_z06_03_1,25,AT_T23, INT, INT018, z06, 29.09.2022," Basytec CTS, SN:CTS.X.13.00.0408", CH18/19, Binder MK240 #Planck, 23°C, 19,4.478003813842318
2280,TP_z06_03_1,25,AT_T45, INT, INT018, z06, 26.09.2022," Basytec CTS, SN:CTS.X.13.00.0408", CH18/19, Binder MK240 #Planck, 45°C, 19,4.561538569924052
2281,TP_z06_03_2,1,ET_T23, INT, INT160, TP_z06_03_MKII, 24.02.2023, Basytec CTS.x.13.00.0354, CH16/17, Binder MK240 #Schroedinger, 23, 9,4.850000086676313
2282,TP_z06_03_2,1,ET_T45, INT, INT160, TP_z06_03_MKII, 21.02.2023, Basytec CTS.x.13.00.0354, CH16/17, Binder MK240 #Schroedinger, 45, 9,4.936621256073124
2283,TP_z06_03_2,1,ET_T10, INT, INT160, TP_z06_03_MKII, 17.02.2023, Basytec CTS.x.13.00.0354, CH16/17, Binder MK240 #Schroedinger, 10, 9,4.69745055028198
2284,TP_z06_03_2,2,ZYK, INT, INT160, TP_z06_03_MKII, 26.04.2023," Basytec GSM, SN:GSM.x.62.43.0353", CH03, Binder MK240 #Planck, 23, 13,
2285,TP_z06_03_2,3,CU, INT, INT160, TP_z06_03_MKII, 05.05.2023, Basytec CTS.x.13.00.0354, CH28/29, Binder MK240 #Schroedinger, 23, 15,4.83390117550538
2286,TP_z06_03_2,4,ZYK, INT, INT160, TP_z06_03_MKII, 08.05.2023," Basytec GSM, SN:GSM.x.62.43.0353", CH03, Binder MK240 #Planck, 23, 13,
2287,TP_z06_03_2,5,CU, INT, INT160, TP_z06_03_MKII, 16.05.2023, Basytec CTS.x13.00.0355, CH30/31, Binder MK240 #Schroedinger, 23, 20,4.832298227656413
2288,TP_z06_03_2,6,ZYK, INT, INT160, TP_z06_03_MKII, 17.05.2023," Basytec GSM, SN:GSM.x.62.43.0353", CH03, Binder MK240 #Planck, 23, 13,
2289,TP_z06_03_2,7,exCU, INT, INT160, TP_z06_03_MKII, 25.05.2023, Basytec CTS.x13.00.0355, CH30/31, Binder MK240 #Schroedinger, 23, 20,4.827997090716074
2290,TP_z06_03_2,8,ZYK, INT, INT160, TP_z06_03_MKII, 26.05.2023," Basytec GSM, SN:GSM.x.62.43.0353", CH03, Binder MK240 #Planck, 23, 13,
2291,TP_z06_03_2,9,CU, INT, INT160, TP_z06_03_MKII, 12.06.2023, Basytec CTS.x13.00.0355, CH30/31, Binder MK240 #Schroedinger, 23, 20,4.815484264142615
2292,TP_z06_03_2,10,ZYK, INT, INT160, TP_z06_03_MKII, 14.06.2023," Basytec GSM, SN:GSM.x.62.43.0353", CH03, Binder MK240 #Planck, 23, 13,
2293,TP_z06_03_2,11,CU, INT, INT160, TP_z06_03_MKII, 29.06.2023, Basytec CTS.x13.00.0355, CH30/31, Binder MK240 #Schroedinger, 23, 20,4.8082572550567395
2294,TP_z06_03_2,12,ZYK, INT, INT160, TP_z06_03_MKII, 30.06.2023," Basytec GSM, SN:GSM.x.62.43.0353", CH03, Binder MK240 #Planck, 23, 13,
2295,TP_z06_03_2,13,exCU, INT, INT160, TP_z06_03_MKII, 18.07.2023, Basytec CTS.x13.00.0355, CH30/31, Binder MK240 #Schroedinger, 23, 20,4.803866938345289
2296,TP_z06_03_2,14,ZYK, INT, INT160, TP_z06_03_MKII, 25.07.2023," Basytec GSM, SN:GSM.x.62.43.0353", CH03, Binder MK240 #Planck, 23, 13,
2297,TP_z06_03_2,15,CU, INT, INT160, TP_z06_03_MKII, 23.08.2023, Basytec CTS.x13.00.0355, CH30/31, Binder MK240 #Schroedinger, 23, 20,4.790385665262409
2298,TP_z06_03_2,16,ZYK, INT, INT160, TP_z06_03_MKII, 29.08.2023," Basytec GSM, SN:GSM.x.62.43.0353", CH03, Binder MK240 #Planck, 23, 13,
2299,TP_z06_03_2,17,CU, INT, INT160, TP_z06_03_MKII, 02.10.2023, Basytec CTS.x13.00.0355, CH30/31, Binder MK240 #Schroedinger, 23, 20,4.779698943856111
2300,TP_z06_03_2,18,ZYK, INT, INT160, TP_z06_03_MKII, 11.10.2023," Basytec GSM, SN:GSM.x.62.43.0353", CH03, Binder MK240 #Planck, 23, 13,
2301,TP_z06_03_2,19,exCU, INT, INT160, TP_z06_03_MKII, 09.11.2023, Basytec CTS.x13.00.0355, CH30/31, Binder MK240 #Schroedinger, 23, 20,4.770181896608986
2302,TP_z06_03_2,20,ZYK, INT, INT160, TP_z06_03_MKII, 13.11.2023," Basytec GSM, SN:GSM.x.62.43.0353", CH03, Binder MK240 #Planck, 23, 13,
2303,TP_z06_03_2,21,CU, INT, INT160, TP_z06_03_MKII, 18.12.2023, Basytec CTS.x13.00.0355, CH30/31, Binder MK240 #Schroedinger, 23, 20,4.759464479947585
2304,TP_z06_03_2,22,ZYK, INT, INT160, TP_z06_03_MKII, 19.12.2023," Basytec GSM, SN:GSM.x.62.43.0353", CH03, Binder MK240 #Planck, 23, 13,
2305,TP_z06_03_2,23,CU, INT, INT160, TP_z06_03_MKII, 17.01.2024, Basytec CTS.x13.00.0355, CH30/31, Binder MK240 #Schroedinger, 23, 20,4.751047260350473
2306,TP_z06_03_2,24,ZYK, INT, INT160, TP_z06_03_MKII, 19.01.2024," Basytec GSM, SN:GSM.x.62.43.0353", CH03, Binder MK240 #Planck, 23, 13,
2307,TP_z06_03_2,25,AT_T10, INT, INT160, TP_z06_03_MKII, 06.02.2024, Basytec CTS.x13.00.0355, CH18/19, Binder MK240 #Planck, 10, 10,4.667063196052688
2308,TP_z06_03_2,25,AT_T23, INT, INT160, TP_z06_03_MKII, 15.02.2024, Basytec CTS.x13.00.0355, CH18/19, Binder MK240 #Planck, 23, 10,4.723779897781085
2309,TP_z06_03_2,25,AT_T45, INT, INT160, TP_z06_03_MKII, 12.02.2024, Basytec CTS.x13.00.0355, CH18/19, Binder MK240 #Planck, 45, 10,4.79795770490891
2310,TP_z07_01_1,1,ET_T10, INT, INT019, z07, 12.10.2021," Basytec CTS, SN:CTS.X.13.00.0355", CH06/07, Binder MK240 #Planck, 10°C, 14,4.82479294887707
2311,TP_z07_01_1,1,ET_T23, INT, INT019, z07, 18.10.2021," Basytec CTS, SN:CTS.X.13.00.0355", CH06/07, Binder MK240 #Planck, 23°C, 14,4.8736638471584754
2312,TP_z07_01_1,1,ET_T45, INT, INT019, z07, 15.10.2021," Basytec CTS, SN:CTS.X.13.00.0355", CH06/07, Binder MK240 #Planck, 45°C, 14,4.987075519016315
2313,TP_z07_01_1,2,ZYK, INT, INT019, z07, 02.11.2021," Basytec CTS, SN:CTS.X.13.00.0354", CH00/01, Binder MK240 #Schroedinger, 35°C, 11,
2314,TP_z07_01_1,3,CU, INT, INT019, z07, 12.11.2021," Basytec CTS, SN:CTS.X.13.00.0354", CH00/01, Binder MK240 #Schroedinger, 23°C, 11,4.844406699966113
2315,TP_z07_01_1,4,ZYK, INT, INT019, z07, 15.11.2021," Basytec CTS, SN:CTS.X.13.00.0354", CH00/01, Binder MK240 #Schroedinger, 35°C, 11,
2316,TP_z07_01_1,5,CU, INT, INT019, z07, 25.11.2021," Basytec CTS, SN:CTS.X.13.00.0354", CH00/01, Binder MK240 #Schroedinger, 23°C, 11,4.831162221967835
2317,TP_z07_01_1,6,ZYK, INT, INT019, z07, 26.11.2021," Basytec CTS, SN:CTS.X.13.00.0354", CH00/01, Binder MK240 #Schroedinger, 35°C, 11,
2318,TP_z07_01_1,7,exCU, INT, INT019, z07, 05.12.2021," Basytec CTS, SN:CTS.X.13.00.0354", CH00/01, Binder MK240 #Schroedinger, 23°C, 11,4.819979817115458
2319,TP_z07_01_1,8,ZYK, INT, INT019, z07, 10.12.2021," Basytec CTS, SN:CTS.X.13.00.0354", CH00/01, Binder MK240 #Schroedinger, 35°C, 11,
2320,TP_z07_01_1,9,CU, INT, INT019, z07, 26.12.2021," Basytec CTS, SN:CTS.X.13.00.0354", CH00/01, Binder MK240 #Schroedinger, 23°C, 11,4.800428490803675
2321,TP_z07_01_1,10,ZYK, INT, INT019, z07, 29.12.2021," Basytec CTS, SN:CTS.X.13.00.0354", CH00/01, Binder MK240 #Schroedinger, 35°C, 11,
2322,TP_z07_01_1,11,CU, INT, INT019, z07, 12.01.2022," Basytec CTS, SN:CTS.X.13.00.0354", CH00/01, Binder MK240 #Schroedinger, 23°C, 11,4.787085444848591
2323,TP_z07_01_1,12,ZYK, INT, INT019, z07, 21.01.2022," Basytec CTS, SN:CTS.X.13.00.0354", CH00/01, Binder MK240 #Schroedinger, 35°C, 11,
2324,TP_z07_01_1,13,exCU, INT, INT019, z07, 06.02.2022," Basytec CTS, SN:CTS.X.13.00.0354", CH00/01, Binder MK240 #Schroedinger, 23°C, 11,4.780722279196811
2325,TP_z07_01_1,14,ZYK, INT, INT019, z07, 11.02.2022," Basytec CTS, SN:CTS.X.13.00.0354", CH00/01, Binder MK240 #Schroedinger, 35°C, 11,
2326,TP_z07_01_1,15,CU, INT, INT019, z07, 14.03.2022," Basytec CTS, SN:CTS.X.13.00.0354", CH00/01, Binder MK240 #Schroedinger, 23°C, 11,4.751658740851863
2327,TP_z07_01_1,16,ZYK, INT, INT019, z07, 25.03.2022," Basytec CTS, SN:CTS.X.13.00.0354", CH00/01, Binder MK240 #Schroedinger, 35°C, 11,
2328,TP_z07_01_1,17,CU, INT, INT019, z07, 02.05.2022," Basytec CTS, SN:CTS.X.13.00.0354", CH00/01, Binder MK240 #Schroedinger, 23°C, 11,4.730443110100124
2329,TP_z07_01_1,18,ZYK, INT, INT019, z07, 09.05.2022," Basytec CTS, SN:CTS.X.13.00.0354", CH00/01, Binder MK240 #Schroedinger, 35°C, 11,
2330,TP_z07_01_1,19,exCU, INT, INT019, z07, 07.06.2022," Basytec CTS, SN:CTS.X.13.00.0354", CH00/01, Binder MK240 #Schroedinger, 23°C, 11,4.712006708774487
2331,TP_z07_01_1,20,ZYK, INT, INT019, z07, 13.06.2022," Basytec CTS, SN:CTS.X.13.00.0354", CH00/01, Binder MK240 #Schroedinger, 35°C, 11,
2332,TP_z07_01_1,21,CU, INT, INT019, z07, 18.07.2022," Basytec CTS, SN:CTS.X.13.00.0354", CH00/01, Binder MK240 #Schroedinger, 23°C, 11,4.689327008122971
2333,TP_z07_01_1,22,ZYK, INT, INT019, z07, 22.07.2022," Basytec CTS, SN:CTS.X.13.00.0354", CH00/01, Binder MK240 #Schroedinger, 35°C, 11,
2334,TP_z07_01_1,23,CU, INT, INT019, z07, 19.08.2022," Basytec CTS, SN:CTS.X.13.00.0354", CH00/01, Binder MK240 #Schroedinger, 23°C, 11,4.674574255392535
2335,TP_z07_01_1,24,ZYK, INT, INT019, z07, 23.08.2022," Basytec CTS, SN:CTS.X.13.00.0354", CH00/01, Binder MK240 #Schroedinger, 35°C, 11,
2336,TP_z07_01_1,25,AT_T23, INT, INT019, z07, 29.09.2022," Basytec CTS, SN:CTS.X.13.00.0354", CH00/01, Binder MK240 #Schroedinger, 23°C, 11,4.649665575378715
2337,TP_z07_01_1,25,AT_T45, INT, INT019, z07, 26.09.2022," Basytec CTS, SN:CTS.X.13.00.0354", CH00/01, Binder MK240 #Schroedinger, 45°C, 11,4.731440624045481
2338,TP_z07_01_1,25,AT_T10, INT, INT019, z07, 23.09.2022," Basytec CTS, SN:CTS.X.13.00.0354", CH00/01, Binder MK240 #Schroedinger, 10°C, 11,4.563344688565846
2339,TP_z07_01_2,1,ET_T10, INT, INT065, TP_z07_01_MKII, 17.02.2023, Basytec CTS.x.13.00.0354, CH18/19, Binder MK240 #Schroedinger, 10, 10,4.7355138799595515
2340,TP_z07_01_2,1,ET_T23, INT, INT065, TP_z07_01_MKII, 24.02.2023, Basytec CTS.x.13.00.0354, CH18/19, Binder MK240 #Schroedinger, 23, 10,4.861127953993543
2341,TP_z07_01_2,1,ET_T45, INT, INT065, TP_z07_01_MKII, 21.02.2023, Basytec CTS.x.13.00.0354, CH18/19, Binder MK240 #Schroedinger, 45, 10,4.9477188854240906
2342,TP_z07_01_2,2,ZYK, INT, INT065, TP_z07_01_MKII, 26.04.2023," Basytec GSM, SN:GSM.x.62.43.0353", CH04, Binder MK240 #Planck, 23, 12,
2343,TP_z07_01_2,3,CU, INT, INT065, TP_z07_01_MKII, 05.05.2023, Basytec CTS.x13.00.0355, CH20/21, Binder MK240 #Schroedinger, 23, 15,4.776846536765643
2344,TP_z07_01_2,4,ZYK, INT, INT065, TP_z07_01_MKII, 08.05.2023," Basytec GSM, SN:GSM.x.62.43.0353", CH04, Binder MK240 #Planck, 23, 12,
2345,TP_z07_01_2,5,CU, INT, INT065, TP_z07_01_MKII, 16.05.2023, Basytec CTS.x13.00.0355, CH14/15, Binder MK240 #Planck, 23, 8,4.769276403812642
2346,TP_z07_01_2,6,ZYK, INT, INT065, TP_z07_01_MKII, 17.05.2023," Basytec GSM, SN:GSM.x.62.43.0353", CH04, Binder MK240 #Planck, 23, 12,
2347,TP_z07_01_2,7,exCU, INT, INT065, TP_z07_01_MKII, 25.05.2023, Basytec CTS.x13.00.0355, CH14/15, Binder MK240 #Planck, 23, 8,4.755923419360995
2348,TP_z07_01_2,8,ZYK, INT, INT065, TP_z07_01_MKII, 26.05.2023," Basytec GSM, SN:GSM.x.62.43.0353", CH04, Binder MK240 #Planck, 23, 12,
2349,TP_z07_01_2,9,CU, INT, INT065, TP_z07_01_MKII, 12.06.2023, Basytec CTS.x13.00.0355, CH14/15, Binder MK240 #Planck, 23, 8,4.738138232911943
2350,TP_z07_01_2,10,ZYK, INT, INT065, TP_z07_01_MKII, 14.06.2023," Basytec GSM, SN:GSM.x.62.43.0353", CH04, Binder MK240 #Planck, 23, 12,
2351,TP_z07_01_2,11,CU, INT, INT065, TP_z07_01_MKII, 29.06.2023, Basytec CTS.x13.00.0355, CH14/15, Binder MK240 #Planck, 23, 8,4.718238774991345
2352,TP_z07_01_2,12,ZYK, INT, INT065, TP_z07_01_MKII, 30.06.2023," Basytec GSM, SN:GSM.x.62.43.0353", CH04, Binder MK240 #Planck, 23, 12,
2353,TP_z07_01_2,13,exCU, INT, INT065, TP_z07_01_MKII, 18.07.2023, Basytec CTS.x13.00.0355, CH14/15, Binder MK240 #Planck, 23, 8,4.707770650796739
2354,TP_z07_01_2,14,ZYK, INT, INT065, TP_z07_01_MKII, 25.07.2023," Basytec GSM, SN:GSM.x.62.43.0353", CH04, Binder MK240 #Planck, 23, 12,
2355,TP_z07_01_2,15,CU, INT, INT065, TP_z07_01_MKII, 23.08.2023, Basytec CTS.x13.00.0355, CH14/15, Binder MK240 #Planck, 23, 8,4.681491263056506
2356,TP_z07_01_2,16,ZYK, INT, INT065, TP_z07_01_MKII, 29.08.2023," Basytec GSM, SN:GSM.x.62.43.0353", CH04, Binder MK240 #Planck, 23, 12,
2357,TP_z07_01_2,17,CU, INT, INT065, TP_z07_01_MKII, 02.10.2023, Basytec CTS.x13.00.0355, CH14/15, Binder MK240 #Planck, 23, 8,4.664073771463733
2358,TP_z07_01_2,18,ZYK, INT, INT065, TP_z07_01_MKII, 11.10.2023," Basytec GSM, SN:GSM.x.62.43.0353", CH04, Binder MK240 #Planck, 23, 12,
2359,TP_z07_01_2,19,exCU, INT, INT065, TP_z07_01_MKII, 09.11.2023, Basytec CTS.x13.00.0355, CH14/15, Binder MK240 #Planck, 23, 8,4.641049826698545
2360,TP_z07_01_2,20,ZYK, INT, INT065, TP_z07_01_MKII, 13.11.2023," Basytec GSM, SN:GSM.x.62.43.0353", CH04, Binder MK240 #Planck, 23, 12,
2361,TP_z07_01_2,21,CU, INT, INT065, TP_z07_01_MKII, 18.12.2023, Basytec CTS.x13.00.0355, CH14/15, Binder MK240 #Planck, 23, 8,4.628356428155101
2362,TP_z07_01_2,22,ZYK, INT, INT065, TP_z07_01_MKII, 19.12.2023," Basytec GSM, SN:GSM.x.62.43.0353", CH04, Binder MK240 #Planck, 23, 12,
2363,TP_z07_01_2,23,CU, INT, INT065, TP_z07_01_MKII, 17.01.2024, Basytec CTS.x13.00.0355, CH14/15, Binder MK240 #Planck, 23, 8,4.611409815841223
2364,TP_z07_01_2,24,ZYK, INT, INT065, TP_z07_01_MKII, 19.01.2024," Basytec GSM, SN:GSM.x.62.43.0353", CH04, Binder MK240 #Planck, 23, 12,
2365,TP_z07_01_2,25,AT_T23, INT, INT065, TP_z07_01_MKII, 26.02.2024, Basytec CTS.x13.00.0355, CH20/21, Binder MK240 #Schroedinger, 23, 15,4.605760378821753
2366,TP_z07_01_2,25,AT_T45, INT, INT065, TP_z07_01_MKII, 23.02.2024, Basytec CTS.x13.00.0355, CH20/21, Binder MK240 #Schroedinger, 45, 15,4.676281083563822
2367,TP_z07_01_2,25,AT_T10, INT, INT065, TP_z07_01_MKII, 20.02.2024, Basytec CTS.x13.00.0355, CH20/21, Binder MK240 #Schroedinger, 10, 15,4.490567560736139
2368,TP_z07_02_1,1,ET_T10, INT, INT020, z07, 12.10.2021," Basytec CTS, SN:CTS.X.13.00.0355", CH10/11, Binder MK240 #Planck, 10°C, 16,4.769775348608541
2369,TP_z07_02_1,1,ET_T23, INT, INT020, z07, 18.10.2021," Basytec CTS, SN:CTS.X.13.00.0355", CH10/11, Binder MK240 #Planck, 23°C, 16,4.840484206385377
2370,TP_z07_02_1,1,ET_T45, INT, INT020, z07, 15.10.2021," Basytec CTS, SN:CTS.X.13.00.0355", CH10/11, Binder MK240 #Planck, 45°C, 16,4.949625442548282
2371,TP_z07_02_1,2,ZYK, INT, INT020, z07, 02.11.2021," Basytec CTS, SN:CTS.X.13.00.0354", CH02/03, Binder MK240 #Schroedinger, 35°C, 12,
2372,TP_z07_02_1,3,CU, INT, INT020, z07, 12.11.2021," Basytec CTS, SN:CTS.X.13.00.0354", CH02/03, Binder MK240 #Schroedinger, 23°C, 12,4.829878572913159
2373,TP_z07_02_1,4,ZYK, INT, INT020, z07, 15.11.2021," Basytec CTS, SN:CTS.X.13.00.0354", CH02/03, Binder MK240 #Schroedinger, 35°C, 12,
2374,TP_z07_02_1,5,CU, INT, INT020, z07, 25.11.2021," Basytec CTS, SN:CTS.X.13.00.0354", CH02/03, Binder MK240 #Schroedinger, 23°C, 12,4.81544228083381
2375,TP_z07_02_1,6,ZYK, INT, INT020, z07, 26.11.2021," Basytec CTS, SN:CTS.X.13.00.0354", CH02/03, Binder MK240 #Schroedinger, 35°C, 12,
2376,TP_z07_02_1,7,exCU, INT, INT020, z07, 05.12.2021," Basytec CTS, SN:CTS.X.13.00.0354", CH02/03, Binder MK240 #Schroedinger, 23°C, 12,4.807241726397535
2377,TP_z07_02_1,8,ZYK, INT, INT020, z07, 10.12.2021," Basytec CTS, SN:CTS.X.13.00.0354", CH02/03, Binder MK240 #Schroedinger, 35°C, 12,
2378,TP_z07_02_1,9,CU, INT, INT020, z07, 26.12.2021," Basytec CTS, SN:CTS.X.13.00.0354", CH02/03, Binder MK240 #Schroedinger, 23°C, 12,4.790647286014368
2379,TP_z07_02_1,10,ZYK, INT, INT020, z07, 29.12.2021," Basytec CTS, SN:CTS.X.13.00.0354", CH02/03, Binder MK240 #Schroedinger, 35°C, 12,
2380,TP_z07_02_1,11,CU, INT, INT020, z07, 12.01.2022," Basytec CTS, SN:CTS.X.13.00.0354", CH02/03, Binder MK240 #Schroedinger, 23°C, 12,4.775691557476623
2381,TP_z07_02_1,12,ZYK, INT, INT020, z07, 21.01.2022," Basytec CTS, SN:CTS.X.13.00.0354", CH02/03, Binder MK240 #Schroedinger, 35°C, 12,
2382,TP_z07_02_1,13,exCU, INT, INT020, z07, 06.02.2022," Basytec CTS, SN:CTS.X.13.00.0354", CH02/03, Binder MK240 #Schroedinger, 23°C, 12,4.764923602383197
2383,TP_z07_02_1,14,ZYK, INT, INT020, z07, 11.02.2022," Basytec CTS, SN:CTS.X.13.00.0354", CH02/03, Binder MK240 #Schroedinger, 35°C, 12,
2384,TP_z07_02_1,15,CU, INT, INT020, z07, 14.03.2022," Basytec CTS, SN:CTS.X.13.00.0354", CH02/03, Binder MK240 #Schroedinger, 23°C, 12,4.738820989110032
2385,TP_z07_02_1,16,ZYK, INT, INT020, z07, 25.03.2022," Basytec CTS, SN:CTS.X.13.00.0354", CH02/03, Binder MK240 #Schroedinger, 35°C, 12,
2386,TP_z07_02_1,17,CU, INT, INT020, z07, 02.05.2022," Basytec CTS, SN:CTS.X.13.00.0354", CH02/03, Binder MK240 #Schroedinger, 23°C, 12,4.718560787720264
2387,TP_z07_02_1,18,ZYK, INT, INT020, z07, 09.05.2022," Basytec CTS, SN:CTS.X.13.00.0354", CH02/03, Binder MK240 #Schroedinger, 35°C, 12,
2388,TP_z07_02_1,19,exCU, INT, INT020, z07, 07.06.2022," Basytec CTS, SN:CTS.X.13.00.0354", CH02/03, Binder MK240 #Schroedinger, 23°C, 12,4.697168900676502
2389,TP_z07_02_1,20,ZYK, INT, INT020, z07, 13.06.2022," Basytec CTS, SN:CTS.X.13.00.0354", CH02/03, Binder MK240 #Schroedinger, 35°C, 12,
2390,TP_z07_02_1,21,CU, INT, INT020, z07, 18.07.2022," Basytec CTS, SN:CTS.X.13.00.0354", CH02/03, Binder MK240 #Schroedinger, 23°C, 12,4.6785491532368
2391,TP_z07_02_1,22,ZYK, INT, INT020, z07, 22.07.2022," Basytec CTS, SN:CTS.X.13.00.0354", CH02/03, Binder MK240 #Schroedinger, 35°C, 12,
2392,TP_z07_02_1,23,CU, INT, INT020, z07, 19.08.2022," Basytec CTS, SN:CTS.X.13.00.0354", CH02/03, Binder MK240 #Schroedinger, 23°C, 12,4.664942876173086
2393,TP_z07_02_1,24,ZYK, INT, INT020, z07, 23.08.2022," Basytec CTS, SN:CTS.X.13.00.0354", CH02/03, Binder MK240 #Schroedinger, 35°C, 12,
2394,TP_z07_02_1,25,AT_T23, INT, INT020, z07, 29.09.2022," Basytec CTS, SN:CTS.X.13.00.0354", CH02/03, Binder MK240 #Schroedinger, 23°C, 12,4.63898946936456
2395,TP_z07_02_1,25,AT_T45, INT, INT020, z07, 26.09.2022," Basytec CTS, SN:CTS.X.13.00.0354", CH02/03, Binder MK240 #Schroedinger, 23°C, 12,4.707860059769068
2396,TP_z07_02_1,25,AT_T10, INT, INT020, z07, 23.09.2022," Basytec CTS, SN:CTS.X.13.00.0354", CH02/03, Binder MK240 #Schroedinger, 23°C, 12,4.571338242236798
2397,TP_z07_02_2,1,ET_T10, INT, INT163, TP_z07_02_MKII, 17.02.2023, Basytec CTS.x.13.00.0354, CH20/21, Binder MK240 #Schroedinger, 10, 11,4.774426475522715
2398,TP_z07_02_2,1,ET_T23, INT, INT163, TP_z07_02_MKII, 24.02.2023, Basytec CTS.x.13.00.0354, CH20/21, Binder MK240 #Schroedinger, 23, 11,4.883308580425815
2399,TP_z07_02_2,1,ET_T45, INT, INT163, TP_z07_02_MKII, 21.02.2023, Basytec CTS.x.13.00.0354, CH20/21, Binder MK240 #Schroedinger, 45, 11,4.970507014501644
2400,TP_z07_02_2,2,ZYK, INT, INT163, TP_z07_02_MKII, 26.04.2023," Basytec GSM, SN:GSM.x.62.43.0353", CH05, Binder MK240 #Planck, 23, 11,
2401,TP_z07_02_2,3,CU, INT, INT163, TP_z07_02_MKII, 05.05.2023, Basytec CTS.x13.00.0355, CH22/23, Binder MK240 #Schroedinger, 23, 16,4.797791441163925
2402,TP_z07_02_2,4,ZYK, INT, INT163, TP_z07_02_MKII, 08.05.2023," Basytec GSM, SN:GSM.x.62.43.0353", CH05, Binder MK240 #Planck, 23, 11,
2403,TP_z07_02_2,5,CU, INT, INT163, TP_z07_02_MKII, 16.05.2023, Basytec CTS.x13.00.0355, CH16/17, Binder MK240 #Planck, 23, 9,4.781924116455248
2404,TP_z07_02_2,6,ZYK, INT, INT163, TP_z07_02_MKII, 17.05.2023," Basytec GSM, SN:GSM.x.62.43.0353", CH05, Binder MK240 #Planck, 23, 11,
2405,TP_z07_02_2,7,exCU, INT, INT163, TP_z07_02_MKII, 25.05.2023, Basytec CTS.x13.00.0355, CH16/17, Binder MK240 #Planck, 23, 9,4.777477755415317
2406,TP_z07_02_2,8,ZYK, INT, INT163, TP_z07_02_MKII, 26.05.2023," Basytec GSM, SN:GSM.x.62.43.0353", CH05, Binder MK240 #Planck, 23, 11,
2407,TP_z07_02_2,9,CU, INT, INT163, TP_z07_02_MKII, 12.06.2023, Basytec CTS.x13.00.0355, CH16/17, Binder MK240 #Planck, 23, 9,4.758899595234821
2408,TP_z07_02_2,10,ZYK, INT, INT163, TP_z07_02_MKII, 14.06.2023," Basytec GSM, SN:GSM.x.62.43.0353", CH05, Binder MK240 #Planck, 23, 11,
2409,TP_z07_02_2,11,CU, INT, INT163, TP_z07_02_MKII, 29.06.2023, Basytec CTS.x13.00.0355, CH16/17, Binder MK240 #Planck, 23, 9,4.7393903639883765
2410,TP_z07_02_2,12,ZYK, INT, INT163, TP_z07_02_MKII, 30.06.2023," Basytec GSM, SN:GSM.x.62.43.0353", CH05, Binder MK240 #Planck, 23, 11,
2411,TP_z07_02_2,13,exCU, INT, INT163, TP_z07_02_MKII, 18.07.2023, Basytec CTS.x13.00.0355, CH16/17, Binder MK240 #Planck, 23, 9,4.726863971446338
2412,TP_z07_02_2,14,ZYK, INT, INT163, TP_z07_02_MKII, 25.07.2023," Basytec GSM, SN:GSM.x.62.43.0353", CH05, Binder MK240 #Planck, 23, 11,
2413,TP_z07_02_2,15,CU, INT, INT163, TP_z07_02_MKII, 23.08.2023, Basytec CTS.x13.00.0355, CH16/17, Binder MK240 #Planck, 23, 9,4.715950736420238
2414,TP_z07_02_2,16,ZYK, INT, INT163, TP_z07_02_MKII, 29.08.2023," Basytec GSM, SN:GSM.x.62.43.0353", CH05, Binder MK240 #Planck, 23, 11,
2415,TP_z07_02_2,17,CU, INT, INT163, TP_z07_02_MKII, 02.10.2023, Basytec CTS.x13.00.0355, CH16/17, Binder MK240 #Planck, 23, 9,4.682619099449225
2416,TP_z07_02_2,18,ZYK, INT, INT163, TP_z07_02_MKII, 11.10.2023," Basytec GSM, SN:GSM.x.62.43.0353", CH05, Binder MK240 #Planck, 23, 11,
2417,TP_z07_02_2,19,exCU, INT, INT163, TP_z07_02_MKII, 09.11.2023, Basytec CTS.x13.00.0355, CH16/17, Binder MK240 #Planck, 23, 9,4.661352336935721
2418,TP_z07_02_2,20,ZYK, INT, INT163, TP_z07_02_MKII, 13.11.2023," Basytec GSM, SN:GSM.x.62.43.0353", CH05, Binder MK240 #Planck, 23, 11,
2419,TP_z07_02_2,21,CU, INT, INT163, TP_z07_02_MKII, 18.12.2023, Basytec CTS.x13.00.0355, CH16/17, Binder MK240 #Planck, 23, 9,4.645144779699924
2420,TP_z07_02_2,22,ZYK, INT, INT163, TP_z07_02_MKII, 19.12.2023," Basytec GSM, SN:GSM.x.62.43.0353", CH05, Binder MK240 #Planck, 23, 11,
2421,TP_z07_02_2,23,CU, INT, INT163, TP_z07_02_MKII, 17.01.2024, Basytec CTS.x13.00.0355, CH16/17, Binder MK240 #Planck, 23, 9,4.626379212069075
2422,TP_z07_02_2,24,ZYK, INT, INT163, TP_z07_02_MKII, 19.01.2024," Basytec GSM, SN:GSM.x.62.43.0353", CH05, Binder MK240 #Planck, 23, 11,
2423,TP_z07_02_2,25,AT_T23, INT, INT163, TP_z07_02_MKII, 26.02.2024, Basytec CTS.x13.00.0355, CH22/23, Binder MK240 #Schroedinger, 23, 16,4.618743840668017
2424,TP_z07_02_2,25,AT_T45, INT, INT163, TP_z07_02_MKII, 23.02.2024, Basytec CTS.x13.00.0355, CH22/23, Binder MK240 #Schroedinger, 45, 16,4.686321428162467
2425,TP_z07_02_2,25,AT_T10, INT, INT163, TP_z07_02_MKII, 20.02.2024, Basytec CTS.x13.00.0355, CH22/23, Binder MK240 #Schroedinger, 10, 16,4.512211305015774
2426,TP_z07_03_1,1,ET_T45, INT, INT021, z07, 15.10.2021," Basytec CTS, SN:CTS.X.13.00.0355", CH12/13, Binder MK240 #Planck, 45°C, 17,4.987352113573381
2427,TP_z07_03_1,1,ET_T23, INT, INT021, z07, 18.10.2021," Basytec CTS, SN:CTS.X.13.00.0355", CH12/13, Binder MK240 #Planck, 23°C, 17,4.872570991628164
2428,TP_z07_03_1,1,ET_T10, INT, INT021, z07, 12.10.2021," Basytec CTS, SN:CTS.X.13.00.0355", CH12/13, Binder MK240 #Planck, 10°C, 17,4.815589437145654
2429,TP_z07_03_1,2,ZYK, INT, INT021, z07, 02.11.2021," Basytec CTS, SN:CTS.X.13.00.0354", CH04/05, Binder MK240 #Schroedinger, 35°C, 13,
2430,TP_z07_03_1,3,CU, INT, INT021, z07, 12.11.2021," Basytec CTS, SN:CTS.X.13.00.0354", CH04/05, Binder MK240 #Schroedinger, 23°C, 13,4.852658668848422
2431,TP_z07_03_1,4,ZYK, INT, INT021, z07, 15.11.2021," Basytec CTS, SN:CTS.X.13.00.0354", CH04/05, Binder MK240 #Schroedinger, 35°C, 13,
2432,TP_z07_03_1,5,CU, INT, INT021, z07, 25.11.2021," Basytec CTS, SN:CTS.X.13.00.0354", CH04/05, Binder MK240 #Schroedinger, 23°C, 13,4.839241954853012
2433,TP_z07_03_1,6,ZYK, INT, INT021, z07, 26.11.2021," Basytec CTS, SN:CTS.X.13.00.0354", CH04/05, Binder MK240 #Schroedinger, 35°C, 13,
2434,TP_z07_03_1,7,exCU, INT, INT021, z07, 05.12.2021," Basytec CTS, SN:CTS.X.13.00.0354", CH04/05, Binder MK240 #Schroedinger, 23°C, 13,4.82792548768702
2435,TP_z07_03_1,8,ZYK, INT, INT021, z07, 10.12.2021," Basytec CTS, SN:CTS.X.13.00.0354", CH04/05, Binder MK240 #Schroedinger, 35°C, 13,
2436,TP_z07_03_1,9,CU, INT, INT021, z07, 26.12.2021," Basytec CTS, SN:CTS.X.13.00.0354", CH04/05, Binder MK240 #Schroedinger, 23°C, 13,4.8062805080361155
2437,TP_z07_03_1,10,ZYK, INT, INT021, z07, 29.12.2021," Basytec CTS, SN:CTS.X.13.00.0354", CH04/05, Binder MK240 #Schroedinger, 35°C, 13,
2438,TP_z07_03_1,11,CU, INT, INT021, z07, 12.01.2022," Basytec CTS, SN:CTS.X.13.00.0354", CH04/05, Binder MK240 #Schroedinger, 23°C, 13,4.7900713951423555
2439,TP_z07_03_1,12,ZYK, INT, INT021, z07, 21.01.2022," Basytec CTS, SN:CTS.X.13.00.0354", CH04/05, Binder MK240 #Schroedinger, 35°C, 13,
2440,TP_z07_03_1,13,exCU, INT, INT021, z07, 06.02.2022," Basytec CTS, SN:CTS.X.13.00.0354", CH04/05, Binder MK240 #Schroedinger, 23°C, 13,4.777146417502125
2441,TP_z07_03_1,14,ZYK, INT, INT021, z07, 11.02.2022," Basytec CTS, SN:CTS.X.13.00.0354", CH04/05, Binder MK240 #Schroedinger, 35°C, 13,
2442,TP_z07_03_1,15,CU, INT, INT021, z07, 14.03.2022," Basytec CTS, SN:CTS.X.13.00.0354", CH04/05, Binder MK240 #Schroedinger, 23°C, 13,4.748377194445894
2443,TP_z07_03_1,16,ZYK, INT, INT021, z07, 25.03.2022," Basytec CTS, SN:CTS.X.13.00.0354", CH04/05, Binder MK240 #Schroedinger, 35°C, 13,
2444,TP_z07_03_1,17,CU, INT, INT021, z07, 02.05.2022," Basytec CTS, SN:CTS.X.13.00.0354", CH04/05, Binder MK240 #Schroedinger, 23°C, 13,4.727557269232099
2445,TP_z07_03_1,18,ZYK, INT, INT021, z07, 09.05.2022," Basytec CTS, SN:CTS.X.13.00.0354", CH04/05, Binder MK240 #Schroedinger, 35°C, 13,
2446,TP_z07_03_1,19,exCU, INT, INT021, z07, 07.06.2022," Basytec CTS, SN:CTS.X.13.00.0354", CH04/05, Binder MK240 #Schroedinger, 23°C, 13,4.704756955834542
2447,TP_z07_03_1,20,ZYK, INT, INT021, z07, 13.06.2022," Basytec CTS, SN:CTS.X.13.00.0354", CH04/05, Binder MK240 #Schroedinger, 35°C, 13,
2448,TP_z07_03_1,21,CU, INT, INT021, z07, 18.07.2022," Basytec CTS, SN:CTS.X.13.00.0354", CH04/05, Binder MK240 #Schroedinger, 23°C, 13,4.687478291600328
2449,TP_z07_03_1,22,ZYK, INT, INT021, z07, 22.07.2022," Basytec CTS, SN:CTS.X.13.00.0354", CH04/05, Binder MK240 #Schroedinger, 35°C, 13,
2450,TP_z07_03_1,23,CU, INT, INT021, z07, 19.08.2022," Basytec CTS, SN:CTS.X.13.00.0354", CH04/05, Binder MK240 #Schroedinger, 23°C, 13,4.671576763756011
2451,TP_z07_03_1,24,ZYK, INT, INT021, z07, 23.08.2022," Basytec CTS, SN:CTS.X.13.00.0354", CH04/05, Binder MK240 #Schroedinger, 35°C, 13,
2452,TP_z07_03_1,25,AT_T10, INT, INT021, z07, 23.09.2022," Basytec CTS, SN:CTS.X.13.00.0354", CH04/05, Binder MK240 #Schroedinger, 10°C, 13,4.562416580323539
2453,TP_z07_03_1,25,AT_T45, INT, INT021, z07, 26.09.2022," Basytec CTS, SN:CTS.X.13.00.0354", CH04/05, Binder MK240 #Schroedinger, 45°C, 13,4.727310475090591
2454,TP_z07_03_1,25,AT_T23, INT, INT021, z07, 29.09.2022," Basytec CTS, SN:CTS.X.13.00.0354", CH04/05, Binder MK240 #Schroedinger, 23°C, 13,4.646818682700928
2455,TP_z07_03_2,1,ET_T45, INT, INT078, TP_z07_03_MKII, 21.02.2023, Basytec CTS.x.13.00.0354, CH22/23, Binder MK240 #Schroedinger, 45, 12,4.939753430098339
2456,TP_z07_03_2,1,ET_T23, INT, INT078, TP_z07_03_MKII, 24.02.2023, Basytec CTS.x.13.00.0354, CH22/23, Binder MK240 #Schroedinger, 23, 12,4.8521159827051745
2457,TP_z07_03_2,1,ET_T10, INT, INT078, TP_z07_03_MKII, 17.02.2023, Basytec CTS.x.13.00.0354, CH22/23, Binder MK240 #Schroedinger, 10, 12,4.712996971140932
2458,TP_z07_03_2,2,ZYK, INT, INT078, TP_z07_03_MKII, 26.04.2023," Basytec GSM, SN:GSM.x.62.43.0353", CH06, Binder MK240 #Planck, 23, 10,
2459,TP_z07_03_2,3,CU, INT, INT078, TP_z07_03_MKII, 05.05.2023, Basytec CTS.x13.00.0355, CH24/25, Binder MK240 #Schroedinger, 23, 17,4.778924064216604
2460,TP_z07_03_2,4,ZYK, INT, INT078, TP_z07_03_MKII, 08.05.2023," Basytec GSM, SN:GSM.x.62.43.0353", CH06, Binder MK240 #Planck, 23, 10,
2461,TP_z07_03_2,5,CU, INT, INT078, TP_z07_03_MKII, 16.05.2023, Basytec CTS.x13.00.0355, CH18/19, Binder MK240 #Planck, 23, 10,4.7544169680096715
2462,TP_z07_03_2,6,ZYK, INT, INT078, TP_z07_03_MKII, 17.05.2023," Basytec GSM, SN:GSM.x.62.43.0353", CH06, Binder MK240 #Planck, 23, 10,
2463,TP_z07_03_2,7,exCU, INT, INT078, TP_z07_03_MKII, 25.05.2023, Basytec CTS.x13.00.0355, CH18/19, Binder MK240 #Planck, 23, 10,4.745730856482002
2464,TP_z07_03_2,8,ZYK, INT, INT078, TP_z07_03_MKII, 26.05.2023," Basytec GSM, SN:GSM.x.62.43.0353", CH06, Binder MK240 #Planck, 23, 10,
2465,TP_z07_03_2,9,CU, INT, INT078, TP_z07_03_MKII, 12.06.2023, Basytec CTS.x13.00.0355, CH18/19, Binder MK240 #Planck, 23, 10,4.728744211162002
2466,TP_z07_03_2,10,ZYK, INT, INT078, TP_z07_03_MKII, 14.06.2023," Basytec GSM, SN:GSM.x.62.43.0353", CH06, Binder MK240 #Planck, 23, 10,
2467,TP_z07_03_2,11,CU, INT, INT078, TP_z07_03_MKII, 29.06.2023, Basytec CTS.x13.00.0355, CH18/19, Binder MK240 #Planck, 23, 10,4.714480878058236
2468,TP_z07_03_2,12,ZYK, INT, INT078, TP_z07_03_MKII, 30.06.2023," Basytec GSM, SN:GSM.x.62.43.0353", CH06, Binder MK240 #Planck, 23, 10,
2469,TP_z07_03_2,13,exCU, INT, INT078, TP_z07_03_MKII, 18.07.2023, Basytec CTS.x13.00.0355, CH18/19, Binder MK240 #Planck, 23, 10,4.7047831656931685
2470,TP_z07_03_2,14,ZYK, INT, INT078, TP_z07_03_MKII, 25.07.2023," Basytec GSM, SN:GSM.x.62.43.0353", CH06, Binder MK240 #Planck, 23, 10,
2471,TP_z07_03_2,15,CU, INT, INT078, TP_z07_03_MKII, 25.08.2023, Basytec CTS.x13.00.0355, CH16/17, Binder MK240 #Planck, 23, 9,4.722070063100929
2472,TP_z07_03_2,16,ZYK, INT, INT078, TP_z07_03_MKII, 29.08.2023," Basytec GSM, SN:GSM.x.62.43.0353", CH06, Binder MK240 #Planck, 23, 10,
2473,TP_z07_03_2,17,CU, INT, INT078, TP_z07_03_MKII, 02.10.2023, Basytec CTS.x13.00.0355, CH18/19, Binder MK240 #Planck, 23, 10,4.672862955482685
2474,TP_z07_03_2,18,ZYK, INT, INT078, TP_z07_03_MKII, 11.10.2023," Basytec GSM, SN:GSM.x.62.43.0353", CH06, Binder MK240 #Planck, 23, 10,
2475,TP_z07_03_2,19,exCU, INT, INT078, TP_z07_03_MKII, 09.11.2023, Basytec CTS.x13.00.0355, CH18/19, Binder MK240 #Planck, 23, 10,4.637268452479331
2476,TP_z07_03_2,20,ZYK, INT, INT078, TP_z07_03_MKII, 13.11.2023," Basytec GSM, SN:GSM.x.62.43.0353", CH06, Binder MK240 #Planck, 23, 10,
2477,TP_z07_03_2,21,CU, INT, INT078, TP_z07_03_MKII, 18.12.2023, Basytec CTS.x13.00.0355, CH18/19, Binder MK240 #Planck, 23, 10,4.62008308528714
2478,TP_z07_03_2,22,ZYK, INT, INT078, TP_z07_03_MKII, 19.12.2023," Basytec GSM, SN:GSM.x.62.43.0353", CH06, Binder MK240 #Planck, 23, 10,
2479,TP_z07_03_2,23,CU, INT, INT078, TP_z07_03_MKII, 17.01.2024, Basytec CTS.x13.00.0355, CH18/19, Binder MK240 #Planck, 23, 10,4.6027545504023895
2480,TP_z07_03_2,24,ZYK, INT, INT078, TP_z07_03_MKII, 19.01.2024," Basytec GSM, SN:GSM.x.62.43.0353", CH06, Binder MK240 #Planck, 23, 10,
2481,TP_z07_03_2,25,AT_T10, INT, INT078, TP_z07_03_MKII, 20.02.2024, Basytec CTS.x13.00.0355, CH24/25, Binder MK240 #Schroedinger, 10, 17,4.505201075788164
2482,TP_z07_03_2,25,AT_T45, INT, INT078, TP_z07_03_MKII, 23.02.2024, Basytec CTS.x13.00.0355, CH24/25, Binder MK240 #Schroedinger, 45, 17,4.6792000738943305
2483,TP_z07_03_2,25,AT_T23, INT, INT078, TP_z07_03_MKII, 26.02.2024, Basytec CTS.x13.00.0355, CH24/25, Binder MK240 #Schroedinger, 23, 17,4.608920171419428
2484,TP_z08_01_1,1,ET_T10, INT, INT022, z08, 12.10.2021," Basytec CTS, SN:CTS.X.13.00.0355", CH14/15, Binder MK240 #Planck, 10°C, 18,4.803387522212343
2485,TP_z08_01_1,1,ET_T23, INT, INT022, z08, 18.10.2021," Basytec CTS, SN:CTS.X.13.00.0355", CH14/15, Binder MK240 #Planck, 23°C, 18,4.862034300802053
2486,TP_z08_01_1,1,ET_T45, INT, INT022, z08, 15.10.2021," Basytec CTS, SN:CTS.X.13.00.0355", CH14/15, Binder MK240 #Planck, 45°C, 18,4.976488344437284
2487,TP_z08_01_1,2,ZYK, INT, INT022, z08, 02.11.2021," Basytec CTS, SN:CTS.X.13.00.0354", CH06/07, Binder MK240 #Schroedinger, 35°C, 14,
2488,TP_z08_01_1,3,CU, INT, INT022, z08, 12.11.2021," Basytec CTS, SN:CTS.X.13.00.0354", CH06/07, Binder MK240 #Schroedinger, 23°C, 14,4.850409215504911
2489,TP_z08_01_1,4,ZYK, INT, INT022, z08, 15.11.2021," Basytec CTS, SN:CTS.X.13.00.0354", CH06/07, Binder MK240 #Schroedinger, 35°C, 14,
2490,TP_z08_01_1,5,CU, INT, INT022, z08, 25.11.2021," Basytec CTS, SN:CTS.X.13.00.0354", CH06/07, Binder MK240 #Schroedinger, 23°C, 14,4.831670292809785
2491,TP_z08_01_1,6,ZYK, INT, INT022, z08, 26.11.2021," Basytec CTS, SN:CTS.X.13.00.0354", CH06/07, Binder MK240 #Schroedinger, 35°C, 14,
2492,TP_z08_01_1,7,exCU, INT, INT022, z08, 05.12.2021," Basytec CTS, SN:CTS.X.13.00.0354", CH06/07, Binder MK240 #Schroedinger, 23°C, 14,4.821797444052281
2493,TP_z08_01_1,8,ZYK, INT, INT022, z08, 10.12.2021," Basytec CTS, SN:CTS.X.13.00.0354", CH06/07, Binder MK240 #Schroedinger, 35°C, 14,
2494,TP_z08_01_1,9,CU, INT, INT022, z08, 26.12.2021," Basytec CTS, SN:CTS.X.13.00.0354", CH06/07, Binder MK240 #Schroedinger, 23°C, 14,4.801227736778627
2495,TP_z08_01_1,10,ZYK, INT, INT022, z08, 29.12.2021," Basytec CTS, SN:CTS.X.13.00.0354", CH06/07, Binder MK240 #Schroedinger, 35°C, 14,
2496,TP_z08_01_1,11,CU, INT, INT022, z08, 12.01.2022," Basytec CTS, SN:CTS.X.13.00.0354", CH06/07, Binder MK240 #Schroedinger, 23°C, 14,4.780677173083463
2497,TP_z08_01_1,12,ZYK, INT, INT022, z08, 21.01.2022," Basytec CTS, SN:CTS.X.13.00.0354", CH06/07, Binder MK240 #Schroedinger, 35°C, 14,
2498,TP_z08_01_1,13,exCU, INT, INT022, z08, 06.02.2022," Basytec CTS, SN:CTS.X.13.00.0354", CH06/07, Binder MK240 #Schroedinger, 23°C, 14,4.768956857981594
2499,TP_z08_01_1,14,ZYK, INT, INT022, z08, 11.02.2022," Basytec CTS, SN:CTS.X.13.00.0354", CH06/07, Binder MK240 #Schroedinger, 35°C, 14,
2500,TP_z08_01_1,15,CU, INT, INT022, z08, 14.03.2022," Basytec CTS, SN:CTS.X.13.00.0354", CH06/07, Binder MK240 #Schroedinger, 23°C, 14,4.742129914829871
2501,TP_z08_01_1,16,ZYK, INT, INT022, z08, 25.03.2022," Basytec CTS, SN:CTS.X.13.00.0354", CH06/07, Binder MK240 #Schroedinger, 35°C, 14,
2502,TP_z08_01_1,17,CU, INT, INT022, z08, 02.05.2022," Basytec CTS, SN:CTS.X.13.00.0354", CH06/07, Binder MK240 #Schroedinger, 23°C, 14,4.722296974063839
2503,TP_z08_01_1,18,ZYK, INT, INT022, z08, 09.05.2022," Basytec CTS, SN:CTS.X.13.00.0354", CH06/07, Binder MK240 #Schroedinger, 35°C, 14,
2504,TP_z08_01_1,19,exCU, INT, INT022, z08, 07.06.2022," Basytec CTS, SN:CTS.X.13.00.0354", CH06/07, Binder MK240 #Schroedinger, 23°C, 14,4.698462964336799
2505,TP_z08_01_1,20,ZYK, INT, INT022, z08, 13.06.2022," Basytec CTS, SN:CTS.X.13.00.0354", CH06/07, Binder MK240 #Schroedinger, 35°C, 14,
2506,TP_z08_01_1,21,CU, INT, INT022, z08, 18.07.2022," Basytec CTS, SN:CTS.X.13.00.0354", CH06/07, Binder MK240 #Schroedinger, 23°C, 14,4.677120787311683
2507,TP_z08_01_1,22,ZYK, INT, INT022, z08, 22.07.2022," Basytec CTS, SN:CTS.X.13.00.0354", CH06/07, Binder MK240 #Schroedinger, 35°C, 14,
2508,TP_z08_01_1,23,CU, INT, INT022, z08, 19.08.2022," Basytec CTS, SN:CTS.X.13.00.0354", CH06/07, Binder MK240 #Schroedinger, 23°C, 14,4.653877886526285
2509,TP_z08_01_1,24,ZYK, INT, INT022, z08, 23.08.2022," Basytec CTS, SN:CTS.X.13.00.0354", CH06/07, Binder MK240 #Schroedinger, 35°C, 14,
2510,TP_z08_01_1,25,AT_T23, INT, INT022, z08, 29.09.2022," Basytec CTS, SN:CTS.X.13.00.0354", CH06/07, Binder MK240 #Schroedinger, 23°C, 14,4.615816184240746
2511,TP_z08_01_1,25,AT_T45, INT, INT022, z08, 26.09.2022," Basytec CTS, SN:CTS.X.13.00.0354", CH06/07, Binder MK240 #Schroedinger, 45°C, 14,4.690675023996878
2512,TP_z08_01_1,25,AT_T10, INT, INT022, z08, 23.09.2022," Basytec CTS, SN:CTS.X.13.00.0354", CH06/07, Binder MK240 #Schroedinger, 10°C, 14,4.5663683178931755
2513,TP_z08_01_2,1,ET_T10, INT, INT191, TP_z08_01_MKII, 17.02.2023, Basytec CTS.x.13.00.0354, CH24/25, Binder MK240 #Schroedinger, 10, 13,4.705635520039721
2514,TP_z08_01_2,1,ET_T23, INT, INT191, TP_z08_01_MKII, 24.02.2023, Basytec CTS.x.13.00.0354, CH24/25, Binder MK240 #Schroedinger, 23, 13,4.84829569821447
2515,TP_z08_01_2,1,ET_T45, INT, INT191, TP_z08_01_MKII, 21.02.2023, Basytec CTS.x.13.00.0354, CH24/25, Binder MK240 #Schroedinger, 45, 13,4.94428903215552
2516,TP_z08_01_2,2,ZYK, INT, INT191, TP_z08_01_MKII, 26.04.2023," Basytec GSM, SN:GSM.x.62.43.0353", CH07, Binder MK240 #Schroedinger, 35, 21,
2517,TP_z08_01_2,3,CU, INT, INT191, TP_z08_01_MKII, 05.05.2023, Basytec CTS.x13.00.0355, CH26/27, Binder MK240 #Schroedinger, 23, 18,4.759160745457068
2518,TP_z08_01_2,4,ZYK, INT, INT191, TP_z08_01_MKII, 08.05.2023," Basytec GSM, SN:GSM.x.62.43.0353", CH07, Binder MK240 #Schroedinger, 35, 21,
2519,TP_z08_01_2,5,CU, INT, INT191, TP_z08_01_MKII, 16.05.2023, Basytec CTS.x13.00.0355, CH20/21, Binder MK240 #Schroedinger, 23, 15,4.74739378326503
2520,TP_z08_01_2,6,ZYK, INT, INT191, TP_z08_01_MKII, 17.05.2023," Basytec GSM, SN:GSM.x.62.43.0353", CH07, Binder MK240 #Schroedinger, 35, 21,
2521,TP_z08_01_2,7,exCU, INT, INT191, TP_z08_01_MKII, 25.05.2023, Basytec CTS.x13.00.0355, CH20/21, Binder MK240 #Schroedinger, 23, 15,4.732805137540538
2522,TP_z08_01_2,8,ZYK, INT, INT191, TP_z08_01_MKII, 26.05.2023," Basytec GSM, SN:GSM.x.62.43.0353", CH07, Binder MK240 #Schroedinger, 35, 21,
2523,TP_z08_01_2,9,CU, INT, INT191, TP_z08_01_MKII, 12.06.2023, Basytec CTS.x13.00.0355, CH20/21, Binder MK240 #Schroedinger, 23, 15,4.70928293964624
2524,TP_z08_01_2,10,ZYK, INT, INT191, TP_z08_01_MKII, 14.06.2023," Basytec GSM, SN:GSM.x.62.43.0353", CH07, Binder MK240 #Schroedinger, 35, 21,
2525,TP_z08_01_2,11,CU, INT, INT191, TP_z08_01_MKII, 29.06.2023, Basytec CTS.x13.00.0355, CH20/21, Binder MK240 #Schroedinger, 23, 15,4.687028004232971
2526,TP_z08_01_2,12,ZYK, INT, INT191, TP_z08_01_MKII, 30.06.2023," Basytec GSM, SN:GSM.x.62.43.0353", CH07, Binder MK240 #Schroedinger, 35, 21,
2527,TP_z08_01_2,13,exCU, INT, INT191, TP_z08_01_MKII, 19.07.2023, Basytec CTS.x13.00.0355, CH20/21, Binder MK240 #Schroedinger, 23, 15,4.669780891446412
2528,TP_z08_01_2,14,ZYK, INT, INT191, TP_z08_01_MKII, 25.07.2023," Basytec GSM, SN:GSM.x.62.43.0353", CH07, Binder MK240 #Schroedinger, 35, 21,
2529,TP_z08_01_2,15,CU, INT, INT191, TP_z08_01_MKII, 24.08.2023, Basytec CTS.x13.00.0355, CH20/21, Binder MK240 #Schroedinger, 23, 15,4.637607626220664
2530,TP_z08_01_2,16,ZYK, INT, INT191, TP_z08_01_MKII, 29.08.2023," Basytec GSM, SN:GSM.x.62.43.0353", CH07, Binder MK240 #Schroedinger, 35, 21,
2531,TP_z08_01_2,17,CU, INT, INT191, TP_z08_01_MKII, 10.10.2023, Basytec CTS.x13.00.0355, CH20/21, Binder MK240 #Schroedinger, 23, 15,4.610877153516806
2532,TP_z08_01_2,18,ZYK, INT, INT191, TP_z08_01_MKII, 11.10.2023," Basytec GSM, SN:GSM.x.62.43.0353", CH07, Binder MK240 #Schroedinger, 35, 21,
2533,TP_z08_01_2,19,exCU, INT, INT191, TP_z08_01_MKII, 09.11.2023, Basytec CTS.x.13.00.0354, CH06/07, Binder MK240 #Schroedinger, 23, 4,4.590646335296251
2534,TP_z08_01_2,20,ZYK, INT, INT191, TP_z08_01_MKII, 13.11.2023," Basytec GSM, SN:GSM.x.62.43.0353", CH07, Binder MK240 #Schroedinger, 35, 21,
2535,TP_z08_01_2,21,CU, INT, INT191, TP_z08_01_MKII, 18.12.2023, Basytec CTS.x.13.00.0354, CH06/07, Binder MK240 #Schroedinger, 23, 4,4.569132358154697
2536,TP_z08_01_2,22,ZYK, INT, INT191, TP_z08_01_MKII, 19.12.2023," Basytec GSM, SN:GSM.x.62.43.0353", CH07, Binder MK240 #Schroedinger, 35, 21,
2537,TP_z08_01_2,23,CU, INT, INT191, TP_z08_01_MKII, 17.01.2024, Basytec CTS.x.13.00.0354, CH06/07, Binder MK240 #Schroedinger, 23, 4,4.550012354464156
2538,TP_z08_01_2,24,ZYK, INT, INT191, TP_z08_01_MKII, 19.01.2024," Basytec GSM, SN:GSM.x.62.43.0353", CH07, Binder MK240 #Schroedinger, 35, 21,
2539,TP_z08_01_2,25,AT_T23, INT, INT191, TP_z08_01_MKII, 26.02.2024, Basytec CTS.x13.00.0355, CH26/27, Binder MK240 #Schroedinger, 23, 18,4.5439578613723315
2540,TP_z08_01_2,25,AT_T45, INT, INT191, TP_z08_01_MKII, 23.02.2024, Basytec CTS.x13.00.0355, CH26/27, Binder MK240 #Schroedinger, 45, 18,4.621766760032958
2541,TP_z08_01_2,25,AT_T10, INT, INT191, TP_z08_01_MKII, 20.02.2024, Basytec CTS.x13.00.0355, CH26/27, Binder MK240 #Schroedinger, 10, 18,4.414698844679872
2542,TP_z08_02_1,1,ET_T10, INT, INT023, z08, 12.10.2021," Basytec CTS, SN:CTS.X.13.00.0355", CH16/17, Binder MK240 #Planck, 10°C, 19,4.802334524372578
2543,TP_z08_02_1,1,ET_T23, INT, INT023, z08, 18.10.2021," Basytec CTS, SN:CTS.X.13.00.0355", CH16/17, Binder MK240 #Planck, 23°C, 19,4.868850789231444
2544,TP_z08_02_1,1,ET_T45, INT, INT023, z08, 15.10.2021," Basytec CTS, SN:CTS.X.13.00.0355", CH16/17, Binder MK240 #Planck, 45°C, 19,4.987642366783652
2545,TP_z08_02_1,2,ZYK, INT, INT023, z08, 02.11.2021," Basytec CTS, SN:CTS.X.13.00.0354", CH08/09, Binder MK240 #Schroedinger, 35°C, 15,
2546,TP_z08_02_1,3,CU, INT, INT023, z08, 12.11.2021," Basytec CTS, SN:CTS.X.13.00.0354", CH08/09, Binder MK240 #Schroedinger, 23°C, 15,4.85664389257667
2547,TP_z08_02_1,4,ZYK, INT, INT023, z08, 15.11.2021," Basytec CTS, SN:CTS.X.13.00.0354", CH08/09, Binder MK240 #Schroedinger, 35°C, 15,
2548,TP_z08_02_1,5,CU, INT, INT023, z08, 25.11.2021," Basytec CTS, SN:CTS.X.13.00.0354", CH08/09, Binder MK240 #Schroedinger, 23°C, 15,4.838153379097568
2549,TP_z08_02_1,6,ZYK, INT, INT023, z08, 26.11.2021," Basytec CTS, SN:CTS.X.13.00.0354", CH08/09, Binder MK240 #Schroedinger, 35°C, 15,
2550,TP_z08_02_1,7,exCU, INT, INT023, z08, 05.12.2021," Basytec CTS, SN:CTS.X.13.00.0354", CH08/09, Binder MK240 #Schroedinger, 23°C, 15,4.827625586254168
2551,TP_z08_02_1,8,ZYK, INT, INT023, z08, 10.12.2021," Basytec CTS, SN:CTS.X.13.00.0354", CH08/09, Binder MK240 #Schroedinger, 35°C, 15,
2552,TP_z08_02_1,9,CU, INT, INT023, z08, 26.12.2021," Basytec CTS, SN:CTS.X.13.00.0354", CH08/09, Binder MK240 #Schroedinger, 23°C, 15,4.809992664713626
2553,TP_z08_02_1,10,ZYK, INT, INT023, z08, 29.12.2021," Basytec CTS, SN:CTS.X.13.00.0354", CH08/09, Binder MK240 #Schroedinger, 35°C, 15,
2554,TP_z08_02_1,11,CU, INT, INT023, z08, 12.01.2022," Basytec CTS, SN:CTS.X.13.00.0354", CH08/09, Binder MK240 #Schroedinger, 23°C, 15,4.792125266502074
2555,TP_z08_02_1,12,ZYK, INT, INT023, z08, 21.01.2022," Basytec CTS, SN:CTS.X.13.00.0354", CH08/09, Binder MK240 #Schroedinger, 35°C, 15,
2556,TP_z08_02_1,13,exCU, INT, INT023, z08, 06.02.2022," Basytec CTS, SN:CTS.X.13.00.0354", CH08/09, Binder MK240 #Schroedinger, 23°C, 15,4.779563903573626
2557,TP_z08_02_1,14,ZYK, INT, INT023, z08, 11.02.2022," Basytec CTS, SN:CTS.X.13.00.0354", CH08/09, Binder MK240 #Schroedinger, 35°C, 15,
2558,TP_z08_02_1,15,CU, INT, INT023, z08, 14.03.2022," Basytec CTS, SN:CTS.X.13.00.0354", CH08/09, Binder MK240 #Schroedinger, 23°C, 15,4.754308924688366
2559,TP_z08_02_1,16,ZYK, INT, INT023, z08, 25.03.2022," Basytec CTS, SN:CTS.X.13.00.0354", CH08/09, Binder MK240 #Schroedinger, 35°C, 15,
2560,TP_z08_02_1,17,CU, INT, INT023, z08, 02.05.2022," Basytec CTS, SN:CTS.X.13.00.0354", CH08/09, Binder MK240 #Schroedinger, 23°C, 15,4.733585494059214
2561,TP_z08_02_1,18,ZYK, INT, INT023, z08, 09.05.2022," Basytec CTS, SN:CTS.X.13.00.0354", CH08/09, Binder MK240 #Schroedinger, 35°C, 15,
2562,TP_z08_02_1,19,exCU, INT, INT023, z08, 07.06.2022," Basytec CTS, SN:CTS.X.13.00.0354", CH08/09, Binder MK240 #Schroedinger, 35°C, 15,4.709589459097629
2563,TP_z08_02_1,20,ZYK, INT, INT023, z08, 13.06.2022," Basytec CTS, SN:CTS.X.13.00.0354", CH08/09, Binder MK240 #Schroedinger, 35°C, 15,
2564,TP_z08_02_1,21,CU, INT, INT023, z08, 18.07.2022," Basytec CTS, SN:CTS.X.13.00.0354", CH08/09, Binder MK240 #Schroedinger, 23°C, 15,4.68720450086742
2565,TP_z08_02_1,22,ZYK, INT, INT023, z08, 22.07.2022," Basytec CTS, SN:CTS.X.13.00.0354", CH08/09, Binder MK240 #Schroedinger, 35°C, 15,
2566,TP_z08_02_1,23,CU, INT, INT023, z08, 19.08.2022," Basytec CTS, SN:CTS.X.13.00.0354", CH08/09, Binder MK240 #Schroedinger, 23°C, 15,4.6637776653670135
2567,TP_z08_02_1,24,ZYK, INT, INT023, z08, 23.08.2022," Basytec CTS, SN:CTS.X.13.00.0354", CH08/09, Binder MK240 #Schroedinger, 35°C, 15,
2568,TP_z08_02_1,25,AT_T23, INT, INT023, z08, 29.09.2022," Basytec CTS, SN:CTS.X.13.00.0354", CH08/09, Binder MK240 #Schroedinger, 23°C, 15,4.621704773777383
2569,TP_z08_02_1,25,AT_T45, INT, INT023, z08, 26.09.2022," Basytec CTS, SN:CTS.X.13.00.0354", CH08/09, Binder MK240 #Schroedinger, 45°C, 15,4.689946186331159
2570,TP_z08_02_1,25,AT_T10, INT, INT023, z08, 23.09.2022," Basytec CTS, SN:CTS.X.13.00.0354", CH08/09, Binder MK240 #Schroedinger, 10°C, 15,4.573363698007664
2571,TP_z08_02_2,1,ET_T10, INT, INT061, TP_z08_02_MKII, 17.02.2023, Basytec CTS.x.13.00.0354, CH26/27, Binder MK240 #Schroedinger, 10, 14,4.706183582363834
2572,TP_z08_02_2,1,ET_T23, INT, INT061, TP_z08_02_MKII, 24.02.2023, Basytec CTS.x.13.00.0354, CH26/27, Binder MK240 #Schroedinger, 23, 14,4.84516899640475
2573,TP_z08_02_2,1,ET_T45, INT, INT061, TP_z08_02_MKII, 21.02.2023, Basytec CTS.x.13.00.0354, CH26/27, Binder MK240 #Schroedinger, 45, 14,4.9369293398219884
2574,TP_z08_02_2,2,ZYK, INT, INT061, TP_z08_02_MKII, 26.04.2023," Basytec GSM, SN:GSM.x.62.43.0353", CH08, Binder MK240 #Schroedinger, 35, 22,
2575,TP_z08_02_2,3,CU, INT, INT061, TP_z08_02_MKII, 05.05.2023, Basytec CTS.x13.00.0355, CH28/29, Binder MK240 #Schroedinger, 23, 19,4.772148997051152
2576,TP_z08_02_2,4,ZYK, INT, INT061, TP_z08_02_MKII, 08.05.2023," Basytec GSM, SN:GSM.x.62.43.0353", CH08, Binder MK240 #Schroedinger, 35, 22,
2577,TP_z08_02_2,5,CU, INT, INT061, TP_z08_02_MKII, 16.05.2023, Basytec CTS.x13.00.0355, CH22/23, Binder MK240 #Schroedinger, 23, 16,4.75185110596845
2578,TP_z08_02_2,6,ZYK, INT, INT061, TP_z08_02_MKII, 17.05.2023," Basytec GSM, SN:GSM.x.62.43.0353", CH08, Binder MK240 #Schroedinger, 35, 22,
2579,TP_z08_02_2,7,exCU, INT, INT061, TP_z08_02_MKII, 25.05.2023, Basytec CTS.x13.00.0355, CH22/23, Binder MK240 #Schroedinger, 23, 16,4.736898664886982
2580,TP_z08_02_2,8,ZYK, INT, INT061, TP_z08_02_MKII, 26.05.2023," Basytec GSM, SN:GSM.x.62.43.0353", CH08, Binder MK240 #Schroedinger, 35, 22,
2581,TP_z08_02_2,9,CU, INT, INT061, TP_z08_02_MKII, 12.06.2023, Basytec CTS.x13.00.0355, CH22/23, Binder MK240 #Schroedinger, 23, 16,4.71135562338192
2582,TP_z08_02_2,10,ZYK, INT, INT061, TP_z08_02_MKII, 14.06.2023," Basytec GSM, SN:GSM.x.62.43.0353", CH08, Binder MK240 #Schroedinger, 35, 22,
2583,TP_z08_02_2,11,CU, INT, INT061, TP_z08_02_MKII, 29.06.2023, Basytec CTS.x13.00.0355, CH22/23, Binder MK240 #Schroedinger, 23, 16,4.6934489952185645
2584,TP_z08_02_2,12,ZYK, INT, INT061, TP_z08_02_MKII, 30.06.2023," Basytec GSM, SN:GSM.x.62.43.0353", CH08, Binder MK240 #Schroedinger, 35, 22,
2585,TP_z08_02_2,13,exCU, INT, INT061, TP_z08_02_MKII, 19.07.2023, Basytec CTS.x13.00.0355, CH22/23, Binder MK240 #Schroedinger, 23, 16,4.6733717965977934
2586,TP_z08_02_2,14,ZYK, INT, INT061, TP_z08_02_MKII, 25.07.2023," Basytec GSM, SN:GSM.x.62.43.0353", CH08, Binder MK240 #Schroedinger, 35, 22,
2587,TP_z08_02_2,15,CU, INT, INT061, TP_z08_02_MKII, 24.08.2023, Basytec CTS.x13.00.0355, CH22/23, Binder MK240 #Schroedinger, 23, 16,4.640737690178641
2588,TP_z08_02_2,16,ZYK, INT, INT061, TP_z08_02_MKII, 29.08.2023," Basytec GSM, SN:GSM.x.62.43.0353", CH08, Binder MK240 #Schroedinger, 35, 22,
2589,TP_z08_02_2,17,CU, INT, INT061, TP_z08_02_MKII, 10.10.2023, Basytec CTS.x13.00.0355, CH22/23, Binder MK240 #Schroedinger, 23, 16,4.615861030715143
2590,TP_z08_02_2,18,ZYK, INT, INT061, TP_z08_02_MKII, 11.10.2023," Basytec GSM, SN:GSM.x.62.43.0353", CH08, Binder MK240 #Schroedinger, 35, 22,
2591,TP_z08_02_2,19,exCU, INT, INT061, TP_z08_02_MKII, 09.11.2023, Basytec CTS.x.13.00.0354, CH08/09, Binder MK240 #Schroedinger, 23, 5,4.588742475227438
2592,TP_z08_02_2,20,ZYK, INT, INT061, TP_z08_02_MKII, 13.11.2023," Basytec GSM, SN:GSM.x.62.43.0353", CH08, Binder MK240 #Schroedinger, 35, 22,
2593,TP_z08_02_2,21,CU, INT, INT061, TP_z08_02_MKII, 18.12.2023, Basytec CTS.x.13.00.0354, CH08/09, Binder MK240 #Schroedinger, 23, 5,4.565964907863627
2594,TP_z08_02_2,22,ZYK, INT, INT061, TP_z08_02_MKII, 19.12.2023," Basytec GSM, SN:GSM.x.62.43.0353", CH08, Binder MK240 #Schroedinger, 35, 22,
2595,TP_z08_02_2,23,CU, INT, INT061, TP_z08_02_MKII, 17.01.2024, Basytec CTS.x.13.00.0354, CH08/09, Binder MK240 #Schroedinger, 23, 5,4.546832338008989
2596,TP_z08_02_2,24,ZYK, INT, INT061, TP_z08_02_MKII, 19.01.2024," Basytec GSM, SN:GSM.x.62.43.0353", CH08, Binder MK240 #Schroedinger, 35, 22,
2597,TP_z08_02_2,25,AT_T23, INT, INT061, TP_z08_02_MKII, 26.02.2024, Basytec CTS.x13.00.0355, CH28/29, Binder MK240 #Schroedinger, 23, 19,4.556004339421735
2598,TP_z08_02_2,25,AT_T45, INT, INT061, TP_z08_02_MKII, 23.02.2024, Basytec CTS.x13.00.0355, CH28/29, Binder MK240 #Schroedinger, 45, 19,4.626264396085633
2599,TP_z08_02_2,25,AT_T10, INT, INT061, TP_z08_02_MKII, 20.02.2024, Basytec CTS.x13.00.0355, CH28/29, Binder MK240 #Schroedinger, 10, 19,4.439052321957037
2600,TP_z08_03_1,1,ET_T45, INT, INT024, z08, 15.10.2021," Basytec CTS, SN:CTS.X.13.00.0355", CH18/19, Binder MK240 #Planck, 45°C, 21,5.001607389781666
2601,TP_z08_03_1,1,ET_T23, INT, INT024, z08, 18.10.2021," Basytec CTS, SN:CTS.X.13.00.0355", CH18/19, Binder MK240 #Planck, 23°C, 21,4.890574604278264
2602,TP_z08_03_1,1,ET_T10, INT, INT024, z08, 12.10.2021," Basytec CTS, SN:CTS.X.13.00.0355", CH18/19, Binder MK240 #Planck, 10°C, 21,4.865212143083405
2603,TP_z08_03_1,2,ZYK, INT, INT024, z08, 02.11.2021," Basytec CTS, SN:CTS.X.13.00.0354", CH10/11, Binder MK240 #Schroedinger, 35°C, 16,
2604,TP_z08_03_1,3,CU, INT, INT024, z08, 12.11.2021," Basytec CTS, SN:CTS.X.13.00.0354", CH10/11, Binder MK240 #Schroedinger, 23°C, 16,4.866346554807979
2605,TP_z08_03_1,4,ZYK, INT, INT024, z08, 15.11.2021," Basytec CTS, SN:CTS.X.13.00.0354", CH10/11, Binder MK240 #Schroedinger, 35°C, 16,
2606,TP_z08_03_1,5,CU, INT, INT024, z08, 25.11.2021," Basytec CTS, SN:CTS.X.13.00.0354", CH10/11, Binder MK240 #Schroedinger, 23°C, 16,4.84653493051513
2607,TP_z08_03_1,6,ZYK, INT, INT024, z08, 26.11.2021," Basytec CTS, SN:CTS.X.13.00.0354", CH10/11, Binder MK240 #Schroedinger, 35°C, 16,
2608,TP_z08_03_1,7,exCU, INT, INT024, z08, 05.12.2021," Basytec CTS, SN:CTS.X.13.00.0354", CH10/11, Binder MK240 #Schroedinger, 23°C, 16,4.835781485258105
2609,TP_z08_03_1,8,ZYK, INT, INT024, z08, 10.12.2021," Basytec CTS, SN:CTS.X.13.00.0354", CH10/11, Binder MK240 #Schroedinger, 35°C, 16,
2610,TP_z08_03_1,9,CU, INT, INT024, z08, 26.12.2021," Basytec CTS, SN:CTS.X.13.00.0354", CH10/11, Binder MK240 #Schroedinger, 23°C, 16,4.814937084375709
2611,TP_z08_03_1,10,ZYK, INT, INT024, z08, 29.12.2021," Basytec CTS, SN:CTS.X.13.00.0354", CH10/11, Binder MK240 #Schroedinger, 35°C, 16,
2612,TP_z08_03_1,11,CU, INT, INT024, z08, 12.01.2022," Basytec CTS, SN:CTS.X.13.00.0354", CH10/11, Binder MK240 #Schroedinger, 23°C, 16,4.796105144733319
2613,TP_z08_03_1,12,ZYK, INT, INT024, z08, 21.01.2022," Basytec CTS, SN:CTS.X.13.00.0354", CH10/11, Binder MK240 #Schroedinger, 35°C, 16,
2614,TP_z08_03_1,13,exCU, INT, INT024, z08, 06.02.2022," Basytec CTS, SN:CTS.X.13.00.0354", CH10/11, Binder MK240 #Schroedinger, 23°C, 16,4.782897882041421
2615,TP_z08_03_1,14,ZYK, INT, INT024, z08, 11.02.2022," Basytec CTS, SN:CTS.X.13.00.0354", CH10/11, Binder MK240 #Schroedinger, 35°C, 16,
2616,TP_z08_03_1,15,CU, INT, INT024, z08, 14.03.2022," Basytec CTS, SN:CTS.X.13.00.0354", CH10/11, Binder MK240 #Schroedinger, 23°C, 16,4.754243421813457
2617,TP_z08_03_1,16,ZYK, INT, INT024, z08, 25.03.2022," Basytec CTS, SN:CTS.X.13.00.0354", CH10/11, Binder MK240 #Schroedinger, 35°C, 16,
2618,TP_z08_03_1,17,CU, INT, INT024, z08, 02.05.2022," Basytec CTS, SN:CTS.X.13.00.0354", CH10/11, Binder MK240 #Schroedinger, 23°C, 16,4.731232807577996
2619,TP_z08_03_1,18,ZYK, INT, INT024, z08, 09.05.2022," Basytec CTS, SN:CTS.X.13.00.0354", CH10/11, Binder MK240 #Schroedinger, 35°C, 16,
2620,TP_z08_03_1,19,exCU, INT, INT024, z08, 07.06.2022," Basytec CTS, SN:CTS.X.13.00.0354", CH10/11, Binder MK240 #Schroedinger, 23°C, 16,4.70454142583827
2621,TP_z08_03_1,20,ZYK, INT, INT024, z08, 13.06.2022," Basytec CTS, SN:CTS.X.13.00.0354", CH10/11, Binder MK240 #Schroedinger, 35°C, 16,
2622,TP_z08_03_1,21,CU, INT, INT024, z08, 18.07.2022," Basytec CTS, SN:CTS.X.13.00.0354", CH10/11, Binder MK240 #Schroedinger, 23°C, 16,4.682495069872196
2623,TP_z08_03_1,22,ZYK, INT, INT024, z08, 22.07.2022," Basytec CTS, SN:CTS.X.13.00.0354", CH10/11, Binder MK240 #Schroedinger, 35°C, 16,
2624,TP_z08_03_1,23,CU, INT, INT024, z08, 19.08.2022," Basytec CTS, SN:CTS.X.13.00.0354", CH10/11, Binder MK240 #Schroedinger, 23°C, 16,4.655746560220807
2625,TP_z08_03_1,24,ZYK, INT, INT024, z08, 23.08.2022," Basytec CTS, SN:CTS.X.13.00.0354", CH10/11, Binder MK240 #Schroedinger, 35°C, 16,
2626,TP_z08_03_1,25,AT_T10, INT, INT024, z08, 23.09.2022," Basytec CTS, SN:CTS.X.13.00.0354", CH10/11, Binder MK240 #Schroedinger, 10°C, 16,4.56776489037699
2627,TP_z08_03_1,25,AT_T45, INT, INT024, z08, 26.09.2022," Basytec CTS, SN:CTS.X.13.00.0354", CH10/11, Binder MK240 #Schroedinger, 45°C, 16,4.681666104830089
2628,TP_z08_03_1,25,AT_T23, INT, INT024, z08, 29.09.2022," Basytec CTS, SN:CTS.X.13.00.0354", CH10/11, Binder MK240 #Schroedinger, 23°C, 16,4.610910339520043
2629,TP_z08_03_2,1,ET_T45, INT, INT060, TP_z08_03_MKII, 21.02.2023, Basytec CTS.x.13.00.0354, CH28/29, Binder MK240 #Schroedinger, 45, 15,4.936603171750489
2630,TP_z08_03_2,1,ET_T23, INT, INT060, TP_z08_03_MKII, 24.02.2023, Basytec CTS.x.13.00.0354, CH28/29, Binder MK240 #Schroedinger, 23, 15,4.8464326580049875
2631,TP_z08_03_2,1,ET_T10, INT, INT060, TP_z08_03_MKII, 17.02.2023, Basytec CTS.x.13.00.0354, CH28/29, Binder MK240 #Schroedinger, 10, 15,4.698925238797544
2632,TP_z08_03_2,2,ZYK, INT, INT060, TP_z08_03_MKII, 26.04.2023," Basytec GSM, SN:GSM.x.62.43.0353", CH09, Binder MK240 #Schroedinger, 35, 23,
2633,TP_z08_03_2,3,CU, INT, INT060, TP_z08_03_MKII, 05.05.2023, Basytec CTS.x13.00.0355, CH30/31, Binder MK240 #Schroedinger, 23, 20,4.768651258837638
2634,TP_z08_03_2,4,ZYK, INT, INT060, TP_z08_03_MKII, 08.05.2023," Basytec GSM, SN:GSM.x.62.43.0353", CH09, Binder MK240 #Schroedinger, 35, 23,
2635,TP_z08_03_2,5,CU, INT, INT060, TP_z08_03_MKII, 16.05.2023, Basytec CTS.x13.00.0355, CH24/25, Binder MK240 #Schroedinger, 23, 17,4.753035630376466
2636,TP_z08_03_2,6,ZYK, INT, INT060, TP_z08_03_MKII, 17.05.2023," Basytec GSM, SN:GSM.x.62.43.0353", CH09, Binder MK240 #Schroedinger, 35, 23,
2637,TP_z08_03_2,7,exCU, INT, INT060, TP_z08_03_MKII, 25.05.2023, Basytec CTS.x13.00.0355, CH24/25, Binder MK240 #Schroedinger, 23, 17,4.739928990256685
2638,TP_z08_03_2,8,ZYK, INT, INT060, TP_z08_03_MKII, 26.05.2023," Basytec GSM, SN:GSM.x.62.43.0353", CH09, Binder MK240 #Schroedinger, 35, 23,
2639,TP_z08_03_2,9,CU, INT, INT060, TP_z08_03_MKII, 12.06.2023, Basytec CTS.x13.00.0355, CH24/25, Binder MK240 #Schroedinger, 23, 17,4.71897699360747
2640,TP_z08_03_2,10,ZYK, INT, INT060, TP_z08_03_MKII, 14.06.2023," Basytec GSM, SN:GSM.x.62.43.0353", CH09, Binder MK240 #Schroedinger, 35, 23,
2641,TP_z08_03_2,11,CU, INT, INT060, TP_z08_03_MKII, 29.06.2023, Basytec CTS.x13.00.0355, CH24/25, Binder MK240 #Schroedinger, 23, 17,4.700174710701732
2642,TP_z08_03_2,12,ZYK, INT, INT060, TP_z08_03_MKII, 30.06.2023," Basytec GSM, SN:GSM.x.62.43.0353", CH09, Binder MK240 #Schroedinger, 35, 23,
2643,TP_z08_03_2,13,exCU, INT, INT060, TP_z08_03_MKII, 19.07.2023, Basytec CTS.x13.00.0355, CH24/25, Binder MK240 #Schroedinger, 23, 17,4.680282023942312
2644,TP_z08_03_2,14,ZYK, INT, INT060, TP_z08_03_MKII, 25.07.2023," Basytec GSM, SN:GSM.x.62.43.0353", CH09, Binder MK240 #Schroedinger, 35, 23,
2645,TP_z08_03_2,15,CU, INT, INT060, TP_z08_03_MKII, 24.08.2023, Basytec CTS.x13.00.0355, CH24/25, Binder MK240 #Schroedinger, 23, 17,4.661041436436978
2646,TP_z08_03_2,16,ZYK, INT, INT060, TP_z08_03_MKII, 29.08.2023," Basytec GSM, SN:GSM.x.62.43.0353", CH09, Binder MK240 #Schroedinger, 35, 23,
2647,TP_z08_03_2,17,CU, INT, INT060, TP_z08_03_MKII, 10.10.2023, Basytec CTS.x13.00.0355, CH24/25, Binder MK240 #Schroedinger, 23, 17,4.6249425350387305
2648,TP_z08_03_2,18,ZYK, INT, INT060, TP_z08_03_MKII, 11.10.2023," Basytec GSM, SN:GSM.x.62.43.0353", CH09, Binder MK240 #Schroedinger, 35, 23,
2649,TP_z08_03_2,19,exCU, INT, INT060, TP_z08_03_MKII, 09.11.2023, Basytec CTS.x.13.00.0354, CH10/11, Binder MK240 #Schroedinger, 23, 6,4.594655625544828
2650,TP_z08_03_2,20,ZYK, INT, INT060, TP_z08_03_MKII, 13.11.2023," Basytec GSM, SN:GSM.x.62.43.0353", CH09, Binder MK240 #Schroedinger, 35, 23,
2651,TP_z08_03_2,21,CU, INT, INT060, TP_z08_03_MKII, 18.12.2023, Basytec CTS.x.13.00.0354, CH10/11, Binder MK240 #Schroedinger, 23, 6,4.573159681996397
2652,TP_z08_03_2,22,ZYK, INT, INT060, TP_z08_03_MKII, 19.12.2023," Basytec GSM, SN:GSM.x.62.43.0353", CH09, Binder MK240 #Schroedinger, 35, 23,
2653,TP_z08_03_2,23,CU, INT, INT060, TP_z08_03_MKII, 17.01.2024, Basytec CTS.x.13.00.0354, CH10/11, Binder MK240 #Schroedinger, 23, 6,4.5531697873303525
2654,TP_z08_03_2,24,ZYK, INT, INT060, TP_z08_03_MKII, 19.01.2024," Basytec GSM, SN:GSM.x.62.43.0353", CH09, Binder MK240 #Schroedinger, 35, 23,
2655,TP_z08_03_2,25,AT_T10, INT, INT060, TP_z08_03_MKII, 20.02.2024, Basytec CTS.x13.00.0355, CH30/31, Binder MK240 #Schroedinger, 10, 20,4.442604264523521
2656,TP_z08_03_2,25,AT_T45, INT, INT060, TP_z08_03_MKII, 23.02.2024, Basytec CTS.x13.00.0355, CH30/31, Binder MK240 #Schroedinger, 45, 20,4.632070034630168
2657,TP_z08_03_2,25,AT_T23, INT, INT060, TP_z08_03_MKII, 26.02.2024, Basytec CTS.x13.00.0355, CH30/31, Binder MK240 #Schroedinger, 23, 20,4.560157940912356
2658,TP_z09_01_1,1,ET_T10, INT, INT025, z09, 12.10.2021," Basytec CTS, SN:CTS.X.13.00.0355", CH20/21, Binder MK240 #Planck, 10°C, 22,4.820559791331924
2659,TP_z09_01_1,1,ET_T45, INT, INT025, z09, 15.10.2021," Basytec CTS, SN:CTS.X.13.00.0355", CH20/21, Binder MK240 #Planck, 45°C, 22,4.989031005234361
2660,TP_z09_01_1,1,ET_T23, INT, INT025, z09, 18.10.2021," Basytec CTS, SN:CTS.X.13.00.0355", CH20/21, Binder MK240 #Planck, 23°C, 22,4.872095943305691
2661,TP_z09_01_1,2,ZYK, INT, INT025, z09, 02.11.2021," Basytec CTS, SN:CTS.X.13.00.0354", CH12/13, Binder MK240 #Schroedinger, 35°C, 17,
2662,TP_z09_01_1,3,CU, INT, INT025, z09, 12.11.2021," Basytec CTS, SN:CTS.X.13.00.0354", CH12/13, Binder MK240 #Schroedinger, 23°C, 17,4.859913296867623
2663,TP_z09_01_1,4,ZYK, INT, INT025, z09, 15.11.2021," Basytec CTS, SN:CTS.X.13.00.0354", CH12/13, Binder MK240 #Schroedinger, 35°C, 17,
2664,TP_z09_01_1,5,CU, INT, INT025, z09, 25.11.2021," Basytec CTS, SN:CTS.X.13.00.0354", CH12/13, Binder MK240 #Schroedinger, 23°C, 17,4.8467740218318145
2665,TP_z09_01_1,6,ZYK, INT, INT025, z09, 26.11.2021," Basytec CTS, SN:CTS.X.13.00.0354", CH12/13, Binder MK240 #Schroedinger, 35°C, 17,
2666,TP_z09_01_1,7,exCU, INT, INT025, z09, 05.12.2021," Basytec CTS, SN:CTS.X.13.00.0354", CH12/13, Binder MK240 #Schroedinger, 23°C, 17,4.8384478035677345
2667,TP_z09_01_1,8,ZYK, INT, INT025, z09, 10.12.2021," Basytec CTS, SN:CTS.X.13.00.0354", CH12/13, Binder MK240 #Schroedinger, 35°C, 17,
2668,TP_z09_01_1,9,CU, INT, INT025, z09, 26.12.2021," Basytec CTS, SN:CTS.X.13.00.0354", CH12/13, Binder MK240 #Schroedinger, 23°C, 17,4.824251198439521
2669,TP_z09_01_1,10,ZYK, INT, INT025, z09, 29.12.2021," Basytec CTS, SN:CTS.X.13.00.0354", CH12/13, Binder MK240 #Schroedinger, 35°C, 17,
2670,TP_z09_01_1,11,CU, INT, INT025, z09, 12.01.2022," Basytec CTS, SN:CTS.X.13.00.0354", CH12/13, Binder MK240 #Schroedinger, 23°C, 17,4.810961467904035
2671,TP_z09_01_1,12,ZYK, INT, INT025, z09, 21.01.2022," Basytec CTS, SN:CTS.X.13.00.0354", CH12/13, Binder MK240 #Schroedinger, 35°C, 17,
2672,TP_z09_01_1,13,exCU, INT, INT025, z09, 06.02.2022," Basytec CTS, SN:CTS.X.13.00.0354", CH12/13, Binder MK240 #Schroedinger, 23°C, 17,4.802916380683692
2673,TP_z09_01_1,14,ZYK, INT, INT025, z09, 11.02.2022," Basytec CTS, SN:CTS.X.13.00.0354", CH12/13, Binder MK240 #Schroedinger, 35°C, 17,
2674,TP_z09_01_1,15,CU, INT, INT025, z09, 14.03.2022," Basytec CTS, SN:CTS.X.13.00.0354", CH12/13, Binder MK240 #Schroedinger, 23°C, 17,4.783644657379792
2675,TP_z09_01_1,16,ZYK, INT, INT025, z09, 25.03.2022," Basytec CTS, SN:CTS.X.13.00.0354", CH12/13, Binder MK240 #Schroedinger, 35°C, 17,
2676,TP_z09_01_1,17,CU, INT, INT025, z09, 02.05.2022," Basytec CTS, SN:CTS.X.13.00.0354", CH12/13, Binder MK240 #Schroedinger, 23°C, 17,4.770511360653187
2677,TP_z09_01_1,18,ZYK, INT, INT025, z09, 09.05.2022," Basytec CTS, SN:CTS.X.13.00.0354", CH12/13, Binder MK240 #Schroedinger, 35°C, 17,
2678,TP_z09_01_1,19,exCU, INT, INT025, z09, 07.06.2022," Basytec CTS, SN:CTS.X.13.00.0354", CH12/13, Binder MK240 #Schroedinger, 23°C, 17,4.754684145077339
2679,TP_z09_01_1,20,ZYK, INT, INT025, z09, 13.06.2022," Basytec CTS, SN:CTS.X.13.00.0354", CH12/13, Binder MK240 #Schroedinger, 35°C, 17,
2680,TP_z09_01_1,21,CU, INT, INT025, z09, 18.07.2022," Basytec CTS, SN:CTS.X.13.00.0354", CH12/13, Binder MK240 #Schroedinger, 23°C, 17,4.738606994502518
2681,TP_z09_01_1,22,ZYK, INT, INT025, z09, 22.07.2022," Basytec CTS, SN:CTS.X.13.00.0354", CH12/13, Binder MK240 #Schroedinger, 35°C, 17,
2682,TP_z09_01_1,23,CU, INT, INT025, z09, 19.08.2022," Basytec CTS, SN:CTS.X.13.00.0354", CH12/13, Binder MK240 #Schroedinger, 23°C, 17,4.720496919396334
2683,TP_z09_01_1,24,ZYK, INT, INT025, z09, 23.08.2022," Basytec CTS, SN:CTS.X.13.00.0354", CH12/13, Binder MK240 #Schroedinger, 35°C, 17,
2684,TP_z09_01_1,25,AT_T45, INT, INT025, z09, 26.09.2022," Basytec CTS, SN:CTS.X.13.00.0354", CH12/13, Binder MK240 #Schroedinger, 45°C, 17,4.754749114773372
2685,TP_z09_01_1,25,AT_T23, INT, INT025, z09, 29.09.2022," Basytec CTS, SN:CTS.X.13.00.0354", CH12/13, Binder MK240 #Schroedinger, 23°C, 17,4.683475269581928
2686,TP_z09_01_1,25,AT_T10, INT, INT025, z09, 23.09.2022," Basytec CTS, SN:CTS.X.13.00.0354", CH12/13, Binder MK240 #Schroedinger, 10°C, 17,4.642173889753208
2687,TP_z09_01_2,1,ET_T10, INT, INT031, TP_z09_01_MKII, 17.02.2023, Basytec CTS.x13.00.0355, CH00/01, Binder MK240 #Planck, 10, 1,4.726819299078557
2688,TP_z09_01_2,1,ET_T45, INT, INT031, TP_z09_01_MKII, 21.02.2023, Basytec CTS.x13.00.0355, CH00/01, Binder MK240 #Planck, 45, 1,4.933248392717271
2689,TP_z09_01_2,1,ET_T23, INT, INT031, TP_z09_01_MKII, 24.02.2023, Basytec CTS.x13.00.0355, CH00/01, Binder MK240 #Planck, 23, 1,4.846385209484785
2690,TP_z09_01_2,2,ZYK, INT, INT031, TP_z09_01_MKII, 26.04.2023, Basytec CTS.x.13.00.0354, CH00/01, Binder MK240 #Schroedinger, 35, 1,
2691,TP_z09_01_2,3,CU, INT, INT031, TP_z09_01_MKII, 04.05.2023, Basytec CTS.x.13.00.0354, CH00/01, Binder MK240 #Schroedinger, 23, 1,4.80827915948823
2692,TP_z09_01_2,4,ZYK, INT, INT031, TP_z09_01_MKII, 08.05.2023, Basytec CTS.x.13.00.0354, CH00/01, Binder MK240 #Schroedinger, 35, 1,
2693,TP_z09_01_2,5,CU, INT, INT031, TP_z09_01_MKII, 16.05.2023, Basytec CTS.x.13.00.0354, CH00/01, Binder MK240 #Schroedinger, 23, 1,4.796480480602092
2694,TP_z09_01_2,6,ZYK, INT, INT031, TP_z09_01_MKII, 17.05.2023, Basytec CTS.x.13.00.0354, CH00/01, Binder MK240 #Schroedinger, 35, 1,
2695,TP_z09_01_2,7,exCU, INT, INT031, TP_z09_01_MKII, 25.05.2023, Basytec CTS.x.13.00.0354, CH00/01, Binder MK240 #Schroedinger, 23, 1,4.786982136438504
2696,TP_z09_01_2,8,ZYK, INT, INT031, TP_z09_01_MKII, 26.05.2023, Basytec CTS.x.13.00.0354, CH00/01, Binder MK240 #Schroedinger, 35, 1,
2697,TP_z09_01_2,9,CU, INT, INT031, TP_z09_01_MKII, 12.06.2023, Basytec CTS.x.13.00.0354, CH00/01, Binder MK240 #Schroedinger, 23, 1,4.7754806335951026
2698,TP_z09_01_2,10,ZYK, INT, INT031, TP_z09_01_MKII, 14.06.2023, Basytec CTS.x.13.00.0354, CH00/01, Binder MK240 #Schroedinger, 35, 1,
2699,TP_z09_01_2,11,CU, INT, INT031, TP_z09_01_MKII, 29.06.2023, Basytec CTS.x.13.00.0354, CH00/01, Binder MK240 #Schroedinger, 23, 1,4.7631395591929335
2700,TP_z09_01_2,12,ZYK, INT, INT031, TP_z09_01_MKII, 30.06.2023, Basytec CTS.x.13.00.0354, CH00/01, Binder MK240 #Schroedinger, 35, 1,
2701,TP_z09_01_2,13,exCU, INT, INT031, TP_z09_01_MKII, 18.07.2023, Basytec CTS.x.13.00.0354, CH00/01, Binder MK240 #Schroedinger, 23, 1,4.753663419866779
2702,TP_z09_01_2,14,ZYK, INT, INT031, TP_z09_01_MKII, 25.07.2023, Basytec CTS.x.13.00.0354, CH00/01, Binder MK240 #Schroedinger, 35, 1,
2703,TP_z09_01_2,15,CU, INT, INT031, TP_z09_01_MKII, 23.08.2023, Basytec CTS.x.13.00.0354, CH00/01, Binder MK240 #Schroedinger, 23, 1,4.727592361950332
2704,TP_z09_01_2,16,ZYK, INT, INT031, TP_z09_01_MKII, 29.08.2023, Basytec CTS.x.13.00.0354, CH00/01, Binder MK240 #Schroedinger, 35, 1,
2705,TP_z09_01_2,17,CU, INT, INT031, TP_z09_01_MKII, 02.10.2023, Basytec CTS.x.13.00.0354, CH00/01, Binder MK240 #Schroedinger, 23, 1,4.715430671790898
2706,TP_z09_01_2,18,ZYK, INT, INT031, TP_z09_01_MKII, 11.10.2023, Basytec CTS.x.13.00.0354, CH00/01, Binder MK240 #Schroedinger, 35, 1,
2707,TP_z09_01_2,19,exCU, INT, INT031, TP_z09_01_MKII, 09.11.2023, Basytec CTS.x.13.00.0354, CH00/01, Binder MK240 #Schroedinger, 23, 1,4.696614852288468
2708,TP_z09_01_2,20,ZYK, INT, INT031, TP_z09_01_MKII, 13.11.2023, Basytec CTS.x.13.00.0354, CH00/01, Binder MK240 #Schroedinger, 35, 1,
2709,TP_z09_01_2,21,CU, INT, INT031, TP_z09_01_MKII, 18.12.2023, Basytec CTS.x.13.00.0354, CH00/01, Binder MK240 #Schroedinger, 23, 1,4.685398834641495
2710,TP_z09_01_2,22,ZYK, INT, INT031, TP_z09_01_MKII, 19.12.2023, Basytec CTS.x.13.00.0354, CH00/01, Binder MK240 #Schroedinger, 35, 1,
2711,TP_z09_01_2,23,CU, INT, INT031, TP_z09_01_MKII, 17.01.2024, Basytec CTS.x.13.00.0354, CH00/01, Binder MK240 #Schroedinger, 23, 1,4.66985040967105
2712,TP_z09_01_2,24,ZYK, INT, INT031, TP_z09_01_MKII, 19.01.2024, Basytec CTS.x.13.00.0354, CH00/01, Binder MK240 #Schroedinger, 35, 1,
2713,TP_z09_01_2,25,AT_T45, INT, INT031, TP_z09_01_MKII, 12.02.2024, Basytec CTS.x.13.00.0354, CH00/01, Binder MK240 #Schroedinger, 45, 1,4.712791632162878
2714,TP_z09_01_2,25,AT_T23, INT, INT031, TP_z09_01_MKII, 15.02.2024, Basytec CTS.x.13.00.0354, CH00/01, Binder MK240 #Schroedinger, 23, 1,4.638510860065933
2715,TP_z09_01_2,25,AT_T10, INT, INT031, TP_z09_01_MKII, 06.02.2024, Basytec CTS.x.13.00.0354, CH00/01, Binder MK240 #Schroedinger, 10, 1,4.572377561978229
2716,TP_z09_02_1,1,ET_T10, INT, INT026, z09, 12.10.2021," Basytec CTS, SN:CTS.X.13.00.0355", CH22/23, Binder MK240 #Planck, 10°C, 23,4.8365548782661785
2717,TP_z09_02_1,1,ET_T45, INT, INT026, z09, 15.10.2021," Basytec CTS, SN:CTS.X.13.00.0355", CH22/23, Binder MK240 #Planck, 45°C, 23,4.996697624147556
2718,TP_z09_02_1,1,ET_T23, INT, INT026, z09, 18.10.2021," Basytec CTS, SN:CTS.X.13.00.0355", CH22/23, Binder MK240 #Planck, 23°C, 23,4.881085168768752
2719,TP_z09_02_1,2,ZYK, INT, INT026, z09, 02.11.2021," Basytec CTS, SN:CTS.X.13.00.0354", CH14/15, Binder MK240 #Schroedinger, 35°C, 18,
2720,TP_z09_02_1,3,CU, INT, INT026, z09, 12.11.2021," Basytec CTS, SN:CTS.X.13.00.0354", CH14/15, Binder MK240 #Schroedinger, 23°C, 18,4.87240904761876
2721,TP_z09_02_1,4,ZYK, INT, INT026, z09, 15.11.2021," Basytec CTS, SN:CTS.X.13.00.0354", CH14/15, Binder MK240 #Schroedinger, 35°C, 18,
2722,TP_z09_02_1,5,CU, INT, INT026, z09, 25.11.2021," Basytec CTS, SN:CTS.X.13.00.0354", CH14/15, Binder MK240 #Schroedinger, 23°C, 18,4.860165445611057
2723,TP_z09_02_1,6,ZYK, INT, INT026, z09, 26.11.2021," Basytec CTS, SN:CTS.X.13.00.0354", CH14/15, Binder MK240 #Schroedinger, 35°C, 18,
2724,TP_z09_02_1,7,exCU, INT, INT026, z09, 05.12.2021," Basytec CTS, SN:CTS.X.13.00.0354", CH14/15, Binder MK240 #Schroedinger, 23°C, 18,4.850041799268602
2725,TP_z09_02_1,8,ZYK, INT, INT026, z09, 10.12.2021," Basytec CTS, SN:CTS.X.13.00.0354", CH14/15, Binder MK240 #Schroedinger, 35°C, 18,
2726,TP_z09_02_1,9,CU, INT, INT026, z09, 26.12.2021," Basytec CTS, SN:CTS.X.13.00.0354", CH14/15, Binder MK240 #Schroedinger, 23°C, 18,4.8313945974533805
2727,TP_z09_02_1,10,ZYK, INT, INT026, z09, 29.12.2021," Basytec CTS, SN:CTS.X.13.00.0354", CH14/15, Binder MK240 #Schroedinger, 35°C, 18,
2728,TP_z09_02_1,11,CU, INT, INT026, z09, 12.01.2022," Basytec CTS, SN:CTS.X.13.00.0354", CH14/15, Binder MK240 #Schroedinger, 23°C, 18,4.820228868529046
2729,TP_z09_02_1,12,ZYK, INT, INT026, z09, 21.01.2022," Basytec CTS, SN:CTS.X.13.00.0354", CH14/15, Binder MK240 #Schroedinger, 35°C, 18,
2730,TP_z09_02_1,13,exCU, INT, INT026, z09, 06.02.2022," Basytec CTS, SN:CTS.X.13.00.0354", CH14/15, Binder MK240 #Schroedinger, 23°C, 18,4.813224300319495
2731,TP_z09_02_1,14,ZYK, INT, INT026, z09, 11.02.2022," Basytec CTS, SN:CTS.X.13.00.0354", CH14/15, Binder MK240 #Schroedinger, 35°C, 18,
2732,TP_z09_02_1,15,CU, INT, INT026, z09, 14.03.2022," Basytec CTS, SN:CTS.X.13.00.0354", CH14/15, Binder MK240 #Schroedinger, 23°C, 18,4.791280492632942
2733,TP_z09_02_1,16,ZYK, INT, INT026, z09, 25.03.2022," Basytec CTS, SN:CTS.X.13.00.0354", CH14/15, Binder MK240 #Schroedinger, 35°C, 18,
2734,TP_z09_02_1,17,CU, INT, INT026, z09, 02.05.2022," Basytec CTS, SN:CTS.X.13.00.0354", CH14/15, Binder MK240 #Schroedinger, 23°C, 18,4.774613503731967
2735,TP_z09_02_1,18,ZYK, INT, INT026, z09, 09.05.2022," Basytec CTS, SN:CTS.X.13.00.0354", CH14/15, Binder MK240 #Schroedinger, 35°C, 18,
2736,TP_z09_02_1,19,exCU, INT, INT026, z09, 07.06.2022," Basytec CTS, SN:CTS.X.13.00.0354", CH14/15, Binder MK240 #Schroedinger, 23°C, 18,4.7567798524940095
2737,TP_z09_02_1,20,ZYK, INT, INT026, z09, 13.06.2022," Basytec CTS, SN:CTS.X.13.00.0354", CH14/15, Binder MK240 #Schroedinger, 35°C, 18,
2738,TP_z09_02_1,21,CU, INT, INT026, z09, 02.05.2022," Basytec CTS, SN:CTS.X.13.00.0354", CH14/15, Binder MK240 #Schroedinger, 23°C, 18,4.743486651782745
2739,TP_z09_02_1,22,ZYK, INT, INT026, z09, 22.07.2022," Basytec CTS, SN:CTS.X.13.00.0354", CH14/15, Binder MK240 #Schroedinger, 35°C, 18,
2740,TP_z09_02_1,23,CU, INT, INT026, z09, 19.08.2022," Basytec CTS, SN:CTS.X.13.00.0354", CH14/15, Binder MK240 #Schroedinger, 23°C, 18,4.724109737000869
2741,TP_z09_02_1,24,ZYK, INT, INT026, z09, 23.08.2022," Basytec CTS, SN:CTS.X.13.00.0354", CH14/15, Binder MK240 #Schroedinger, 35°C, 18,
2742,TP_z09_02_1,25,AT_T45, INT, INT026, z09, 26.09.2022," Basytec CTS, SN:CTS.X.13.00.0354", CH14/15, Binder MK240 #Schroedinger, 45°C, 18,4.756656539468828
2743,TP_z09_02_1,25,AT_T23, INT, INT026, z09, 29.09.2022," Basytec CTS, SN:CTS.X.13.00.0354", CH14/15, Binder MK240 #Schroedinger, 23°C, 18,4.687294688337198
2744,TP_z09_02_1,25,AT_T10, INT, INT026, z09, 23.09.2022," Basytec CTS, SN:CTS.X.13.00.0354", CH14/15, Binder MK240 #Schroedinger, 10°C, 18,4.645097543382937
2745,TP_z09_02_2,1,ET_T10, INT, INT088, TP_z09_02_MKII, 17.02.2023, Basytec CTS.x13.00.0355, CH02/03, Binder MK240 #Planck, 10, 2,4.772057606260606
2746,TP_z09_02_2,1,ET_T45, INT, INT088, TP_z09_02_MKII, 21.02.2023, Basytec CTS.x13.00.0355, CH02/03, Binder MK240 #Planck, 45, 2,4.954825313410629
2747,TP_z09_02_2,1,ET_T23, INT, INT088, TP_z09_02_MKII, 24.02.2023, Basytec CTS.x13.00.0355, CH02/03, Binder MK240 #Planck, 23, 2,4.871346580266938
2748,TP_z09_02_2,2,ZYK, INT, INT088, TP_z09_02_MKII, 26.04.2023, Basytec CTS.x.13.00.0354, CH02/03, Binder MK240 #Schroedinger, 35, 2,
2749,TP_z09_02_2,3,CU, INT, INT088, TP_z09_02_MKII, 04.05.2023, Basytec CTS.x.13.00.0354, CH02/03, Binder MK240 #Schroedinger, 23, 2,4.828908989061999
2750,TP_z09_02_2,4,ZYK, INT, INT088, TP_z09_02_MKII, 08.05.2023, Basytec CTS.x.13.00.0354, CH02/03, Binder MK240 #Schroedinger, 35, 2,
2751,TP_z09_02_2,5,CU, INT, INT088, TP_z09_02_MKII, 16.05.2023, Basytec CTS.x.13.00.0354, CH02/03, Binder MK240 #Schroedinger, 23, 2,4.816757001195284
2752,TP_z09_02_2,6,ZYK, INT, INT088, TP_z09_02_MKII, 17.05.2023, Basytec CTS.x.13.00.0354, CH02/03, Binder MK240 #Schroedinger, 35, 2,
2753,TP_z09_02_2,7,exCU, INT, INT088, TP_z09_02_MKII, 25.05.2023, Basytec CTS.x.13.00.0354, CH02/03, Binder MK240 #Schroedinger, 23, 2,4.807708368757629
2754,TP_z09_02_2,8,ZYK, INT, INT088, TP_z09_02_MKII, 26.05.2023, Basytec CTS.x.13.00.0354, CH02/03, Binder MK240 #Schroedinger, 35, 2,
2755,TP_z09_02_2,9,CU, INT, INT088, TP_z09_02_MKII, 12.06.2023, Basytec CTS.x.13.00.0354, CH02/03, Binder MK240 #Schroedinger, 23, 2,4.794284166865355
2756,TP_z09_02_2,10,ZYK, INT, INT088, TP_z09_02_MKII, 14.06.2023, Basytec CTS.x.13.00.0354, CH02/03, Binder MK240 #Schroedinger, 35, 2,
2757,TP_z09_02_2,11,CU, INT, INT088, TP_z09_02_MKII, 29.06.2023, Basytec CTS.x.13.00.0354, CH02/03, Binder MK240 #Schroedinger, 23, 2,4.780604766803938
2758,TP_z09_02_2,12,ZYK, INT, INT088, TP_z09_02_MKII, 30.06.2023, Basytec CTS.x.13.00.0354, CH02/03, Binder MK240 #Schroedinger, 35, 2,
2759,TP_z09_02_2,13,exCU, INT, INT088, TP_z09_02_MKII, 18.07.2023, Basytec CTS.x.13.00.0354, CH02/03, Binder MK240 #Schroedinger, 23, 2,4.770837394131611
2760,TP_z09_02_2,14,ZYK, INT, INT088, TP_z09_02_MKII, 25.07.2023, Basytec CTS.x.13.00.0354, CH02/03, Binder MK240 #Schroedinger, 35, 2,
2761,TP_z09_02_2,15,CU, INT, INT088, TP_z09_02_MKII, 23.08.2023, Basytec CTS.x.13.00.0354, CH02/03, Binder MK240 #Schroedinger, 23, 2,4.74441980367331
2762,TP_z09_02_2,16,ZYK, INT, INT088, TP_z09_02_MKII, 29.08.2023, Basytec CTS.x.13.00.0354, CH02/03, Binder MK240 #Schroedinger, 35, 2,
2763,TP_z09_02_2,17,CU, INT, INT088, TP_z09_02_MKII, 02.10.2023, Basytec CTS.x.13.00.0354, CH02/03, Binder MK240 #Schroedinger, 23, 2,4.73001035994818
2764,TP_z09_02_2,18,ZYK, INT, INT088, TP_z09_02_MKII, 11.10.2023, Basytec CTS.x.13.00.0354, CH02/03, Binder MK240 #Schroedinger, 35, 2,
2765,TP_z09_02_2,19,exCU, INT, INT088, TP_z09_02_MKII, 09.11.2023, Basytec CTS.x.13.00.0354, CH02/03, Binder MK240 #Schroedinger, 23, 2,4.707328361667615
2766,TP_z09_02_2,20,ZYK, INT, INT088, TP_z09_02_MKII, 13.11.2023, Basytec CTS.x.13.00.0354, CH02/03, Binder MK240 #Schroedinger, 35, 2,
2767,TP_z09_02_2,21,CU, INT, INT088, TP_z09_02_MKII, 18.12.2023, Basytec CTS.x.13.00.0354, CH02/03, Binder MK240 #Schroedinger, 23, 2,4.695465383392523
2768,TP_z09_02_2,22,ZYK, INT, INT088, TP_z09_02_MKII, 19.12.2023, Basytec CTS.x.13.00.0354, CH02/03, Binder MK240 #Schroedinger, 35, 2,
2769,TP_z09_02_2,23,CU, INT, INT088, TP_z09_02_MKII, 17.01.2024, Basytec CTS.x.13.00.0354, CH02/03, Binder MK240 #Schroedinger, 23, 2,4.675819246327168
2770,TP_z09_02_2,24,ZYK, INT, INT088, TP_z09_02_MKII, 19.01.2024, Basytec CTS.x.13.00.0354, CH02/03, Binder MK240 #Schroedinger, 35, 2,
2771,TP_z09_02_2,25,AT_T45, INT, INT088, TP_z09_02_MKII, 12.02.2024, Basytec CTS.x.13.00.0354, CH02/03, Binder MK240 #Schroedinger, 45, 2,4.718820015380942
2772,TP_z09_02_2,25,AT_T23, INT, INT088, TP_z09_02_MKII, 15.02.2024, Basytec CTS.x.13.00.0354, CH02/03, Binder MK240 #Schroedinger, 23, 2,4.647925137861351
2773,TP_z09_02_2,25,AT_T10, INT, INT088, TP_z09_02_MKII, 06.02.2024, Basytec CTS.x.13.00.0354, CH02/03, Binder MK240 #Schroedinger, 10, 2,4.581154140394226
2774,TP_z09_03_1,1,ET_T23, INT, INT027, z09, 18.10.2021," Basytec CTS, SN:CTS.X.13.00.0355", CH24/25, Binder MK240 #Planck, 23°C, 24,4.881828628689945
2775,TP_z09_03_1,1,ET_T45, INT, INT027, z09, 15.10.2021," Basytec CTS, SN:CTS.X.13.00.0355", CH24/25, Binder MK240 #Planck, 45°C, 24,4.99633264850295
2776,TP_z09_03_1,1,ET_T10, INT, INT027, z09, 12.10.2021," Basytec CTS, SN:CTS.X.13.00.0355", CH24/25, Binder MK240 #Planck, 10°C, 24,4.828860724904184
2777,TP_z09_03_1,2,ZYK, INT, INT027, z09, 02.11.2021," Basytec CTS, SN:CTS.X.13.00.0354", CH16/17, Binder MK240 #Schroedinger, 35°C, 19,
2778,TP_z09_03_1,3,CU, INT, INT027, z09, 12.11.2021," Basytec CTS, SN:CTS.X.13.00.0354", CH16/17, Binder MK240 #Schroedinger, 23°C, 19,4.856931847000595
2779,TP_z09_03_1,4,ZYK, INT, INT027, z09, 15.11.2021," Basytec CTS, SN:CTS.X.13.00.0354", CH16/17, Binder MK240 #Schroedinger, 35°C, 19,
2780,TP_z09_03_1,5,CU, INT, INT027, z09, 25.11.2021," Basytec CTS, SN:CTS.X.13.00.0354", CH16/17, Binder MK240 #Schroedinger, 23°C, 19,4.8490073681078165
2781,TP_z09_03_1,6,ZYK, INT, INT027, z09, 26.11.2021," Basytec CTS, SN:CTS.X.13.00.0354", CH16/17, Binder MK240 #Schroedinger, 35°C, 19,
2782,TP_z09_03_1,7,exCU, INT, INT027, z09, 05.12.2021," Basytec CTS, SN:CTS.X.13.00.0354", CH16/17, Binder MK240 #Schroedinger, 23°C, 19,4.8407671408119874
2783,TP_z09_03_1,8,ZYK, INT, INT027, z09, 10.12.2021," Basytec CTS, SN:CTS.X.13.00.0354", CH16/17, Binder MK240 #Schroedinger, 35°C, 19,
2784,TP_z09_03_1,9,CU, INT, INT027, z09, 26.12.2021," Basytec CTS, SN:CTS.X.13.00.0354", CH16/17, Binder MK240 #Schroedinger, 23°C, 19,4.824901153885397
2785,TP_z09_03_1,10,ZYK, INT, INT027, z09, 29.12.2021," Basytec CTS, SN:CTS.X.13.00.0354", CH16/17, Binder MK240 #Schroedinger, 35°C, 19,
2786,TP_z09_03_1,11,CU, INT, INT027, z09, 12.01.2022," Basytec CTS, SN:CTS.X.13.00.0354", CH16/17, Binder MK240 #Schroedinger, 23°C, 19,4.80984333741579
2787,TP_z09_03_1,12,ZYK, INT, INT027, z09, 21.01.2022," Basytec CTS, SN:CTS.X.13.00.0354", CH16/17, Binder MK240 #Schroedinger, 35°C, 19,
2788,TP_z09_03_1,13,exCU, INT, INT027, z09, 06.02.2022," Basytec CTS, SN:CTS.X.13.00.0354", CH16/17, Binder MK240 #Schroedinger, 23°C, 19,4.803614000302466
2789,TP_z09_03_1,14,ZYK, INT, INT027, z09, 11.02.2022," Basytec CTS, SN:CTS.X.13.00.0354", CH16/17, Binder MK240 #Schroedinger, 35°C, 19,
2790,TP_z09_03_1,15,CU, INT, INT027, z09, 14.03.2022," Basytec CTS, SN:CTS.X.13.00.0354", CH16/17, Binder MK240 #Schroedinger, 23°C, 19,4.784396511112323
2791,TP_z09_03_1,16,ZYK, INT, INT027, z09, 25.03.2022," Basytec CTS, SN:CTS.X.13.00.0354", CH16/17, Binder MK240 #Schroedinger, 35°C, 19,
2792,TP_z09_03_1,17,CU, INT, INT027, z09, 02.05.2022," Basytec CTS, SN:CTS.X.13.00.0354", CH16/17, Binder MK240 #Schroedinger, 23°C, 19,4.768461219326306
2793,TP_z09_03_1,18,ZYK, INT, INT027, z09, 09.05.2022," Basytec CTS, SN:CTS.X.13.00.0354", CH16/17, Binder MK240 #Schroedinger, 35°C, 19,
2794,TP_z09_03_1,19,exCU, INT, INT027, z09, 07.06.2022," Basytec CTS, SN:CTS.X.13.00.0354", CH16/17, Binder MK240 #Schroedinger, 23°C, 19,4.75220968312577
2795,TP_z09_03_1,20,ZYK, INT, INT027, z09, 13.06.2022," Basytec CTS, SN:CTS.X.13.00.0354", CH16/17, Binder MK240 #Schroedinger, 35°C, 19,
2796,TP_z09_03_1,21,CU, INT, INT027, z09, 18.07.2022," Basytec CTS, SN:CTS.X.13.00.0354", CH16/17, Binder MK240 #Schroedinger, 23°C, 19,4.7383280327237784
2797,TP_z09_03_1,22,ZYK, INT, INT027, z09, 22.07.2022," Basytec CTS, SN:CTS.X.13.00.0354", CH16/17, Binder MK240 #Schroedinger, 35°C, 19,
2798,TP_z09_03_1,23,CU, INT, INT027, z09, 19.08.2022," Basytec CTS, SN:CTS.X.13.00.0354", CH16/17, Binder MK240 #Schroedinger, 23°C, 19,4.721732673698732
2799,TP_z09_03_1,24,ZYK, INT, INT027, z09, 23.08.2022," Basytec CTS, SN:CTS.X.13.00.0354", CH16/17, Binder MK240 #Schroedinger, 35°C, 19,
2800,TP_z09_03_1,25,AT_T10, INT, INT027, z09, 23.09.2022," Basytec CTS, SN:CTS.X.13.00.0354", CH16/17, Binder MK240 #Schroedinger, 10°C, 19,4.63868358843434
2801,TP_z09_03_1,25,AT_T23, INT, INT027, z09, 29.09.2022," Basytec CTS, SN:CTS.X.13.00.0354", CH16/17, Binder MK240 #Schroedinger, 23°C, 19,4.683998623067785
2802,TP_z09_03_1,25,AT_T45, INT, INT027, z09, 26.09.2022," Basytec CTS, SN:CTS.X.13.00.0354", CH16/17, Binder MK240 #Schroedinger, 45°C, 19,4.75546807183731
2803,TP_z09_03_2,1,ET_T23, INT, INT020, TP_z09_03_MKII, 24.02.2023, Basytec CTS.x13.00.0355, CH04/05, Binder MK240 #Planck, 23, 3,4.863700280271176
2804,TP_z09_03_2,1,ET_T45, INT, INT020, TP_z09_03_MKII, 21.02.2023, Basytec CTS.x13.00.0355, CH04/05, Binder MK240 #Planck, 45, 3,4.9542017603648265
2805,TP_z09_03_2,1,ET_T10, INT, INT020, TP_z09_03_MKII, 17.02.2023, Basytec CTS.x13.00.0355, CH04/05, Binder MK240 #Planck, 10, 3,4.7523886170875915
2806,TP_z09_03_2,2,ZYK, INT, INT020, TP_z09_03_MKII, 26.04.2023, Basytec CTS.x.13.00.0354, CH04/05, Binder MK240 #Schroedinger, 35, 3,
2807,TP_z09_03_2,3,CU, INT, INT020, TP_z09_03_MKII, 04.05.2023, Basytec CTS.x.13.00.0354, CH04/05, Binder MK240 #Schroedinger, 23, 3,4.826100466281454
2808,TP_z09_03_2,4,ZYK, INT, INT020, TP_z09_03_MKII, 08.05.2023, Basytec CTS.x.13.00.0354, CH04/05, Binder MK240 #Schroedinger, 35, 3,
2809,TP_z09_03_2,5,CU, INT, INT020, TP_z09_03_MKII, 16.05.2023, Basytec CTS.x.13.00.0354, CH04/05, Binder MK240 #Schroedinger, 23, 3,4.814866694331553
2810,TP_z09_03_2,6,ZYK, INT, INT020, TP_z09_03_MKII, 17.05.2023, Basytec CTS.x.13.00.0354, CH04/05, Binder MK240 #Schroedinger, 35, 3,
2811,TP_z09_03_2,7,exCU, INT, INT020, TP_z09_03_MKII, 25.05.2023, Basytec CTS.x.13.00.0354, CH04/05, Binder MK240 #Schroedinger, 23, 3,4.806761038103744
2812,TP_z09_03_2,8,ZYK, INT, INT020, TP_z09_03_MKII, 26.05.2023, Basytec CTS.x.13.00.0354, CH04/05, Binder MK240 #Schroedinger, 35, 3,
2813,TP_z09_03_2,9,CU, INT, INT020, TP_z09_03_MKII, 12.06.2023, Basytec CTS.x.13.00.0354, CH04/05, Binder MK240 #Schroedinger, 23, 3,4.7926031766855335
2814,TP_z09_03_2,10,ZYK, INT, INT020, TP_z09_03_MKII, 14.06.2023, Basytec CTS.x.13.00.0354, CH04/05, Binder MK240 #Schroedinger, 35, 3,
2815,TP_z09_03_2,11,CU, INT, INT020, TP_z09_03_MKII, 29.06.2023, Basytec CTS.x.13.00.0354, CH04/05, Binder MK240 #Schroedinger, 23, 3,4.778616706622701
2816,TP_z09_03_2,12,ZYK, INT, INT020, TP_z09_03_MKII, 30.06.2023, Basytec CTS.x.13.00.0354, CH04/05, Binder MK240 #Schroedinger, 35, 3,
2817,TP_z09_03_2,13,exCU, INT, INT020, TP_z09_03_MKII, 18.07.2023, Basytec CTS.x.13.00.0354, CH04/05, Binder MK240 #Schroedinger, 23, 3,4.7693947154984
2818,TP_z09_03_2,14,ZYK, INT, INT020, TP_z09_03_MKII, 25.07.2023, Basytec CTS.x.13.00.0354, CH04/05, Binder MK240 #Schroedinger, 35, 3,
2819,TP_z09_03_2,15,CU, INT, INT020, TP_z09_03_MKII, 23.08.2023, Basytec CTS.x.13.00.0354, CH04/05, Binder MK240 #Schroedinger, 23, 3,4.745574903780243
2820,TP_z09_03_2,16,ZYK, INT, INT020, TP_z09_03_MKII, 29.08.2023, Basytec CTS.x.13.00.0354, CH04/05, Binder MK240 #Schroedinger, 35, 3,
2821,TP_z09_03_2,17,CU, INT, INT020, TP_z09_03_MKII, 02.10.2023, Basytec CTS.x.13.00.0354, CH04/05, Binder MK240 #Schroedinger, 23, 3,4.730599985829858
2822,TP_z09_03_2,18,ZYK, INT, INT020, TP_z09_03_MKII, 11.10.2023, Basytec CTS.x.13.00.0354, CH04/05, Binder MK240 #Schroedinger, 35, 3,
2823,TP_z09_03_2,19,exCU, INT, INT020, TP_z09_03_MKII, 09.11.2023, Basytec CTS.x.13.00.0354, CH04/05, Binder MK240 #Schroedinger, 23, 3,4.713170740715105
2824,TP_z09_03_2,20,ZYK, INT, INT020, TP_z09_03_MKII, 13.11.2023, Basytec CTS.x.13.00.0354, CH04/05, Binder MK240 #Schroedinger, 35, 3,
2825,TP_z09_03_2,21,CU, INT, INT020, TP_z09_03_MKII, 18.12.2023, Basytec CTS.x.13.00.0354, CH04/05, Binder MK240 #Schroedinger, 23, 3,4.700074349118507
2826,TP_z09_03_2,22,ZYK, INT, INT020, TP_z09_03_MKII, 19.12.2023, Basytec CTS.x.13.00.0354, CH04/05, Binder MK240 #Schroedinger, 35, 3,
2827,TP_z09_03_2,23,CU, INT, INT020, TP_z09_03_MKII, 17.01.2024, Basytec CTS.x.13.00.0354, CH04/05, Binder MK240 #Schroedinger, 23, 3,4.6823665906413225
2828,TP_z09_03_2,24,ZYK, INT, INT020, TP_z09_03_MKII, 19.01.2024, Basytec CTS.x.13.00.0354, CH04/05, Binder MK240 #Schroedinger, 35, 3,
2829,TP_z09_03_2,25,AT_T10, INT, INT020, TP_z09_03_MKII, 06.02.2024, Basytec CTS.x.13.00.0354, CH04/05, Binder MK240 #Schroedinger, 10, 3,4.583353632329628
2830,TP_z09_03_2,25,AT_T23, INT, INT020, TP_z09_03_MKII, 15.02.2024, Basytec CTS.x.13.00.0354, CH04/05, Binder MK240 #Schroedinger, 23, 3,4.647625988841565
2831,TP_z09_03_2,25,AT_T45, INT, INT020, TP_z09_03_MKII, 12.02.2024, Basytec CTS.x.13.00.0354, CH04/05, Binder MK240 #Schroedinger, 45, 3,4.721964963955469
2832,TP_z10_01_1,1,ET_T45, INT, INT028, z10, 15.10.2021," Basytec CTS, SN:CTS.X.13.00.0355", CH26/27, Binder MK240 #Planck, 45°C, 25,4.992293497845123
2833,TP_z10_01_1,1,ET_T23, INT, INT028, z10, 18.10.2021," Basytec CTS, SN:CTS.X.13.00.0355", CH26/27, Binder MK240 #Planck, 23°C, 25,4.885080994104561
2834,TP_z10_01_1,1,ET_T10, INT, INT028, z10, 12.10.2021," Basytec CTS, SN:CTS.X.13.00.0355", CH26/27, Binder MK240 #Planck, 10°C, 25,4.851808326552242
2835,TP_z10_01_1,2,ZYK, INT, INT028, z10, 02.11.2021," Basytec CTS, SN:CTS.X.13.00.0354", CH18/19, Binder MK240 #Schroedinger, 35°C, 21,
2836,TP_z10_01_1,3,CU, INT, INT028, z10, 12.11.2021," Basytec CTS, SN:CTS.X.13.00.0354", CH18/19, Binder MK240 #Schroedinger, 23°C, 21,4.810317204425673
2837,TP_z10_01_1,4,ZYK, INT, INT028, z10, 15.11.2021," Basytec CTS, SN:CTS.X.13.00.0354", CH18/19, Binder MK240 #Schroedinger, 35°C, 21,
2838,TP_z10_01_1,5,CU, INT, INT028, z10, 25.11.2021," Basytec CTS, SN:CTS.X.13.00.0354", CH18/19, Binder MK240 #Schroedinger, 23°C, 21,4.78124353176378
2839,TP_z10_01_1,6,ZYK, INT, INT028, z10, 26.11.2021," Basytec CTS, SN:CTS.X.13.00.0354", CH18/19, Binder MK240 #Schroedinger, 35°C, 21,
2840,TP_z10_01_1,7,exCU, INT, INT028, z10, 05.12.2021," Basytec CTS, SN:CTS.X.13.00.0354", CH18/19, Binder MK240 #Schroedinger, 23°C, 21,4.760968070048056
2841,TP_z10_01_1,8,ZYK, INT, INT028, z10, 10.12.2021," Basytec CTS, SN:CTS.X.13.00.0354", CH18/19, Binder MK240 #Schroedinger, 35°C, 21,
2842,TP_z10_01_1,9,CU, INT, INT028, z10, 26.12.2021," Basytec CTS, SN:CTS.X.13.00.0354", CH18/19, Binder MK240 #Schroedinger, 23°C, 21,4.732409033597289
2843,TP_z10_01_1,10,ZYK, INT, INT028, z10, 29.12.2021," Basytec CTS, SN:CTS.X.13.00.0354", CH18/19, Binder MK240 #Schroedinger, 35°C, 21,
2844,TP_z10_01_1,11,CU, INT, INT028, z10, 12.01.2022," Basytec CTS, SN:CTS.X.13.00.0354", CH18/19, Binder MK240 #Schroedinger, 23°C, 21,4.70669500838625
2845,TP_z10_01_1,12,ZYK, INT, INT028, z10, 21.01.2022," Basytec CTS, SN:CTS.X.13.00.0354", CH18/19, Binder MK240 #Schroedinger, 35°C, 21,
2846,TP_z10_01_1,13,exCU, INT, INT028, z10, 06.02.2022," Basytec CTS, SN:CTS.X.13.00.0354", CH18/19, Binder MK240 #Schroedinger, 23°C, 21,4.686528355313005
2847,TP_z10_01_1,14,ZYK, INT, INT028, z10, 11.02.2022," Basytec CTS, SN:CTS.X.13.00.0354", CH18/19, Binder MK240 #Schroedinger, 35°C, 21,
2848,TP_z10_01_1,15,CU, INT, INT028, z10, 14.03.2022," Basytec CTS, SN:CTS.X.13.00.0354", CH18/19, Binder MK240 #Schroedinger, 23°C, 21,4.653826325535676
2849,TP_z10_01_1,16,ZYK, INT, INT028, z10, 22.03.2022," Basytec CTS, SN:CTS.X.13.00.0354", CH18/19, Binder MK240 #Schroedinger, 35°C, 21,
2850,TP_z10_01_1,17,CU, INT, INT028, z10, 02.05.2022," Basytec CTS, SN:CTS.X.13.00.0354", CH18/19, Binder MK240 #Schroedinger, 23°C, 21,4.6276498777703345
2851,TP_z10_01_1,18,ZYK, INT, INT028, z10, 09.05.2022," Basytec CTS, SN:CTS.X.13.00.0354", CH18/19, Binder MK240 #Schroedinger, 35°C, 21,
2852,TP_z10_01_1,19,exCU, INT, INT028, z10, 07.06.2022," Basytec CTS, SN:CTS.X.13.00.0354", CH18/19, Binder MK240 #Schroedinger, 23°C, 21,4.597407838621671
2853,TP_z10_01_1,20,ZYK, INT, INT028, z10, 13.06.2022," Basytec CTS, SN:CTS.X.13.00.0354", CH18/19, Binder MK240 #Schroedinger, 35°C, 21,
2854,TP_z10_01_1,21,CU, INT, INT028, z10, 18.07.2022," Basytec CTS, SN:CTS.X.13.00.0354", CH18/19, Binder MK240 #Schroedinger, 23°C, 21,4.569187151720776
2855,TP_z10_01_1,22,ZYK, INT, INT028, z10, 22.07.2022," Basytec CTS, SN:CTS.X.13.00.0354", CH18/19, Binder MK240 #Schroedinger, 35°C, 21,
2856,TP_z10_01_1,23,CU, INT, INT028, z10, 19.08.2022," Basytec CTS, SN:CTS.X.13.00.0354", CH18/19, Binder MK240 #Schroedinger, 23°C, 21,4.54253311675818
2857,TP_z10_01_1,24,ZYK, INT, INT028, z10, 23.08.2022," Basytec CTS, SN:CTS.X.13.00.0354", CH18/19, Binder MK240 #Schroedinger, 35°C, 21,
2858,TP_z10_01_1,25,AT_T10, INT, INT028, z10, 23.09.2022," Basytec CTS, SN:CTS.X.13.00.0354", CH18/19, Binder MK240 #Schroedinger, 10°C, 21,4.426906408675855
2859,TP_z10_01_1,25,AT_T45, INT, INT028, z10, 26.09.2022," Basytec CTS, SN:CTS.X.13.00.0354", CH18/19, Binder MK240 #Schroedinger, 45°C, 21,4.612855525083844
2860,TP_z10_01_1,25,AT_T23, INT, INT028, z10, 29.09.2022," Basytec CTS, SN:CTS.X.13.00.0354", CH18/19, Binder MK240 #Schroedinger, 23°C, 21,4.541437791579473
2861,TP_z10_01_2,1,ET_T45, INT, INT149, TP_z10_01_MKII, 21.02.2023, Basytec CTS.x13.00.0355, CH06/07, Binder MK240 #Planck, 45, 4,4.938156824711776
2862,TP_z10_01_2,1,ET_T23, INT, INT149, TP_z10_01_MKII, 24.02.2023, Basytec CTS.x13.00.0355, CH06/07, Binder MK240 #Planck, 23, 4,4.845333145576564
2863,TP_z10_01_2,1,ET_T10, INT, INT149, TP_z10_01_MKII, 17.02.2023, Basytec CTS.x13.00.0355, CH06/07, Binder MK240 #Planck, 10, 4,4.7192316842516995
2864,TP_z10_01_2,2,ZYK, INT, INT149, TP_z10_01_MKII, 26.04.2023, Basytec CTS.x.13.00.0354, CH06/07, Binder MK240 #Schroedinger, 35, 4,
2865,TP_z10_01_2,3,CU, INT, INT149, TP_z10_01_MKII, 04.05.2023, Basytec CTS.x.13.00.0354, CH06/07, Binder MK240 #Schroedinger, 23, 4,4.745350730867438
2866,TP_z10_01_2,4,ZYK, INT, INT149, TP_z10_01_MKII, 08.05.2023, Basytec CTS.x.13.00.0354, CH06/07, Binder MK240 #Schroedinger, 35, 4,
2867,TP_z10_01_2,5,CU, INT, INT149, TP_z10_01_MKII, 16.05.2023, Basytec CTS.x.13.00.0354, CH06/07, Binder MK240 #Schroedinger, 23, 4,4.707128768789917
2868,TP_z10_01_2,6,ZYK, INT, INT149, TP_z10_01_MKII, 17.05.2023, Basytec CTS.x.13.00.0354, CH06/07, Binder MK240 #Schroedinger, 35, 4,
2869,TP_z10_01_2,7,exCU, INT, INT149, TP_z10_01_MKII, 25.05.2023, Basytec CTS.x.13.00.0354, CH06/07, Binder MK240 #Schroedinger, 23, 4,4.686423276576181
2870,TP_z10_01_2,8,ZYK, INT, INT149, TP_z10_01_MKII, 26.05.2023, Basytec CTS.x.13.00.0354, CH06/07, Binder MK240 #Schroedinger, 35, 4,
2871,TP_z10_01_2,9,CU, INT, INT149, TP_z10_01_MKII, 12.06.2023, Basytec CTS.x.13.00.0354, CH06/07, Binder MK240 #Schroedinger, 23, 4,4.6528406020231445
2872,TP_z10_01_2,10,ZYK, INT, INT149, TP_z10_01_MKII, 14.06.2023, Basytec CTS.x.13.00.0354, CH06/07, Binder MK240 #Schroedinger, 35, 4,
2873,TP_z10_01_2,11,CU, INT, INT149, TP_z10_01_MKII, 29.06.2023, Basytec CTS.x.13.00.0354, CH06/07, Binder MK240 #Schroedinger, 23, 4,4.596294376921422
2874,TP_z10_01_2,12,ZYK, INT, INT149, TP_z10_01_MKII, 30.06.2023, Basytec CTS.x.13.00.0354, CH06/07, Binder MK240 #Schroedinger, 45, 4,
2875,TP_z10_02_1,1,ET_T45, INT, INT029, z10, 15.10.2021," Basytec CTS, SN:CTS.X.13.00.0355", CH30/31, Binder MK240 #Planck, 45°C, 27,4.987870368525027
2876,TP_z10_02_1,1,ET_T23, INT, INT029, z10, 18.10.2021," Basytec CTS, SN:CTS.X.13.00.0355", CH30/31, Binder MK240 #Planck, 23°C, 27,4.877385447030823
2877,TP_z10_02_1,1,ET_T10, INT, INT029, z10, 12.10.2021," Basytec CTS, SN:CTS.X.13.00.0355", CH30/31, Binder MK240 #Planck, 10°C, 27,4.829563398606577
2878,TP_z10_02_1,2,ZYK, INT, INT029, z10, 02.11.2021," Basytec CTS, SN:CTS.X.13.00.0354", CH20/21, Binder MK240 #Schroedinger, 35°C, 22,
2879,TP_z10_02_1,3,CU, INT, INT029, z10, 12.11.2021," Basytec CTS, SN:CTS.X.13.00.0354", CH20/21, Binder MK240 #Schroedinger, 23°C, 22,4.817120562799751
2880,TP_z10_02_1,4,ZYK, INT, INT029, z10, 15.11.2021," Basytec CTS, SN:CTS.X.13.00.0354", CH20/21, Binder MK240 #Schroedinger, 35°C, 22,
2881,TP_z10_02_1,5,CU, INT, INT029, z10, 25.11.2021," Basytec CTS, SN:CTS.X.13.00.0354", CH20/21, Binder MK240 #Schroedinger, 23°C, 22,4.78530632105633
2882,TP_z10_02_1,6,ZYK, INT, INT029, z10, 26.11.2021," Basytec CTS, SN:CTS.X.13.00.0354", CH20/21, Binder MK240 #Schroedinger, 35°C, 22,
2883,TP_z10_02_1,7,exCU, INT, INT029, z10, 05.12.2021," Basytec CTS, SN:CTS.X.13.00.0354", CH20/21, Binder MK240 #Schroedinger, 23°C, 22,4.762414875074059
2884,TP_z10_02_1,8,ZYK, INT, INT029, z10, 10.12.2021," Basytec CTS, SN:CTS.X.13.00.0354", CH20/21, Binder MK240 #Schroedinger, 35°C, 22,
2885,TP_z10_02_1,9,CU, INT, INT029, z10, 26.12.2021," Basytec CTS, SN:CTS.X.13.00.0354", CH20/21, Binder MK240 #Schroedinger, 23°C, 22,4.73127634613747
2886,TP_z10_02_1,10,ZYK, INT, INT029, z10, 29.12.2021," Basytec CTS, SN:CTS.X.13.00.0354", CH20/21, Binder MK240 #Schroedinger, 35°C, 22,
2887,TP_z10_02_1,11,CU, INT, INT029, z10, 12.01.2022," Basytec CTS, SN:CTS.X.13.00.0354", CH20/21, Binder MK240 #Schroedinger, 23°C, 22,4.703363976295048
2888,TP_z10_02_1,12,ZYK, INT, INT029, z10, 21.01.2022," Basytec CTS, SN:CTS.X.13.00.0354", CH20/21, Binder MK240 #Schroedinger, 35°C, 22,
2889,TP_z10_02_1,13,exCU, INT, INT029, z10, 06.02.2022," Basytec CTS, SN:CTS.X.13.00.0354", CH20/21, Binder MK240 #Schroedinger, 23°C, 22,4.683563630485862
2890,TP_z10_02_1,14,ZYK, INT, INT029, z10, 11.02.2022," Basytec CTS, SN:CTS.X.13.00.0354", CH20/21, Binder MK240 #Schroedinger, 35°C, 22,
2891,TP_z10_02_1,15,CU, INT, INT029, z10, 14.03.2022," Basytec CTS, SN:CTS.X.13.00.0354", CH20/21, Binder MK240 #Schroedinger, 23°C, 22,4.648645920772375
2892,TP_z10_02_1,16,ZYK, INT, INT029, z10, 22.03.2022," Basytec CTS, SN:CTS.X.13.00.0354", CH20/21, Binder MK240 #Schroedinger, 35°C, 22,
2893,TP_z10_02_1,17,CU, INT, INT029, z10, 02.05.2022," Basytec CTS, SN:CTS.X.13.00.0354", CH20/21, Binder MK240 #Schroedinger, 23°C, 22,4.617824109071404
2894,TP_z10_02_1,18,ZYK, INT, INT029, z10, 09.05.2022," Basytec CTS, SN:CTS.X.13.00.0354", CH20/21, Binder MK240 #Schroedinger, 35°C, 22,
2895,TP_z10_02_1,19,exCU, INT, INT029, z10, 07.06.2022," Basytec CTS, SN:CTS.X.13.00.0354", CH20/21, Binder MK240 #Schroedinger, 23°C, 22,4.588604344528511
2896,TP_z10_02_1,20,ZYK, INT, INT029, z10, 13.06.2022," Basytec CTS, SN:CTS.X.13.00.0354", CH20/21, Binder MK240 #Schroedinger, 35°C, 22,
2897,TP_z10_02_1,21,CU, INT, INT029, z10, 18.07.2022," Basytec CTS, SN:CTS.X.13.00.0354", CH20/21, Binder MK240 #Schroedinger, 23°C, 22,4.572399570726946
2898,TP_z10_02_1,22,ZYK, INT, INT029, z10, 22.07.2022," Basytec CTS, SN:CTS.X.13.00.0354", CH20/21, Binder MK240 #Schroedinger, 35°C, 22,
2899,TP_z10_02_1,23,CU, INT, INT029, z10, 19.08.2022," Basytec CTS, SN:CTS.X.13.00.0354", CH20/21, Binder MK240 #Schroedinger, 23°C, 22,4.546195020948854
2900,TP_z10_02_1,24,ZYK, INT, INT029, z10, 23.08.2022," Basytec CTS, SN:CTS.X.13.00.0354", CH20/21, Binder MK240 #Schroedinger, 35°C, 22,
2901,TP_z10_02_1,25,AT_T10, INT, INT029, z10, 23.09.2022," Basytec CTS, SN:CTS.X.13.00.0354", CH20/21, Binder MK240 #Schroedinger, 10°C, 22,4.418741027389583
2902,TP_z10_02_1,25,AT_T45, INT, INT029, z10, 26.09.2022," Basytec CTS, SN:CTS.X.13.00.0354", CH20/21, Binder MK240 #Schroedinger, 45°C, 22,4.624679186558204
2903,TP_z10_02_1,25,AT_T23, INT, INT029, z10, 29.09.2022," Basytec CTS, SN:CTS.X.13.00.0354", CH20/21, Binder MK240 #Schroedinger, 23°C, 22,4.545996202943858
2904,TP_z10_02_2,1,ET_T45, INT, INT005, TP_z10_02_MKII, 21.02.2023, Basytec CTS.x13.00.0355, CH10/11, Binder MK240 #Planck, 45, 6,4.94923553672848
2905,TP_z10_02_2,1,ET_T23, INT, INT005, TP_z10_02_MKII, 24.02.2023, Basytec CTS.x13.00.0355, CH10/11, Binder MK240 #Planck, 23, 6,4.858697026002739
2906,TP_z10_02_2,1,ET_T10, INT, INT005, TP_z10_02_MKII, 17.02.2023, Basytec CTS.x13.00.0355, CH10/11, Binder MK240 #Planck, 10, 6,4.738243800057308
2907,TP_z10_02_2,2,ZYK, INT, INT005, TP_z10_02_MKII, 26.04.2023, Basytec CTS.x.13.00.0354, CH08/09, Binder MK240 #Schroedinger, 35, 5,
2908,TP_z10_02_2,3,CU, INT, INT005, TP_z10_02_MKII, 04.05.2023, Basytec CTS.x.13.00.0354, CH08/09, Binder MK240 #Schroedinger, 23, 5,4.758982893664859
2909,TP_z10_02_2,4,ZYK, INT, INT005, TP_z10_02_MKII, 08.05.2023, Basytec CTS.x.13.00.0354, CH08/09, Binder MK240 #Schroedinger, 35, 5,
2910,TP_z10_02_2,5,CU, INT, INT005, TP_z10_02_MKII, 16.05.2023, Basytec CTS.x.13.00.0354, CH08/09, Binder MK240 #Schroedinger, 23, 5,4.722582742415607
2911,TP_z10_02_2,6,ZYK, INT, INT005, TP_z10_02_MKII, 17.05.2023, Basytec CTS.x.13.00.0354, CH08/09, Binder MK240 #Schroedinger, 35, 5,
2912,TP_z10_02_2,7,exCU, INT, INT005, TP_z10_02_MKII, 25.05.2023, Basytec CTS.x.13.00.0354, CH08/09, Binder MK240 #Schroedinger, 23, 5,4.698026158526085
2913,TP_z10_02_2,8,ZYK, INT, INT005, TP_z10_02_MKII, 26.05.2023, Basytec CTS.x.13.00.0354, CH08/09, Binder MK240 #Schroedinger, 35, 5,
2914,TP_z10_02_2,9,CU, INT, INT005, TP_z10_02_MKII, 12.06.2023, Basytec CTS.x.13.00.0354, CH08/09, Binder MK240 #Schroedinger, 23, 5,4.661925497918033
2915,TP_z10_02_2,10,ZYK, INT, INT005, TP_z10_02_MKII, 14.06.2023, Basytec CTS.x.13.00.0354, CH08/09, Binder MK240 #Schroedinger, 35, 5,
2916,TP_z10_02_2,11,CU, INT, INT005, TP_z10_02_MKII, 29.06.2023, Basytec CTS.x.13.00.0354, CH08/09, Binder MK240 #Schroedinger, 23, 5,4.617567101746518
2917,TP_z10_02_2,12,ZYK, INT, INT005, TP_z10_02_MKII, 30.06.2023, Basytec CTS.x.13.00.0354, CH08/09, Binder MK240 #Schroedinger, 35, 5,
2918,TP_z10_02_2,13,exCU, INT, INT005, TP_z10_02_MKII, 18.07.2023, Basytec CTS.x.13.00.0354, CH08/09, Binder MK240 #Schroedinger, 23, 5,4.588750169258473
2919,TP_z10_02_2,14,ZYK, INT, INT005, TP_z10_02_MKII, 25.07.2023, Basytec CTS.x.13.00.0354, CH08/09, Binder MK240 #Schroedinger, 35, 5,
2920,TP_z10_02_2,15,CU, INT, INT005, TP_z10_02_MKII, 23.08.2023, Basytec CTS.x.13.00.0354, CH08/09, Binder MK240 #Schroedinger, 23, 5,4.493346255316214
2921,TP_z10_02_2,16,ZYK, INT, INT005, TP_z10_02_MKII, 29.08.2023, Basytec CTS.x.13.00.0354, CH08/09, Binder MK240 #Schroedinger, 45, 5,
2922,TP_z10_03_1,1,ET_T10, INT, INT030, z10, 12.10.2021," Basytec CTS, SN:CTS.X.13.00.0354", CH00/01, Binder MK240 #Schroedinger, 10°C, 11,4.7827332339838
2923,TP_z10_03_1,1,ET_T23, INT, INT030, z10, 18.10.2021," Basytec CTS, SN:CTS.X.13.00.0354", CH00/01, Binder MK240 #Schroedinger, 23°C, 11,4.863528880540388
2924,TP_z10_03_1,1,ET_T45, INT, INT030, z10, 15.10.2021," Basytec CTS, SN:CTS.X.13.00.0354", CH00/01, Binder MK240 #Schroedinger, 45°C, 11,4.990311170750154
2925,TP_z10_03_1,2,ZYK, INT, INT030, z10, 02.11.2021," Basytec CTS, SN:CTS.X.13.00.0354", CH22/23, Binder MK240 #Schroedinger, 35°C, 23,
2926,TP_z10_03_1,3,CU, INT, INT030, z10, 12.11.2021," Basytec CTS, SN:CTS.X.13.00.0354", CH22/23, Binder MK240 #Schroedinger, 23°C, 23,4.813691008765938
2927,TP_z10_03_1,4,ZYK, INT, INT030, z10, 15.11.2021," Basytec CTS, SN:CTS.X.13.00.0354", CH22/23, Binder MK240 #Schroedinger, 35°C, 23,
2928,TP_z10_03_1,5,CU, INT, INT030, z10, 25.11.2021," Basytec CTS, SN:CTS.X.13.00.0354", CH22/23, Binder MK240 #Schroedinger, 23°C, 23,4.779450449818031
2929,TP_z10_03_1,6,ZYK, INT, INT030, z10, 26.11.2021," Basytec CTS, SN:CTS.X.13.00.0354", CH22/23, Binder MK240 #Schroedinger, 35°C, 23,
2930,TP_z10_03_1,7,exCU, INT, INT030, z10, 05.12.2021," Basytec CTS, SN:CTS.X.13.00.0354", CH22/23, Binder MK240 #Schroedinger, 23°C, 23,4.760411987474045
2931,TP_z10_03_1,8,ZYK, INT, INT030, z10, 10.12.2021," Basytec CTS, SN:CTS.X.13.00.0354", CH22/23, Binder MK240 #Schroedinger, 35°C, 23,
2932,TP_z10_03_1,9,CU, INT, INT030, z10, 26.12.2021," Basytec CTS, SN:CTS.X.13.00.0354", CH22/23, Binder MK240 #Schroedinger, 23°C, 23,4.726100911986563
2933,TP_z10_03_1,10,ZYK, INT, INT030, z10, 29.12.2021," Basytec CTS, SN:CTS.X.13.00.0354", CH22/23, Binder MK240 #Schroedinger, 35°C, 23,
2934,TP_z10_03_1,11,CU, INT, INT030, z10, 12.01.2022," Basytec CTS, SN:CTS.X.13.00.0354", CH22/23, Binder MK240 #Schroedinger, 23°C, 23,4.701558094930169
2935,TP_z10_03_1,12,ZYK, INT, INT030, z10, 21.01.2022," Basytec CTS, SN:CTS.X.13.00.0354", CH22/23, Binder MK240 #Schroedinger, 35°C, 23,
2936,TP_z10_03_1,13,exCU, INT, INT030, z10, 06.02.2022," Basytec CTS, SN:CTS.X.13.00.0354", CH22/23, Binder MK240 #Schroedinger, 23°C, 23,4.677838881833733
2937,TP_z10_03_1,14,ZYK, INT, INT030, z10, 11.02.2022," Basytec CTS, SN:CTS.X.13.00.0354", CH22/23, Binder MK240 #Schroedinger, 35°C, 23,
2938,TP_z10_03_1,15,CU, INT, INT030, z10, 14.03.2022," Basytec CTS, SN:CTS.X.13.00.0354", CH22/23, Binder MK240 #Schroedinger, 23°C, 23,4.650556894454718
2939,TP_z10_03_1,16,ZYK, INT, INT030, z10, 22.03.2022," Basytec CTS, SN:CTS.X.13.00.0354", CH22/23, Binder MK240 #Schroedinger, 35°C, 23,
2940,TP_z10_03_1,17,CU, INT, INT030, z10, 02.05.2022," Basytec CTS, SN:CTS.X.13.00.0354", CH22/23, Binder MK240 #Schroedinger, 23°C, 23,4.623743805435915
2941,TP_z10_03_1,18,ZYK, INT, INT030, z10, 09.05.2022," Basytec CTS, SN:CTS.X.13.00.0354", CH22/23, Binder MK240 #Schroedinger, 35°C, 23,
2942,TP_z10_03_1,19,exCU, INT, INT030, z10, 07.06.2022," Basytec CTS, SN:CTS.X.13.00.0354", CH22/23, Binder MK240 #Schroedinger, 23°C, 23,4.592879042851134
2943,TP_z10_03_1,20,ZYK, INT, INT030, z10, 13.06.2022," Basytec CTS, SN:CTS.X.13.00.0354", CH22/23, Binder MK240 #Schroedinger, 35°C, 23,
2944,TP_z10_03_1,21,CU, INT, INT030, z10, 18.07.2022," Basytec CTS, SN:CTS.X.13.00.0354", CH22/23, Binder MK240 #Schroedinger, 23°C, 23,4.57566683096275
2945,TP_z10_03_1,22,ZYK, INT, INT030, z10, 22.07.2022," Basytec CTS, SN:CTS.X.13.00.0354", CH22/23, Binder MK240 #Schroedinger, 35°C, 23,
2946,TP_z10_03_1,23,CU, INT, INT030, z10, 19.08.2022," Basytec CTS, SN:CTS.X.13.00.0354", CH22/23, Binder MK240 #Schroedinger, 23°C, 23,4.550044880219451
2947,TP_z10_03_1,24,ZYK, INT, INT030, z10, 23.08.2022," Basytec CTS, SN:CTS.X.13.00.0354", CH22/23, Binder MK240 #Schroedinger, 35°C, 23,
2948,TP_z10_03_1,25,AT_T23, INT, INT030, z10, 29.09.2022," Basytec CTS, SN:CTS.X.13.00.0354", CH22/23, Binder MK240 #Schroedinger, 23°C, 23,4.555050308706434
2949,TP_z10_03_1,25,AT_T45, INT, INT030, z10, 26.09.2022," Basytec CTS, SN:CTS.X.13.00.0354", CH22/23, Binder MK240 #Schroedinger, 45°C, 23,4.635959616387046
2950,TP_z10_03_1,25,AT_T10, INT, INT030, z10, 23.09.2022," Basytec CTS, SN:CTS.X.13.00.0354", CH22/23, Binder MK240 #Schroedinger, 10°C, 23,4.423856411630788
2951,TP_z10_03_2,1,ET_T10, INT, INT054, TP_z10_03_MKII, 17.02.2023, Basytec CTS.x13.00.0355, CH12/13, Binder MK240 #Planck, 10, 7,4.717266448964734
2952,TP_z10_03_2,1,ET_T23, INT, INT054, TP_z10_03_MKII, 24.02.2023, Basytec CTS.x13.00.0355, CH12/13, Binder MK240 #Planck, 23, 7,4.846642137390985
2953,TP_z10_03_2,1,ET_T45, INT, INT054, TP_z10_03_MKII, 21.02.2023, Basytec CTS.x13.00.0355, CH12/13, Binder MK240 #Planck, 45, 7,4.937693316373333
2954,TP_z10_03_2,2,ZYK, INT, INT054, TP_z10_03_MKII, 26.04.2023, Basytec CTS.x.13.00.0354, CH10/11, Binder MK240 #Schroedinger, 35, 6,
2955,TP_z10_03_2,3,CU, INT, INT054, TP_z10_03_MKII, 04.05.2023, Basytec CTS.x.13.00.0354, CH10/11, Binder MK240 #Schroedinger, 23, 6,4.749289019691288
2956,TP_z10_03_2,4,ZYK, INT, INT054, TP_z10_03_MKII, 08.05.2023, Basytec CTS.x.13.00.0354, CH10/11, Binder MK240 #Schroedinger, 35, 6,
2957,TP_z10_03_2,5,CU, INT, INT054, TP_z10_03_MKII, 16.05.2023, Basytec CTS.x.13.00.0354, CH10/11, Binder MK240 #Schroedinger, 23, 6,4.713197198977084
2958,TP_z10_03_2,6,ZYK, INT, INT054, TP_z10_03_MKII, 17.05.2023, Basytec CTS.x.13.00.0354, CH10/11, Binder MK240 #Schroedinger, 35, 6,
2959,TP_z10_03_2,7,exCU, INT, INT054, TP_z10_03_MKII, 25.05.2023, Basytec CTS.x.13.00.0354, CH10/11, Binder MK240 #Schroedinger, 23, 6,4.691264719016273
2960,TP_z10_03_2,8,ZYK, INT, INT054, TP_z10_03_MKII, 26.05.2023, Basytec CTS.x.13.00.0354, CH10/11, Binder MK240 #Schroedinger, 35, 6,
2961,TP_z10_03_2,9,CU, INT, INT054, TP_z10_03_MKII, 12.06.2023, Basytec CTS.x.13.00.0354, CH10/11, Binder MK240 #Schroedinger, 23, 6,4.659714665776733
2962,TP_z10_03_2,10,ZYK, INT, INT054, TP_z10_03_MKII, 14.06.2023, Basytec CTS.x.13.00.0354, CH10/11, Binder MK240 #Schroedinger, 35, 6,
2963,TP_z10_03_2,11,CU, INT, INT054, TP_z10_03_MKII, 29.06.2023, Basytec CTS.x.13.00.0354, CH10/11, Binder MK240 #Schroedinger, 23, 6,4.615225765921214
2964,TP_z10_03_2,12,ZYK, INT, INT054, TP_z10_03_MKII, 30.06.2023, Basytec CTS.x.13.00.0354, CH10/11, Binder MK240 #Schroedinger, 35, 6,
2965,TP_z10_03_2,13,exCU, INT, INT054, TP_z10_03_MKII, 18.07.2023, Basytec CTS.x.13.00.0354, CH10/11, Binder MK240 #Schroedinger, 23, 6,4.588118685986185
2966,TP_z10_03_2,14,ZYK, INT, INT054, TP_z10_03_MKII, 25.07.2023, Basytec CTS.x.13.00.0354, CH10/11, Binder MK240 #Schroedinger, 45, 6,
2967,TP_z10_03_2,15,CU, INT, INT054, TP_z10_03_MKII, 23.08.2023, Basytec CTS.x.13.00.0354, CH10/11, Binder MK240 #Schroedinger, 23, 6,4.510945715831723
2968,TP_z10_03_2,16,ZYK, INT, INT054, TP_z10_03_MKII, 29.08.2023, Basytec CTS.x.13.00.0354, CH10/11, Binder MK240 #Schroedinger, 45, 6,
2969,TP_z10_03_2,17,CU, INT, INT054, TP_z10_03_MKII, 02.10.2023, Basytec CTS.x.13.00.0354, CH10/11, Binder MK240 #Schroedinger, 23, 6,4.58206699282237
2970,TP_z11_01_1,1,ET_T23, INT, INT031, z11, 18.10.2021," Basytec CTS, SN:CTS.X.13.00.0354", CH02/03, Binder MK240 #Schroedinger, 23°C, 12,4.840641800119598
2971,TP_z11_01_1,1,ET_T45, INT, INT031, z11, 15.10.2021," Basytec CTS, SN:CTS.X.13.00.0354", CH02/03, Binder MK240 #Schroedinger, 45°C, 12,4.95032695264748
2972,TP_z11_01_1,1,ET_T10, INT, INT031, z11, 12.10.2021," Basytec CTS, SN:CTS.X.13.00.0354", CH02/03, Binder MK240 #Schroedinger, 10°C, 12,4.787020578724011
2973,TP_z11_01_1,2,ZYK, INT, INT031, z11, 02.11.2021," Basytec CTS, SN:CTS.X.13.00.0354", CH24/25, Binder MK240 #Schroedinger, 35°C, 24,
2974,TP_z11_01_1,3,CU, INT, INT031, z11, 12.11.2021," Basytec CTS, SN:CTS.X.13.00.0354", CH24/25, Binder MK240 #Schroedinger, 23°C, 24,4.838151992340394
2975,TP_z11_01_1,4,ZYK, INT, INT031, z11, 15.11.2021," Basytec CTS, SN:CTS.X.13.00.0354", CH24/25, Binder MK240 #Schroedinger, 35°C, 24,
2976,TP_z11_01_1,5,CU, INT, INT031, z11, 25.11.2021," Basytec CTS, SN:CTS.X.13.00.0354", CH24/25, Binder MK240 #Schroedinger, 23°C, 24,4.828034440401816
2977,TP_z11_01_1,6,ZYK, INT, INT031, z11, 26.11.2021," Basytec CTS, SN:CTS.X.13.00.0354", CH24/25, Binder MK240 #Schroedinger, 35°C, 24,
2978,TP_z11_01_1,7,exCU, INT, INT031, z11, 05.12.2021," Basytec CTS, SN:CTS.X.13.00.0354", CH24/25, Binder MK240 #Schroedinger, 23°C, 24,4.822333518025943
2979,TP_z11_01_1,8,ZYK, INT, INT031, z11, 10.12.2021," Basytec CTS, SN:CTS.X.13.00.0354", CH24/25, Binder MK240 #Schroedinger, 35°C, 24,
2980,TP_z11_01_1,9,CU, INT, INT031, z11, 26.12.2021," Basytec CTS, SN:CTS.X.13.00.0354", CH24/25, Binder MK240 #Schroedinger, 23°C, 24,4.810175852696025
2981,TP_z11_01_1,10,ZYK, INT, INT031, z11, 29.12.2021," Basytec CTS, SN:CTS.X.13.00.0354", CH24/25, Binder MK240 #Schroedinger, 35°C, 24,
2982,TP_z11_01_1,11,CU, INT, INT031, z11, 12.01.2022," Basytec CTS, SN:CTS.X.13.00.0354", CH24/25, Binder MK240 #Schroedinger, 23°C, 24,4.7998195365554
2983,TP_z11_01_1,12,ZYK, INT, INT031, z11, 21.01.2022," Basytec CTS, SN:CTS.X.13.00.0354", CH24/25, Binder MK240 #Schroedinger, 35°C, 24,
2984,TP_z11_01_1,13,exCU, INT, INT031, z11, 06.02.2022," Basytec CTS, SN:CTS.X.13.00.0354", CH24/25, Binder MK240 #Schroedinger, 23°C, 24,4.789427784310572
2985,TP_z11_01_1,14,ZYK, INT, INT031, z11, 11.02.2022," Basytec CTS, SN:CTS.X.13.00.0354", CH24/25, Binder MK240 #Schroedinger, 35°C, 24,
2986,TP_z11_01_1,15,CU, INT, INT031, z11, 14.03.2022," Basytec CTS, SN:CTS.X.13.00.0354", CH24/25, Binder MK240 #Schroedinger, 23°C, 24,4.771898943441375
2987,TP_z11_01_1,16,ZYK, INT, INT031, z11, 25.03.2022," Basytec CTS, SN:CTS.X.13.00.0354", CH24/25, Binder MK240 #Schroedinger, 35°C, 24,
2988,TP_z11_01_1,17,CU, INT, INT031, z11, 02.05.2022," Basytec CTS, SN:CTS.X.13.00.0354", CH24/25, Binder MK240 #Schroedinger, 23°C, 24,4.762080884913155
2989,TP_z11_01_1,18,ZYK, INT, INT031, z11, 09.05.2022," Basytec CTS, SN:CTS.X.13.00.0354", CH24/25, Binder MK240 #Schroedinger, 35°C, 24,
2990,TP_z11_01_1,19,exCU, INT, INT031, z11, 07.06.2022," Basytec CTS, SN:CTS.X.13.00.0354", CH24/25, Binder MK240 #Schroedinger, 23°C, 24,4.744632428959053
2991,TP_z11_01_1,20,ZYK, INT, INT031, z11, 13.06.2022," Basytec CTS, SN:CTS.X.13.00.0354", CH24/25, Binder MK240 #Schroedinger, 35°C, 24,
2992,TP_z11_01_1,21,CU, INT, INT031, z11, 18.07.2022," Basytec CTS, SN:CTS.X.13.00.0354", CH24/25, Binder MK240 #Schroedinger, 23°C, 24,4.7306966779317445
2993,TP_z11_01_1,22,ZYK, INT, INT031, z11, 22.07.2022," Basytec CTS, SN:CTS.X.13.00.0354", CH24/25, Binder MK240 #Schroedinger, 35°C, 24,
2994,TP_z11_01_1,23,CU, INT, INT031, z11, 19.08.2022," Basytec CTS, SN:CTS.X.13.00.0354", CH24/25, Binder MK240 #Schroedinger, 23°C, 24,4.71447618802145
2995,TP_z11_01_1,24,ZYK, INT, INT031, z11, 23.08.2022," Basytec CTS, SN:CTS.X.13.00.0354", CH24/25, Binder MK240 #Schroedinger, 35°C, 24,
2996,TP_z11_01_1,25,AT_T10, INT, INT031, z11, 23.09.2022," Basytec CTS, SN:CTS.X.13.00.0354", CH24/25, Binder MK240 #Schroedinger, 10°C, 24,4.624089513271528
2997,TP_z11_01_1,25,AT_T23, INT, INT031, z11, 29.09.2022," Basytec CTS, SN:CTS.X.13.00.0354", CH24/25, Binder MK240 #Schroedinger, 23°C, 24,4.6727672197988035
2998,TP_z11_01_1,25,AT_T45, INT, INT031, z11, 26.09.2022," Basytec CTS, SN:CTS.X.13.00.0354", CH24/25, Binder MK240 #Schroedinger, 45°C, 24,4.744966216681533
2999,TP_z11_01_2,1,ET_T23, INT, INT107, TP_z11_01_MKII, 24.02.2023, Basytec CTS.x13.00.0355, CH14/15, Binder MK240 #Planck, 23, 8,4.853646377786044
3000,TP_z11_01_2,1,ET_T45, INT, INT107, TP_z11_01_MKII, 21.02.2023, Basytec CTS.x13.00.0355, CH14/15, Binder MK240 #Planck, 45, 8,4.942737522087407
3001,TP_z11_01_2,1,ET_T10, INT, INT107, TP_z11_01_MKII, 17.02.2023, Basytec CTS.x13.00.0355, CH14/15, Binder MK240 #Planck, 10, 8,4.728107268966777
3002,TP_z11_01_2,2,ZYK, INT, INT107, TP_z11_01_MKII, 26.04.2023, Basytec CTS.x.13.00.0354, CH12/13, Binder MK240 #Schroedinger, 35, 7,
3003,TP_z11_01_2,3,CU, INT, INT107, TP_z11_01_MKII, 04.05.2023, Basytec CTS.x.13.00.0354, CH12/13, Binder MK240 #Schroedinger, 23, 7,4.767271163842202
3004,TP_z11_01_2,4,ZYK, INT, INT107, TP_z11_01_MKII, 08.05.2023, Basytec CTS.x.13.00.0354, CH12/13, Binder MK240 #Schroedinger, 35, 7,
3005,TP_z11_01_2,5,CU, INT, INT107, TP_z11_01_MKII, 16.05.2023, Basytec CTS.x.13.00.0354, CH12/13, Binder MK240 #Schroedinger, 23, 7,4.749525920758186
3006,TP_z11_01_2,6,ZYK, INT, INT107, TP_z11_01_MKII, 17.05.2023, Basytec CTS.x.13.00.0354, CH12/13, Binder MK240 #Schroedinger, 35, 7,
3007,TP_z11_01_2,7,exCU, INT, INT107, TP_z11_01_MKII, 25.05.2023, Basytec CTS.x.13.00.0354, CH12/13, Binder MK240 #Schroedinger, 23, 7,4.735870436796669
3008,TP_z11_01_2,8,ZYK, INT, INT107, TP_z11_01_MKII, 26.05.2023, Basytec CTS.x.13.00.0354, CH12/13, Binder MK240 #Schroedinger, 35, 7,
3009,TP_z11_01_2,9,CU, INT, INT107, TP_z11_01_MKII, 12.06.2023, Basytec CTS.x.13.00.0354, CH12/13, Binder MK240 #Schroedinger, 23, 7,4.711192894123153
3010,TP_z11_01_2,10,ZYK, INT, INT107, TP_z11_01_MKII, 14.06.2023, Basytec CTS.x.13.00.0354, CH12/13, Binder MK240 #Schroedinger, 35, 7,
3011,TP_z11_01_2,11,CU, INT, INT107, TP_z11_01_MKII, 29.06.2023, Basytec CTS.x.13.00.0354, CH12/13, Binder MK240 #Schroedinger, 23, 7,4.688641621053872
3012,TP_z11_01_2,12,ZYK, INT, INT107, TP_z11_01_MKII, 30.06.2023, Basytec CTS.x.13.00.0354, CH12/13, Binder MK240 #Schroedinger, 35, 7,
3013,TP_z11_01_2,13,exCU, INT, INT107, TP_z11_01_MKII, 18.07.2023, Basytec CTS.x.13.00.0354, CH12/13, Binder MK240 #Schroedinger, 23, 7,4.667385848198961
3014,TP_z11_01_2,14,ZYK, INT, INT107, TP_z11_01_MKII, 25.07.2023, Basytec CTS.x.13.00.0354, CH12/13, Binder MK240 #Schroedinger, 35, 7,
3015,TP_z11_01_2,15,CU, INT, INT107, TP_z11_01_MKII, 23.08.2023, Basytec CTS.x.13.00.0354, CH12/13, Binder MK240 #Schroedinger, 23, 7,4.640828856096736
3016,TP_z11_01_2,16,ZYK, INT, INT107, TP_z11_01_MKII, 29.08.2023, Basytec CTS.x.13.00.0354, CH12/13, Binder MK240 #Schroedinger, 35, 7,
3017,TP_z11_01_2,17,CU, INT, INT107, TP_z11_01_MKII, 02.10.2023, Basytec CTS.x.13.00.0354, CH12/13, Binder MK240 #Schroedinger, 23, 7,4.606601531995065
3018,TP_z11_01_2,18,ZYK, INT, INT107, TP_z11_01_MKII, 11.10.2023, Basytec CTS.x.13.00.0354, CH12/13, Binder MK240 #Schroedinger, 35, 7,
3019,TP_z11_01_2,19,exCU, INT, INT107, TP_z11_01_MKII, 09.11.2023, Basytec CTS.x.13.00.0354, CH12/13, Binder MK240 #Schroedinger, 23, 7,4.5814651016106485
3020,TP_z11_01_2,20,ZYK, INT, INT107, TP_z11_01_MKII, 13.11.2023, Basytec CTS.x.13.00.0354, CH12/13, Binder MK240 #Schroedinger, 35, 7,
3021,TP_z11_01_2,21,CU, INT, INT107, TP_z11_01_MKII, 18.12.2023, Basytec CTS.x.13.00.0354, CH12/13, Binder MK240 #Schroedinger, 23, 7,4.559800301144255
3022,TP_z11_01_2,22,ZYK, INT, INT107, TP_z11_01_MKII, 19.12.2023, Basytec CTS.x.13.00.0354, CH12/13, Binder MK240 #Schroedinger, 35, 7,
3023,TP_z11_01_2,23,CU, INT, INT107, TP_z11_01_MKII, 17.01.2024, Basytec CTS.x.13.00.0354, CH12/13, Binder MK240 #Schroedinger, 23, 7,4.541053332622466
3024,TP_z11_01_2,24,ZYK, INT, INT107, TP_z11_01_MKII, 19.01.2024, Basytec CTS.x.13.00.0354, CH12/13, Binder MK240 #Schroedinger, 35, 7,
3025,TP_z11_01_2,25,AT_T10, INT, INT107, TP_z11_01_MKII, 06.02.2024, Basytec CTS.x.13.00.0354, CH12/13, Binder MK240 #Schroedinger, 10, 7,4.408090814693588
3026,TP_z11_01_2,25,AT_T23, INT, INT107, TP_z11_01_MKII, 15.02.2024, Basytec CTS.x.13.00.0354, CH12/13, Binder MK240 #Schroedinger, 23, 7,4.562942640678537
3027,TP_z11_01_2,25,AT_T45, INT, INT107, TP_z11_01_MKII, 12.02.2024, Basytec CTS.x.13.00.0354, CH12/13, Binder MK240 #Schroedinger, 45, 7,4.640905394619049
3028,TP_z11_02_1,1,ET_T23, INT, INT032, z11, 18.10.2021," Basytec CTS, SN:CTS.X.13.00.0354", CH04/05, Binder MK240 #Schroedinger, 23°C, 13,4.787184846633563
3029,TP_z11_02_1,1,ET_T45, INT, INT032, z11, 15.10.2021," Basytec CTS, SN:CTS.X.13.00.0354", CH04/05, Binder MK240 #Schroedinger, 45°C, 13,4.902100026170868
3030,TP_z11_02_1,1,ET_T10, INT, INT032, z11, 12.10.2021," Basytec CTS, SN:CTS.X.13.00.0354", CH04/05, Binder MK240 #Schroedinger, 10°C, 13,4.72745923376068
3031,TP_z11_02_1,2,ZYK, INT, INT032, z11, 02.11.2021," Basytec CTS, SN:CTS.X.13.00.0354", CH26/27, Binder MK240 #Schroedinger, 35°C, 25,
3032,TP_z11_02_1,3,CU, INT, INT032, z11, 12.11.2021," Basytec CTS, SN:CTS.X.13.00.0354", CH26/27, Binder MK240 #Schroedinger, 23°C, 25,4.792549036866021
3033,TP_z11_02_1,4,ZYK, INT, INT032, z11, 15.11.2021," Basytec CTS, SN:CTS.X.13.00.0354", CH26/27, Binder MK240 #Schroedinger, 35°C, 25,
3034,TP_z11_02_1,5,CU, INT, INT032, z11, 25.11.2021," Basytec CTS, SN:CTS.X.13.00.0354", CH26/27, Binder MK240 #Schroedinger, 23°C, 25,4.78188033603461
3035,TP_z11_02_1,6,ZYK, INT, INT032, z11, 26.11.2021," Basytec CTS, SN:CTS.X.13.00.0354", CH26/27, Binder MK240 #Schroedinger, 35°C, 25,
3036,TP_z11_02_1,7,exCU, INT, INT032, z11, 05.12.2021," Basytec CTS, SN:CTS.X.13.00.0354", CH26/27, Binder MK240 #Schroedinger, 23°C, 25,4.775772275957721
3037,TP_z11_02_1,8,ZYK, INT, INT032, z11, 10.12.2021," Basytec CTS, SN:CTS.X.13.00.0354", CH26/27, Binder MK240 #Schroedinger, 35°C, 25,
3038,TP_z11_02_1,9,CU, INT, INT032, z11, 26.12.2021," Basytec CTS, SN:CTS.X.13.00.0354", CH26/27, Binder MK240 #Schroedinger, 23°C, 25,4.760597970254322
3039,TP_z11_02_1,10,ZYK, INT, INT032, z11, 29.12.2021," Basytec CTS, SN:CTS.X.13.00.0354", CH26/27, Binder MK240 #Schroedinger, 35°C, 25,
3040,TP_z11_02_1,11,CU, INT, INT032, z11, 12.01.2022," Basytec CTS, SN:CTS.X.13.00.0354", CH26/27, Binder MK240 #Schroedinger, 23°C, 25,4.748813190074522
3041,TP_z11_02_1,12,ZYK, INT, INT032, z11, 21.01.2022," Basytec CTS, SN:CTS.X.13.00.0354", CH26/27, Binder MK240 #Schroedinger, 35°C, 25,
3042,TP_z11_02_1,13,exCU, INT, INT032, z11, 06.02.2022," Basytec CTS, SN:CTS.X.13.00.0354", CH26/27, Binder MK240 #Schroedinger, 23°C, 25,4.7392034815653
3043,TP_z11_02_1,14,ZYK, INT, INT032, z11, 11.02.2022," Basytec CTS, SN:CTS.X.13.00.0354", CH26/27, Binder MK240 #Schroedinger, 35°C, 25,
3044,TP_z11_02_1,15,CU, INT, INT032, z11, 14.03.2022," Basytec CTS, SN:CTS.X.13.00.0354", CH26/27, Binder MK240 #Schroedinger, 23°C, 25,4.720935405763031
3045,TP_z11_02_1,16,ZYK, INT, INT032, z11, 25.03.2022," Basytec CTS, SN:CTS.X.13.00.0354", CH26/27, Binder MK240 #Schroedinger, 35°C, 25,
3046,TP_z11_02_1,17,CU, INT, INT032, z11, 02.05.2022," Basytec CTS, SN:CTS.X.13.00.0354", CH26/27, Binder MK240 #Schroedinger, 23°C, 25,4.709748150143122
3047,TP_z11_02_1,18,ZYK, INT, INT032, z11, 09.05.2022," Basytec CTS, SN:CTS.X.13.00.0354", CH26/27, Binder MK240 #Schroedinger, 35°C, 25,
3048,TP_z11_02_1,19,exCU, INT, INT032, z11, 07.06.2022," Basytec CTS, SN:CTS.X.13.00.0354", CH26/27, Binder MK240 #Schroedinger, 23°C, 25,4.6930016352726005
3049,TP_z11_02_1,20,ZYK, INT, INT032, z11, 13.06.2022," Basytec CTS, SN:CTS.X.13.00.0354", CH26/27, Binder MK240 #Schroedinger, 35°C, 25,
3050,TP_z11_02_1,21,CU, INT, INT032, z11, 18.07.2022," Basytec CTS, SN:CTS.X.13.00.0354", CH26/27, Binder MK240 #Schroedinger, 23°C, 25,4.678642821636965
3051,TP_z11_02_1,22,ZYK, INT, INT032, z11, 22.07.2022," Basytec CTS, SN:CTS.X.13.00.0354", CH26/27, Binder MK240 #Schroedinger, 35°C, 25,
3052,TP_z11_02_1,23,CU, INT, INT032, z11, 19.08.2022," Basytec CTS, SN:CTS.X.13.00.0354", CH26/27, Binder MK240 #Schroedinger, 23°C, 25,4.661922623540823
3053,TP_z11_02_1,24,ZYK, INT, INT032, z11, 23.08.2022," Basytec CTS, SN:CTS.X.13.00.0354", CH26/27, Binder MK240 #Schroedinger, 35°C, 25,
3054,TP_z11_02_1,25,AT_T10, INT, INT032, z11, 23.09.2022," Basytec CTS, SN:CTS.X.13.00.0354", CH26/27, Binder MK240 #Schroedinger, 10°C, 25,4.573542330852733
3055,TP_z11_02_1,25,AT_T23, INT, INT032, z11, 29.09.2022," Basytec CTS, SN:CTS.X.13.00.0354", CH26/27, Binder MK240 #Schroedinger, 23°C, 25,4.620067878882892
3056,TP_z11_02_1,25,AT_T45, INT, INT032, z11, 26.09.2022," Basytec CTS, SN:CTS.X.13.00.0354", CH26/27, Binder MK240 #Schroedinger, 45°C, 25,4.693787895528118
3057,TP_z11_02_2,1,ET_T23, INT, INT044, TP_z11_02_MKII, 24.02.2023, Basytec CTS.x13.00.0355, CH16/17, Binder MK240 #Planck, 23, 9,4.854008933359399
3058,TP_z11_02_2,1,ET_T45, INT, INT044, TP_z11_02_MKII, 21.02.2023, Basytec CTS.x13.00.0355, CH16/17, Binder MK240 #Planck, 45, 9,4.94006471897615
3059,TP_z11_02_2,1,ET_T10, INT, INT044, TP_z11_02_MKII, 17.02.2023, Basytec CTS.x13.00.0355, CH16/17, Binder MK240 #Planck, 10, 9,4.7407614993959495
3060,TP_z11_02_2,2,ZYK, INT, INT044, TP_z11_02_MKII, 26.04.2023, Basytec CTS.x.13.00.0354, CH14/15, Binder MK240 #Schroedinger, 35, 8,
3061,TP_z11_02_2,3,CU, INT, INT044, TP_z11_02_MKII, 04.05.2023, Basytec CTS.x.13.00.0354, CH14/15, Binder MK240 #Schroedinger, 23, 8,4.768507686773955
3062,TP_z11_02_2,4,ZYK, INT, INT044, TP_z11_02_MKII, 08.05.2023, Basytec CTS.x.13.00.0354, CH14/15, Binder MK240 #Schroedinger, 35, 8,
3063,TP_z11_02_2,5,CU, INT, INT044, TP_z11_02_MKII, 16.05.2023, Basytec CTS.x.13.00.0354, CH14/15, Binder MK240 #Schroedinger, 23, 8,4.753020849748831
3064,TP_z11_02_2,6,ZYK, INT, INT044, TP_z11_02_MKII, 17.05.2023, Basytec CTS.x.13.00.0354, CH14/15, Binder MK240 #Schroedinger, 35, 8,
3065,TP_z11_02_2,7,exCU, INT, INT044, TP_z11_02_MKII, 25.05.2023, Basytec CTS.x.13.00.0354, CH14/15, Binder MK240 #Schroedinger, 23, 8,4.739025584297293
3066,TP_z11_02_2,8,ZYK, INT, INT044, TP_z11_02_MKII, 26.05.2023, Basytec CTS.x.13.00.0354, CH14/15, Binder MK240 #Schroedinger, 35, 8,
3067,TP_z11_02_2,9,CU, INT, INT044, TP_z11_02_MKII, 12.06.2023, Basytec CTS.x.13.00.0354, CH14/15, Binder MK240 #Schroedinger, 23, 8,4.714760847313185
3068,TP_z11_02_2,10,ZYK, INT, INT044, TP_z11_02_MKII, 14.06.2023, Basytec CTS.x.13.00.0354, CH14/15, Binder MK240 #Schroedinger, 35, 8,
3069,TP_z11_02_2,11,CU, INT, INT044, TP_z11_02_MKII, 29.06.2023, Basytec CTS.x.13.00.0354, CH14/15, Binder MK240 #Schroedinger, 23, 8,4.693372326605202
3070,TP_z11_02_2,12,ZYK, INT, INT044, TP_z11_02_MKII, 30.06.2023, Basytec CTS.x.13.00.0354, CH14/15, Binder MK240 #Schroedinger, 35, 8,
3071,TP_z11_02_2,13,exCU, INT, INT044, TP_z11_02_MKII, 18.07.2023, Basytec CTS.x.13.00.0354, CH14/15, Binder MK240 #Schroedinger, 23, 8,4.672467486409618
3072,TP_z11_02_2,14,ZYK, INT, INT044, TP_z11_02_MKII, 25.07.2023, Basytec CTS.x.13.00.0354, CH14/15, Binder MK240 #Schroedinger, 35, 8,
3073,TP_z11_02_2,15,CU, INT, INT044, TP_z11_02_MKII, 23.08.2023, Basytec CTS.x.13.00.0354, CH14/15, Binder MK240 #Schroedinger, 23, 8,4.643435118849139
3074,TP_z11_02_2,16,ZYK, INT, INT044, TP_z11_02_MKII, 29.08.2023, Basytec CTS.x.13.00.0354, CH14/15, Binder MK240 #Schroedinger, 35, 8,
3075,TP_z11_02_2,17,CU, INT, INT044, TP_z11_02_MKII, 02.10.2023, Basytec CTS.x.13.00.0354, CH14/15, Binder MK240 #Schroedinger, 23, 8,4.609269056829795
3076,TP_z11_02_2,18,ZYK, INT, INT044, TP_z11_02_MKII, 11.10.2023, Basytec CTS.x.13.00.0354, CH14/15, Binder MK240 #Schroedinger, 35, 8,
3077,TP_z11_02_2,19,exCU, INT, INT044, TP_z11_02_MKII, 09.11.2023, Basytec CTS.x.13.00.0354, CH14/15, Binder MK240 #Schroedinger, 23, 8,4.5847275384085355
3078,TP_z11_02_2,20,ZYK, INT, INT044, TP_z11_02_MKII, 13.11.2023, Basytec CTS.x.13.00.0354, CH14/15, Binder MK240 #Schroedinger, 35, 8,
3079,TP_z11_02_2,21,CU, INT, INT044, TP_z11_02_MKII, 18.12.2023, Basytec CTS.x.13.00.0354, CH14/15, Binder MK240 #Schroedinger, 23, 8,4.560329592993835
3080,TP_z11_02_2,22,ZYK, INT, INT044, TP_z11_02_MKII, 19.12.2023, Basytec CTS.x.13.00.0354, CH14/15, Binder MK240 #Schroedinger, 35, 8,
3081,TP_z11_02_2,23,CU, INT, INT044, TP_z11_02_MKII, 17.01.2024, Basytec CTS.x.13.00.0354, CH14/15, Binder MK240 #Schroedinger, 23, 8,4.540328689698869
3082,TP_z11_02_2,24,ZYK, INT, INT044, TP_z11_02_MKII, 19.01.2024, Basytec CTS.x.13.00.0354, CH14/15, Binder MK240 #Schroedinger, 35, 8,
3083,TP_z11_02_2,25,AT_T10, INT, INT044, TP_z11_02_MKII, 06.02.2024, Basytec CTS.x.13.00.0354, CH14/15, Binder MK240 #Schroedinger, 10, 8,4.409064895946072
3084,TP_z11_02_2,25,AT_T23, INT, INT044, TP_z11_02_MKII, 15.02.2024, Basytec CTS.x.13.00.0354, CH14/15, Binder MK240 #Schroedinger, 23, 8,4.5597711390925255
3085,TP_z11_02_2,25,AT_T45, INT, INT044, TP_z11_02_MKII, 12.02.2024, Basytec CTS.x.13.00.0354, CH14/15, Binder MK240 #Schroedinger, 45, 8,4.638190508586124
3086,TP_z11_03_1,1,ET_T10, INT, INT033, z11, 12.10.2021," Basytec CTS, SN:CTS.X.13.00.0354", CH06/07, Binder MK240 #Schroedinger, 10°C, 14,4.716599725858259
3087,TP_z11_03_1,1,ET_T45, INT, INT033, z11, 15.10.2021," Basytec CTS, SN:CTS.X.13.00.0354", CH06/07, Binder MK240 #Schroedinger, 45°C, 14,4.909910597962873
3088,TP_z11_03_1,1,ET_T23, INT, INT033, z11, 18.10.2021," Basytec CTS, SN:CTS.X.13.00.0354", CH06/07, Binder MK240 #Schroedinger, 23°C, 14,4.797344847695672
3089,TP_z11_03_1,2,ZYK, INT, INT033, z11, 02.11.2021," Basytec CTS, SN:CTS.X.13.00.0354", CH28/29, Binder MK240 #Schroedinger, 35°C, 26,
3090,TP_z11_03_1,3,CU, INT, INT033, z11, 12.11.2021," Basytec CTS, SN:CTS.X.13.00.0354", CH28/29, Binder MK240 #Schroedinger, 23°C, 26,4.79550631567185
3091,TP_z11_03_1,4,ZYK, INT, INT033, z11, 15.11.2021," Basytec CTS, SN:CTS.X.13.00.0354", CH28/29, Binder MK240 #Schroedinger, 35°C, 26,
3092,TP_z11_03_1,5,CU, INT, INT033, z11, 25.11.2021," Basytec CTS, SN:CTS.X.13.00.0354", CH28/29, Binder MK240 #Schroedinger, 23°C, 26,4.783841564944712
3093,TP_z11_03_1,6,ZYK, INT, INT033, z11, 26.11.2021," Basytec CTS, SN:CTS.X.13.00.0354", CH28/29, Binder MK240 #Schroedinger, 35°C, 26,
3094,TP_z11_03_1,7,exCU, INT, INT033, z11, 05.12.2021," Basytec CTS, SN:CTS.X.13.00.0354", CH28/29, Binder MK240 #Schroedinger, 23°C, 26,4.776669552398506
3095,TP_z11_03_1,8,ZYK, INT, INT033, z11, 10.12.2021," Basytec CTS, SN:CTS.X.13.00.0354", CH28/29, Binder MK240 #Schroedinger, 35°C, 26,
3096,TP_z11_03_1,9,CU, INT, INT033, z11, 26.12.2021," Basytec CTS, SN:CTS.X.13.00.0354", CH28/29, Binder MK240 #Schroedinger, 23°C, 26,4.761561209115415
3097,TP_z11_03_1,10,ZYK, INT, INT033, z11, 29.12.2021," Basytec CTS, SN:CTS.X.13.00.0354", CH28/29, Binder MK240 #Schroedinger, 35°C, 26,
3098,TP_z11_03_1,11,CU, INT, INT033, z11, 12.01.2022," Basytec CTS, SN:CTS.X.13.00.0354", CH28/29, Binder MK240 #Schroedinger, 23°C, 26,4.751253179609304
3099,TP_z11_03_1,12,ZYK, INT, INT033, z11, 21.01.2022," Basytec CTS, SN:CTS.X.13.00.0354", CH28/29, Binder MK240 #Schroedinger, 35°C, 26,
3100,TP_z11_03_1,13,exCU, INT, INT033, z11, 06.02.2022," Basytec CTS, SN:CTS.X.13.00.0354", CH28/29, Binder MK240 #Schroedinger, 23°C, 26,4.743243250908414
3101,TP_z11_03_1,14,ZYK, INT, INT033, z11, 11.02.2022," Basytec CTS, SN:CTS.X.13.00.0354", CH28/29, Binder MK240 #Schroedinger, 35°C, 26,
3102,TP_z11_03_1,15,CU, INT, INT033, z11, 14.03.2022," Basytec CTS, SN:CTS.X.13.00.0354", CH28/29, Binder MK240 #Schroedinger, 23°C, 26,4.727394021585201
3103,TP_z11_03_1,16,ZYK, INT, INT033, z11, 25.03.2022," Basytec CTS, SN:CTS.X.13.00.0354", CH28/29, Binder MK240 #Schroedinger, 35°C, 26,
3104,TP_z11_03_1,17,CU, INT, INT033, z11, 02.05.2022," Basytec CTS, SN:CTS.X.13.00.0354", CH28/29, Binder MK240 #Schroedinger, 23°C, 26,4.717609081510394
3105,TP_z11_03_1,18,ZYK, INT, INT033, z11, 09.05.2022," Basytec CTS, SN:CTS.X.13.00.0354", CH28/29, Binder MK240 #Schroedinger, 35°C, 26,
3106,TP_z11_03_1,19,exCU, INT, INT033, z11, 07.06.2022," Basytec CTS, SN:CTS.X.13.00.0354", CH28/29, Binder MK240 #Schroedinger, 23°C, 26,4.701738766157548
3107,TP_z11_03_1,20,ZYK, INT, INT033, z11, 13.06.2022," Basytec CTS, SN:CTS.X.13.00.0354", CH28/29, Binder MK240 #Schroedinger, 35°C, 26,
3108,TP_z11_03_1,21,CU, INT, INT033, z11, 18.07.2022," Basytec CTS, SN:CTS.X.13.00.0354", CH28/29, Binder MK240 #Schroedinger, 23°C, 26,4.688926392504252
3109,TP_z11_03_1,22,ZYK, INT, INT033, z11, 22.07.2022," Basytec CTS, SN:CTS.X.13.00.0354", CH28/29, Binder MK240 #Schroedinger, 35°C, 26,
3110,TP_z11_03_1,23,CU, INT, INT033, z11, 19.08.2022," Basytec CTS, SN:CTS.X.13.00.0354", CH28/29, Binder MK240 #Schroedinger, 23°C, 26,4.673725553956508
3111,TP_z11_03_1,24,ZYK, INT, INT033, z11, 23.08.2022," Basytec CTS, SN:CTS.X.13.00.0354", CH28/29, Binder MK240 #Schroedinger, 35°C, 26,
3112,TP_z11_03_1,25,AT_T45, INT, INT033, z11, 26.09.2022," Basytec CTS, SN:CTS.X.13.00.0354", CH28/29, Binder MK240 #Schroedinger, 45°C, 26,4.706013254160337
3113,TP_z11_03_1,25,AT_T23, INT, INT033, z11, 29.09.2022," Basytec CTS, SN:CTS.X.13.00.0354", CH28/29, Binder MK240 #Schroedinger, 23°C, 26,4.630913382847481
3114,TP_z11_03_1,25,AT_T10, INT, INT033, z11, 23.09.2022," Basytec CTS, SN:CTS.X.13.00.0354", CH28/29, Binder MK240 #Schroedinger, 10°C, 26,4.583679747103277
3115,TP_z11_03_2,1,ET_T10, INT, INT011, TP_z11_03_MKII, 17.02.2023, Basytec CTS.x13.00.0355, CH18/19, Binder MK240 #Planck, 10, 10,4.726037171218632
3116,TP_z11_03_2,1,ET_T45, INT, INT011, TP_z11_03_MKII, 21.02.2023, Basytec CTS.x13.00.0355, CH18/19, Binder MK240 #Planck, 45, 10,4.937950059178977
3117,TP_z11_03_2,1,ET_T23, INT, INT011, TP_z11_03_MKII, 24.02.2023, Basytec CTS.x13.00.0355, CH18/19, Binder MK240 #Planck, 23, 10,4.848038562684149
3118,TP_z11_03_2,2,ZYK, INT, INT011, TP_z11_03_MKII, 26.04.2023, Basytec CTS.x.13.00.0354, CH16/17, Binder MK240 #Schroedinger, 35, 9,
3119,TP_z11_03_2,3,CU, INT, INT011, TP_z11_03_MKII, 04.05.2023, Basytec CTS.x.13.00.0354, CH16/17, Binder MK240 #Schroedinger, 23, 9,4.76293979836783
3120,TP_z11_03_2,4,ZYK, INT, INT011, TP_z11_03_MKII, 08.05.2023, Basytec CTS.x.13.00.0354, CH16/17, Binder MK240 #Schroedinger, 35, 9,
3121,TP_z11_03_2,5,CU, INT, INT011, TP_z11_03_MKII, 16.05.2023, Basytec CTS.x.13.00.0354, CH16/17, Binder MK240 #Schroedinger, 23, 9,4.7450745894834565
3122,TP_z11_03_2,6,ZYK, INT, INT011, TP_z11_03_MKII, 17.05.2023, Basytec CTS.x.13.00.0354, CH16/17, Binder MK240 #Schroedinger, 35, 9,
3123,TP_z11_03_2,7,exCU, INT, INT011, TP_z11_03_MKII, 25.05.2023, Basytec CTS.x.13.00.0354, CH16/17, Binder MK240 #Schroedinger, 23, 9,4.727657555151386
3124,TP_z11_03_2,8,ZYK, INT, INT011, TP_z11_03_MKII, 26.05.2023, Basytec CTS.x.13.00.0354, CH16/17, Binder MK240 #Schroedinger, 35, 9,
3125,TP_z11_03_2,9,CU, INT, INT011, TP_z11_03_MKII, 12.06.2023, Basytec CTS.x.13.00.0354, CH16/17, Binder MK240 #Schroedinger, 23, 9,4.701908653398994
3126,TP_z11_03_2,10,ZYK, INT, INT011, TP_z11_03_MKII, 14.06.2023, Basytec CTS.x.13.00.0354, CH16/17, Binder MK240 #Schroedinger, 35, 9,
3127,TP_z11_03_2,11,CU, INT, INT011, TP_z11_03_MKII, 29.06.2023, Basytec CTS.x.13.00.0354, CH16/17, Binder MK240 #Schroedinger, 23, 9,4.684774944930819
3128,TP_z11_03_2,12,ZYK, INT, INT011, TP_z11_03_MKII, 30.06.2023, Basytec CTS.x.13.00.0354, CH16/17, Binder MK240 #Schroedinger, 35, 9,
3129,TP_z11_03_2,13,exCU, INT, INT011, TP_z11_03_MKII, 18.07.2023, Basytec CTS.x.13.00.0354, CH16/17, Binder MK240 #Schroedinger, 23, 9,4.66475856887477
3130,TP_z11_03_2,14,ZYK, INT, INT011, TP_z11_03_MKII, 25.07.2023, Basytec CTS.x.13.00.0354, CH16/17, Binder MK240 #Schroedinger, 35, 9,
3131,TP_z11_03_2,15,CU, INT, INT011, TP_z11_03_MKII, 23.08.2023, Basytec CTS.x.13.00.0354, CH16/17, Binder MK240 #Schroedinger, 23, 9,4.629086188786908
3132,TP_z11_03_2,16,ZYK, INT, INT011, TP_z11_03_MKII, 29.08.2023, Basytec CTS.x.13.00.0354, CH16/17, Binder MK240 #Schroedinger, 35, 9,
3133,TP_z11_03_2,17,CU, INT, INT011, TP_z11_03_MKII, 02.10.2023, Basytec CTS.x.13.00.0354, CH16/17, Binder MK240 #Schroedinger, 23, 9,4.600937648049858
3134,TP_z11_03_2,18,ZYK, INT, INT011, TP_z11_03_MKII, 11.10.2023, Basytec CTS.x.13.00.0354, CH16/17, Binder MK240 #Schroedinger, 35, 9,
3135,TP_z11_03_2,19,exCU, INT, INT011, TP_z11_03_MKII, 09.11.2023, Basytec CTS.x.13.00.0354, CH16/17, Binder MK240 #Schroedinger, 23, 9,4.575831133037653
3136,TP_z11_03_2,20,ZYK, INT, INT011, TP_z11_03_MKII, 13.11.2023, Basytec CTS.x.13.00.0354, CH16/17, Binder MK240 #Schroedinger, 35, 9,
3137,TP_z11_03_2,21,CU, INT, INT011, TP_z11_03_MKII, 18.12.2023, Basytec CTS.x.13.00.0354, CH16/17, Binder MK240 #Schroedinger, 23, 9,4.549657574307841
3138,TP_z11_03_2,22,ZYK, INT, INT011, TP_z11_03_MKII, 19.12.2023, Basytec CTS.x.13.00.0354, CH16/17, Binder MK240 #Schroedinger, 35, 9,
3139,TP_z11_03_2,23,CU, INT, INT011, TP_z11_03_MKII, 17.01.2024, Basytec CTS.x.13.00.0354, CH16/17, Binder MK240 #Schroedinger, 23, 9,4.536453272787637
3140,TP_z11_03_2,24,ZYK, INT, INT011, TP_z11_03_MKII, 19.01.2024, Basytec CTS.x.13.00.0354, CH16/17, Binder MK240 #Schroedinger, 35, 9,
3141,TP_z11_03_2,25,AT_T45, INT, INT011, TP_z11_03_MKII, 12.02.2024, Basytec CTS.x.13.00.0354, CH16/17, Binder MK240 #Schroedinger, 45, 9,4.638043531953999
3142,TP_z11_03_2,25,AT_T23, INT, INT011, TP_z11_03_MKII, 15.02.2024, Basytec CTS.x.13.00.0354, CH16/17, Binder MK240 #Schroedinger, 23, 9,4.5540232262930935
3143,TP_z11_03_2,25,AT_T10, INT, INT011, TP_z11_03_MKII, 06.02.2024, Basytec CTS.x.13.00.0354, CH16/17, Binder MK240 #Schroedinger, 10, 9,4.396290524289869
3144,TP_z12_01_1,1,ET_T10, INT, INT034, z12, 12.10.2021," Basytec CTS, SN:CTS.X.13.00.0354", CH08/09, Binder MK240 #Schroedinger, 10°C, 15,4.765935665450174
3145,TP_z12_01_1,1,ET_T45, INT, INT034, z12, 15.10.2021," Basytec CTS, SN:CTS.X.13.00.0354", CH08/09, Binder MK240 #Schroedinger, 45°C, 15,4.946506041626881
3146,TP_z12_01_1,1,ET_T23, INT, INT034, z12, 18.10.2021," Basytec CTS, SN:CTS.X.13.00.0354", CH08/09, Binder MK240 #Schroedinger, 23°C, 15,4.832728204943505
3147,TP_z12_01_1,2,ZYK, INT, INT034, z12, 02.11.2021," Basytec CTS, SN:CTS.X.13.00.0354", CH30/31, Binder MK240 #Schroedinger, 35°C, 27,
3148,TP_z12_01_1,3,CU, INT, INT034, z12, 12.11.2021," Basytec CTS, SN:CTS.X.13.00.0354", CH30/31, Binder MK240 #Schroedinger, 23°C, 27,4.827871215700041
3149,TP_z12_01_1,4,ZYK, INT, INT034, z12, 15.11.2021," Basytec CTS, SN:CTS.X.13.00.0354", CH30/31, Binder MK240 #Schroedinger, 35°C, 27,
3150,TP_z12_01_1,5,CU, INT, INT034, z12, 25.11.2021," Basytec CTS, SN:CTS.X.13.00.0354", CH30/31, Binder MK240 #Schroedinger, 23°C, 27,4.817194954905167
3151,TP_z12_01_1,6,ZYK, INT, INT034, z12, 26.11.2021," Basytec CTS, SN:CTS.X.13.00.0354", CH30/31, Binder MK240 #Schroedinger, 35°C, 27,
3152,TP_z12_01_1,7,exCU, INT, INT034, z12, 05.12.2021," Basytec CTS, SN:CTS.X.13.00.0354", CH30/31, Binder MK240 #Schroedinger, 23°C, 27,4.810263263829081
3153,TP_z12_01_1,8,ZYK, INT, INT034, z12, 10.12.2021," Basytec CTS, SN:CTS.X.13.00.0354", CH30/31, Binder MK240 #Schroedinger, 35°C, 27,
3154,TP_z12_01_1,9,CU, INT, INT034, z12, 26.12.2021," Basytec CTS, SN:CTS.X.13.00.0354", CH30/31, Binder MK240 #Schroedinger, 23°C, 27,4.791726792851679
3155,TP_z12_01_1,10,ZYK, INT, INT034, z12, 29.12.2021," Basytec CTS, SN:CTS.X.13.00.0354", CH30/31, Binder MK240 #Schroedinger, 35°C, 27,
3156,TP_z12_01_1,11,CU, INT, INT034, z12, 12.01.2022," Basytec CTS, SN:CTS.X.13.00.0354", CH30/31, Binder MK240 #Schroedinger, 23°C, 27,4.7855823764955066
3157,TP_z12_01_1,12,ZYK, INT, INT034, z12, 21.01.2022," Basytec CTS, SN:CTS.X.13.00.0354", CH30/31, Binder MK240 #Schroedinger, 35°C, 27,
3158,TP_z12_01_1,13,exCU, INT, INT034, z12, 06.02.2022," Basytec CTS, SN:CTS.X.13.00.0354", CH30/31, Binder MK240 #Schroedinger, 23°C, 27,4.774194192194448
3159,TP_z12_01_1,14,ZYK, INT, INT034, z12, 11.02.2022," Basytec CTS, SN:CTS.X.13.00.0354", CH30/31, Binder MK240 #Schroedinger, 35°C, 27,
3160,TP_z12_01_1,15,CU, INT, INT034, z12, 14.03.2022," Basytec CTS, SN:CTS.X.13.00.0354", CH30/31, Binder MK240 #Schroedinger, 23°C, 27,4.755079370280765
3161,TP_z12_01_1,16,ZYK, INT, INT034, z12, 25.03.2022," Basytec CTS, SN:CTS.X.13.00.0354", CH30/31, Binder MK240 #Schroedinger, 35°C, 27,
3162,TP_z12_01_1,17,CU, INT, INT034, z12, 02.05.2022," Basytec CTS, SN:CTS.X.13.00.0354", CH30/31, Binder MK240 #Schroedinger, 23°C, 27,4.740136947200356
3163,TP_z12_01_1,18,ZYK, INT, INT034, z12, 09.05.2022," Basytec CTS, SN:CTS.X.13.00.0354", CH30/31, Binder MK240 #Schroedinger, 35°C, 27,
3164,TP_z12_01_1,19,exCU, INT, INT034, z12, 07.06.2022," Basytec CTS, SN:CTS.X.13.00.0354", CH30/31, Binder MK240 #Schroedinger, 23°C, 27,4.729732625451837
3165,TP_z12_01_1,20,ZYK, INT, INT034, z12, 13.06.2022," Basytec CTS, SN:CTS.X.13.00.0354", CH30/31, Binder MK240 #Schroedinger, 35°C, 27,
3166,TP_z12_01_1,21,CU, INT, INT034, z12, 18.07.2022," Basytec CTS, SN:CTS.X.13.00.0354", CH30/31, Binder MK240 #Schroedinger, 23°C, 27,4.7137370312591464
3167,TP_z12_01_1,22,ZYK, INT, INT034, z12, 22.07.2022," Basytec CTS, SN:CTS.X.13.00.0354", CH30/31, Binder MK240 #Schroedinger, 35°C, 27,
3168,TP_z12_01_1,23,CU, INT, INT034, z12, 19.08.2022," Basytec CTS, SN:CTS.X.13.00.0354", CH30/31, Binder MK240 #Schroedinger, 23°C, 27,4.703234943297753
3169,TP_z12_01_1,24,ZYK, INT, INT034, z12, 23.08.2022," Basytec CTS, SN:CTS.X.13.00.0354", CH30/31, Binder MK240 #Schroedinger, 35°C, 27,
3170,TP_z12_01_1,25,AT_T45, INT, INT034, z12, 26.09.2022," Basytec CTS, SN:CTS.X.13.00.0354", CH30/31, Binder MK240 #Schroedinger, 45°C, 27,4.762455524230821
3171,TP_z12_01_1,25,AT_T23, INT, INT034, z12, 29.09.2022," Basytec CTS, SN:CTS.X.13.00.0354", CH30/31, Binder MK240 #Schroedinger, 23°C, 27,4.687321955837622
3172,TP_z12_01_1,25,AT_T10, INT, INT034, z12, 23.09.2022," Basytec CTS, SN:CTS.X.13.00.0354", CH30/31, Binder MK240 #Schroedinger, 10°C, 27,4.621681415079466
3173,TP_z12_01_2,1,ET_T10, HM, TP_z12_01, z12, 02.02.23," BaSyTec, SN:1936", CH00/CH01, ATT DY200T, 10°C, bottom rear left,4.7000423696401885
3174,TP_z12_01_2,1,ET_T45, HM, TP_z12_01, z12, 04.02.2023," BaSyTec, SN:1936", CH00/CH01, ATT DY200T, 45°C, bottom rear left,4.938185543720184
3175,TP_z12_01_2,1,ET_T23, HM, TP_z12_01, z12, 07.02.2023," BaSyTec, SN:1936", CH00/CH01, ATT DY200T, 23°C, bottom rear left,4.843801007049655
3176,TP_z12_01_2,2,ZYK, HM, TP_z12_01, z12, 12.02.23," BaSyTec, SN:1936", CH00/CH01, ATT DY200T, 23°C, bottom rear left,
3177,TP_z12_01_2,3,CU, HM, TP_z12_01, z12, 19.02.23," BaSyTec, SN:1936", CH00/CH01, ATT DY200T, 23°C, bottom rear left,4.798850056004494
3178,TP_z12_01_2,4,ZYK, HM, TP_z12_01, z12, 20.02.23," BaSyTec, SN:1936", CH00/CH01, ATT DY200T, 23°C, bottom rear left,
3179,TP_z12_01_2,5,CU, HM, TP_z12_01, z12, 27.02.23," BaSyTec, SN:1936", CH00/CH01, ATT DY200T, 23°C, bottom rear left,4.783836941915659
3180,TP_z12_01_2,6,ZYK, HM, TP_z12_01, z12, 28.02.23," BaSyTec, SN:1936", CH00/CH01, ATT DY200T, 23°C, bottom rear left,
3181,TP_z12_01_2,7,exCU, HM, TP_z12_01, z12, 07.03.23," BaSyTec, SN:1936", CH00/CH01, ATT DY200T, 23°C, bottom rear left,4.767456620042921
3182,TP_z12_01_2,8,ZYK, HM, TP_z12_01, z12, 09.03.23," BaSyTec, SN:1936", CH00/CH01, ATT DY200T, 23°C, bottom rear left,
3183,TP_z12_01_2,9,CU, HM, TP_z12_01, z12, 22.03.23," BaSyTec, SN:1936", CH00/CH01, ATT DY200T, 23°C, bottom rear left,4.74594225259255
3184,TP_z12_01_2,10,ZYK, HM, TP_z12_01, z12, 24.03.23," BaSyTec, SN:1936", CH00/CH01, ATT DY200T, 23°C, bottom rear left,
3185,TP_z12_01_2,11,CU, HM, TP_z12_01, z12, 07.04.23," BaSyTec, SN:1936", CH00/CH01, ATT DY200T, 23°C, bottom rear left,4.731320082314559
3186,TP_z12_01_2,12,ZYK, HM, TP_z12_01, z12, 08.04.23," BaSyTec, SN:1936", CH00/CH01, ATT DY200T, 23°C, bottom rear left,
3187,TP_z12_01_2,13,exCU, HM, TP_z12_01, z12, 22.04.23," BaSyTec, SN:1936", CH00/CH01, ATT DY200T, 23°C, bottom rear left,4.71292489988603
3188,TP_z12_01_2,14,ZYK, HM, TP_z12_01, z12, 24.04.23," BaSyTec, SN:1936", CH00/CH01, ATT DY200T, 23°C, bottom rear left,
3189,TP_z12_01_2,15,CU, HM, TP_z12_01, z12, 22.05.23," BaSyTec, SN:1936", CH00/CH01, ATT DY200T, 23°C, bottom rear left,4.688268583707385
3190,TP_z12_01_2,16,ZYK, HM, TP_z12_01, z12, 23.05.23," BaSyTec, SN:1936", CH00/CH01, ATT DY200T, 23°C, bottom rear left,
3191,TP_z12_01_2,17,CU, HM, TP_z12_01, z12, 20.06.23," BaSyTec, SN:1936", CH00/CH01, ATT DY200T, 23°C, bottom rear left,4.66586616624695
3192,TP_z12_01_2,18,ZYK, HM, TP_z12_01, z12, 21.06.23," BaSyTec, SN:1936", CH00/CH01, ATT DY200T, 23°C, bottom rear left,
3193,TP_z12_01_2,19,exCU, HM, TP_z12_01, z12, 19.07.23," BaSyTec, SN:1936", CH00/CH01, ATT DY200T, 23°C, bottom rear left,4.648172895053243
3194,TP_z12_01_2,20,ZYK, HM, TP_z12_01, z12, 21.07.23," BaSyTec, SN:1936", CH00/CH01, ATT DY200T, 23°C, bottom rear left,
3195,TP_z12_01_2,21,CU, HM, TP_z12_01, z12, 18.08.23," BaSyTec, SN:1936", CH00/CH01, ATT DY200T, 23°C, bottom rear left,4.628677133115472
3196,TP_z12_01_2,22,ZYK, HM, TP_z12_01, z12, 19.08.23," BaSyTec, SN:1936", CH00/CH01, ATT DY200T, 23°C, bottom rear left,
3197,TP_z12_01_2,23,CU, HM, TP_z12_01, z12, 20.09.23," BaSyTec, SN:1936", CH00/CH01, ATT DY200T, 23°C, bottom rear left,4.61146268755714
3198,TP_z12_01_2,24,ZYK, HM, TP_z12_01, z12, 21.09.23," BaSyTec, SN:1936", CH00/CH01, ATT DY200T, 23°C, bottom rear left,
3199,TP_z12_01_2,25,exCU, HM, TP_z12_01, z12, 19.10.23," BaSyTec, SN:1936", CH00/CH01, ATT DY200T, 23°C, bottom rear left,4.5948131707263045
3200,TP_z12_01_2,26,ZYK, HM, TP_z12_01, z12, 21.10.23," BaSyTec, SN:1936", CH00/CH01, ATT DY200T, 23°C, bottom rear left,
3201,TP_z12_01_2,27,CU, HM, TP_z12_01, z12, 18.11.23," BaSyTec, SN:1936", CH00/CH01, ATT DY200T, 23°C, bottom rear left,4.578057143760006
3202,TP_z12_01_2,28,ZYK, HM, TP_z12_01, z12, 19.11.23," BaSyTec, SN:1936", CH00/CH01, ATT DY200T, 23°C, bottom rear left,
3203,TP_z12_01_2,29,CU, HM, TP_z12_01, z12, 17.12.23," BaSyTec, SN:1936", CH00/CH01, ATT DY200T, 23°C, bottom rear left,4.565126229821596
3204,TP_z12_01_2,30,ZYK, HM, TP_z12_01, z12, 18.12.23," BaSyTec, SN:1936", CH00/CH01, ATT DY200T, 23°C, bottom rear left,
3205,TP_z12_01_2,31,exCU, HM, TP_z12_01, z12, 15.01.24," BaSyTec, SN:1936", CH00/CH01, ATT DY200T, 23°C, bottom rear left,4.549705360010082
3206,TP_z12_01_2,32,ZYK, HM, TP_z12_01, z12, 17.01.24," BaSyTec, SN:1936", CH00/CH01, ATT DY200T, 23°C, bottom rear left,
3207,TP_z12_01_2,33,AT_T23, HM, TP_z12_01, z12, 13.02.24," BaSyTec, SN:1936", CH00/CH01, ATT DY200T, 23°C, bottom rear left,4.551409104185823
3208,TP_z12_01_2,33,AT_T45, HM, TP_z12_01, z12, 13.02.24," BaSyTec, SN:1936", CH00/CH01, ATT DY200T, 45°C, bottom rear left,4.617793639016728
3209,TP_z12_01_2,33,AT_T10, HM, TP_z12_01, z12, 13.02.24," BaSyTec, SN:1936", CH00/CH01, ATT DY200T, 10°C, bottom rear left,4.4447919276762615
3210,TP_z12_02_1,1,ET_T10, INT, INT035, z12, 12.10.2021," Basytec CTS, SN:CTS.X.13.00.0354", CH10/11, Binder MK240 #Schroedinger, 10°C, 16,4.735743580358416
3211,TP_z12_02_1,1,ET_T45, INT, INT035, z12, 15.10.2021," Basytec CTS, SN:CTS.X.13.00.0354", CH10/11, Binder MK240 #Schroedinger, 45°C, 16,4.927991225873701
3212,TP_z12_02_1,1,ET_T23, INT, INT035, z12, 18.10.2021," Basytec CTS, SN:CTS.X.13.00.0354", CH10/11, Binder MK240 #Schroedinger, 23°C, 16,4.81587308572313
3213,TP_z12_02_1,2,ZYK, INT, INT035, z12, 02.11.2021," Basytec CTS, SN:CTS.X.13.00.0355", CH20/21, Binder MK240 #Schroedinger, 35°C, 28,
3214,TP_z12_02_1,3,CU, INT, INT035, z12, 12.11.2021," Basytec CTS, SN:CTS.X.13.00.0355", CH20/21, Binder MK240 #Schroedinger, 23°C, 28,4.814070780022879
3215,TP_z12_02_1,4,ZYK, INT, INT035, z12, 15.11.2021," Basytec CTS, SN:CTS.X.13.00.0355", CH20/21, Binder MK240 #Schroedinger, 35°C, 28,
3216,TP_z12_02_1,5,CU, INT, INT035, z12, 25.11.2021," Basytec CTS, SN:CTS.X.13.00.0355", CH20/21, Binder MK240 #Schroedinger, 23°C, 28,4.807799896317161
3217,TP_z12_02_1,6,ZYK, INT, INT035, z12, 26.11.2021," Basytec CTS, SN:CTS.X.13.00.0355", CH20/21, Binder MK240 #Schroedinger, 35°C, 28,
3218,TP_z12_02_1,7,exCU, INT, INT035, z12, 05.12.2021," Basytec CTS, SN:CTS.X.13.00.0355", CH20/21, Binder MK240 #Schroedinger, 23°C, 28,4.800596162044069
3219,TP_z12_02_1,8,ZYK, INT, INT035, z12, 10.12.2021," Basytec CTS, SN:CTS.X.13.00.0354", CH20/21, Binder MK240 #Schroedinger, 35°C, 28,
3220,TP_z12_02_1,9,CU, INT, INT035, z12, 26.12.2021," Basytec CTS, SN:CTS.X.13.00.0354", CH20/21, Binder MK240 #Schroedinger, 23°C, 28,4.783180680417514
3221,TP_z12_02_1,10,ZYK, INT, INT035, z12, 29.12.2021," Basytec CTS, SN:CTS.X.13.00.0354", CH20/21, Binder MK240 #Schroedinger, 35°C, 28,
3222,TP_z12_02_1,11,CU, INT, INT035, z12, 12.01.2022," Basytec CTS, SN:CTS.X.13.00.0354", CH20/21, Binder MK240 #Schroedinger, 23°C, 28,4.772526281282039
3223,TP_z12_02_1,12,ZYK, INT, INT035, z12, 21.01.2022," Basytec CTS, SN:CTS.X.13.00.0354", CH20/21, Binder MK240 #Schroedinger, 35°C, 28,
3224,TP_z12_02_1,13,exCU, INT, INT035, z12, 06.02.2022," Basytec CTS, SN:CTS.X.13.00.0354", CH20/21, Binder MK240 #Schroedinger, 23°C, 28,4.762909637524315
3225,TP_z12_02_1,14,ZYK, INT, INT035, z12, 11.02.2022," Basytec CTS, SN:CTS.X.13.00.0354", CH20/21, Binder MK240 #Schroedinger, 35°C, 28,
3226,TP_z12_02_1,15,CU, INT, INT035, z12, 14.03.2022," Basytec CTS, SN:CTS.X.13.00.0354", CH20/21, Binder MK240 #Schroedinger, 23°C, 28,4.744674693829704
3227,TP_z12_02_1,16,ZYK, INT, INT035, z12, 25.03.2022," Basytec CTS, SN:CTS.X.13.00.0354", CH20/21, Binder MK240 #Schroedinger, 35°C, 28,
3228,TP_z12_02_1,17,CU, INT, INT035, z12, 02.05.2022," Basytec CTS, SN:CTS.X.13.00.0354", CH20/21, Binder MK240 #Schroedinger, 23°C, 28,4.73143995280045
3229,TP_z12_02_1,18,ZYK, INT, INT035, z12, 09.05.2022," Basytec CTS, SN:CTS.X.13.00.0354", CH20/21, Binder MK240 #Schroedinger, 35°C, 28,
3230,TP_z12_02_1,19,exCU, INT, INT035, z12, 07.06.2022," Basytec CTS, SN:CTS.X.13.00.0354", CH20/21, Binder MK240 #Schroedinger, 23°C, 28,4.7194775527215
3231,TP_z12_02_1,20,ZYK, INT, INT035, z12, 13.06.2022," Basytec CTS, SN:CTS.X.13.00.0354", CH20/21, Binder MK240 #Schroedinger, 35°C, 28,
3232,TP_z12_02_1,21,CU, INT, INT035, z12, 18.07.2022," Basytec CTS, SN:CTS.X.13.00.0354", CH20/21, Binder MK240 #Schroedinger, 23°C, 28,4.7050394296279165
3233,TP_z12_02_1,22,ZYK, INT, INT035, z12, 22.07.2022," Basytec CTS, SN:CTS.X.13.00.0354", CH20/21, Binder MK240 #Schroedinger, 35°C, 28,
3234,TP_z12_02_1,23,CU, INT, INT035, z12, 19.08.2022," Basytec CTS, SN:CTS.X.13.00.0354", CH20/21, Binder MK240 #Schroedinger, 23°C, 28,4.69520842286869
3235,TP_z12_02_1,24,ZYK, INT, INT035, z12, 23.08.2022," Basytec CTS, SN:CTS.X.13.00.0354", CH20/21, Binder MK240 #Schroedinger, 35°C, 28,
3236,TP_z12_02_1,25,AT_T45, INT, INT035, z12, 26.09.2022," Basytec CTS, SN:CTS.X.13.00.0354", CH20/21, Binder MK240 #Schroedinger, 45°C, 28,4.745371367383312
3237,TP_z12_02_1,25,AT_T23, INT, INT035, z12, 29.09.2022," Basytec CTS, SN:CTS.X.13.00.0354", CH20/21, Binder MK240 #Schroedinger, 23°C, 28,4.67174536842281
3238,TP_z12_02_1,25,AT_T10, INT, INT035, z12, 23.09.2022," Basytec CTS, SN:CTS.X.13.00.0354", CH20/21, Binder MK240 #Schroedinger, 10°C, 28,4.611989593592741
3239,TP_z12_02_2,1,ET_T10, HM, TP_z12_02, z12, 02.02.23," BaSyTec, SN:1936", CH02/CH03, ATT DY200T, 10°C, bottom rear left,4.73061946931143
3240,TP_z12_02_2,1,ET_T45, HM, TP_z12_02, z12, 04.02.2023," BaSyTec, SN:1936", CH02/CH03, ATT DY200T, 45°C, bottom rear left,4.960640802611088
3241,TP_z12_02_2,1,ET_T23, HM, TP_z12_02, z12, 07.02.2023," BaSyTec, SN:1936", CH02/CH03, ATT DY200T, 23°C, bottom rear left,4.872016237671391
3242,TP_z12_02_2,2,ZYK, HM, TP_z12_02, z12, 12.02.23," BaSyTec, SN:1936", CH02/CH03, ATT DY200T, 23°C, bottom rear left,
3243,TP_z12_02_2,3,CU, HM, TP_z12_02, z12, 19.02.23," BaSyTec, SN:1936", CH02/CH03, ATT DY200T, 23°C, bottom rear left,4.826809476133256
3244,TP_z12_02_2,4,ZYK, HM, TP_z12_02, z12, 20.02.23," BaSyTec, SN:1936", CH02/CH03, ATT DY200T, 23°C, bottom rear left,
3245,TP_z12_02_2,5,CU, HM, TP_z12_02, z12, 27.02.23," BaSyTec, SN:1936", CH02/CH03, ATT DY200T, 23°C, bottom rear left,4.808589765727983
3246,TP_z12_02_2,6,ZYK, HM, TP_z12_02, z12, 28.02.23," BaSyTec, SN:1936", CH02/CH03, ATT DY200T, 23°C, bottom rear left,
3247,TP_z12_02_2,7,exCU, HM, TP_z12_02, z12, 07.03.23," BaSyTec, SN:1936", CH02/CH03, ATT DY200T, 23°C, bottom rear left,4.794878842983165
3248,TP_z12_02_2,8,ZYK, HM, TP_z12_02, z12, 09.03.23," BaSyTec, SN:1936", CH02/CH03, ATT DY200T, 23°C, bottom rear left,
3249,TP_z12_02_2,9,CU, HM, TP_z12_02, z12, 22.03.23," BaSyTec, SN:1936", CH02/CH03, ATT DY200T, 23°C, bottom rear left,4.774013567831387
3250,TP_z12_02_2,10,ZYK, HM, TP_z12_02, z12, 24.03.23," BaSyTec, SN:1936", CH02/CH03, ATT DY200T, 23°C, bottom rear left,
3251,TP_z12_02_2,11,CU, HM, TP_z12_02, z12, 07.04.23," BaSyTec, SN:1936", CH02/CH03, ATT DY200T, 23°C, bottom rear left,4.757190266168235
3252,TP_z12_02_2,12,ZYK, HM, TP_z12_02, z12, 08.04.23," BaSyTec, SN:1936", CH02/CH03, ATT DY200T, 23°C, bottom rear left,
3253,TP_z12_02_2,13,exCU, HM, TP_z12_02, z12, 22.04.23," BaSyTec, SN:1936", CH02/CH03, ATT DY200T, 23°C, bottom rear left,4.7409470066563895
3254,TP_z12_02_2,14,ZYK, HM, TP_z12_02, z12, 24.04.23," BaSyTec, SN:1936", CH02/CH03, ATT DY200T, 23°C, bottom rear left,
3255,TP_z12_02_2,15,CU, HM, TP_z12_02, z12, 22.05.23," BaSyTec, SN:1936", CH02/CH03, ATT DY200T, 23°C, bottom rear left,4.713942677267908
3256,TP_z12_02_2,16,ZYK, HM, TP_z12_02, z12, 23.05.23," BaSyTec, SN:1936", CH02/CH03, ATT DY200T, 23°C, bottom rear left,
3257,TP_z12_02_2,17,CU, HM, TP_z12_02, z12, 20.06.23," BaSyTec, SN:1936", CH02/CH03, ATT DY200T, 23°C, bottom rear left,4.689626240875267
3258,TP_z12_02_2,18,ZYK, HM, TP_z12_02, z12, 21.06.23," BaSyTec, SN:1936", CH02/CH03, ATT DY200T, 23°C, bottom rear left,
3259,TP_z12_02_2,19,exCU, HM, TP_z12_02, z12, 19.07.23," BaSyTec, SN:1936", CH02/CH03, ATT DY200T, 23°C, bottom rear left,4.669832404130847
3260,TP_z12_02_2,20,ZYK, HM, TP_z12_02, z12, 21.07.23," BaSyTec, SN:1936", CH02/CH03, ATT DY200T, 23°C, bottom rear left,
3261,TP_z12_02_2,21,CU, HM, TP_z12_02, z12, 18.08.23," BaSyTec, SN:1936", CH02/CH03, ATT DY200T, 23°C, bottom rear left,4.651114335350259
3262,TP_z12_02_2,22,ZYK, HM, TP_z12_02, z12, 19.08.23," BaSyTec, SN:1936", CH02/CH03, ATT DY200T, 23°C, bottom rear left,
3263,TP_z12_02_2,23,CU, HM, TP_z12_02, z12, 20.09.23," BaSyTec, SN:1936", CH02/CH03, ATT DY200T, 23°C, bottom rear left,4.632971213780775
3264,TP_z12_02_2,24,ZYK, HM, TP_z12_02, z12, 21.09.23," BaSyTec, SN:1936", CH02/CH03, ATT DY200T, 23°C, bottom rear left,
3265,TP_z12_02_2,25,exCU, HM, TP_z12_02, z12, 19.10.23," BaSyTec, SN:1936", CH02/CH03, ATT DY200T, 23°C, bottom rear left,4.615819249812988
3266,TP_z12_02_2,26,ZYK, HM, TP_z12_02, z12, 21.10.23," BaSyTec, SN:1936", CH02/CH03, ATT DY200T, 23°C, bottom rear left,
3267,TP_z12_02_2,27,CU, HM, TP_z12_02, z12, 18.11.23," BaSyTec, SN:1936", CH02/CH03, ATT DY200T, 23°C, bottom rear left,4.599995288123161
3268,TP_z12_02_2,28,ZYK, HM, TP_z12_02, z12, 19.11.23," BaSyTec, SN:1936", CH02/CH03, ATT DY200T, 23°C, bottom rear left,
3269,TP_z12_02_2,29,CU, HM, TP_z12_02, z12, 17.12.23," BaSyTec, SN:1936", CH02/CH03, ATT DY200T, 23°C, bottom rear left,4.586439662230747
3270,TP_z12_02_2,30,ZYK, HM, TP_z12_02, z12, 18.12.23," BaSyTec, SN:1936", CH02/CH03, ATT DY200T, 23°C, bottom rear left,
3271,TP_z12_02_2,31,exCU, HM, TP_z12_02, z12, 15.01.24," BaSyTec, SN:1936", CH02/CH03, ATT DY200T, 23°C, bottom rear left,4.569820222842708
3272,TP_z12_02_2,32,ZYK, HM, TP_z12_02, z12, 17.01.24," BaSyTec, SN:1936", CH02/CH03, ATT DY200T, 23°C, bottom rear left,
3273,TP_z12_02_2,33,AT_T23, HM, TP_z12_02, z12, 13.02.24," BaSyTec, SN:1936", CH02/CH03, ATT DY200T, 23°C, bottom rear left,4.5727459446596805
3274,TP_z12_02_2,33,AT_T45, HM, TP_z12_02, z12, 13.02.24," BaSyTec, SN:1936", CH02/CH03, ATT DY200T, 45°C, bottom rear left,4.632306161220054
3275,TP_z12_02_2,33,AT_T10, HM, TP_z12_02, z12, 13.02.24," BaSyTec, SN:1936", CH02/CH03, ATT DY200T, 10°C, bottom rear left,4.462872555781194
3276,TP_z12_03_1,1,ET_T23, INT, INT036, z12, 18.10.2021," Basytec CTS, SN:CTS.X.13.00.0354", CH12/13, Binder MK240 #Schroedinger, 23°C, 17,4.83735952681381
3277,TP_z12_03_1,1,ET_T45, INT, INT036, z12, 15.10.2021," Basytec CTS, SN:CTS.X.13.00.0354", CH12/13, Binder MK240 #Schroedinger, 45°C, 17,4.945022821970047
3278,TP_z12_03_1,1,ET_T10, INT, INT036, z12, 12.10.2021," Basytec CTS, SN:CTS.X.13.00.0354", CH12/13, Binder MK240 #Schroedinger, 10°C, 17,4.763874834527295
3279,TP_z12_03_1,2,ZYK, INT, INT036, z12, 02.11.2021," Basytec CTS, SN:CTS.X.13.00.0355", CH22/23, Binder MK240 #Schroedinger, 35°C, 29,
3280,TP_z12_03_1,3,CU, INT, INT036, z12, 12.11.2021," Basytec CTS, SN:CTS.X.13.00.0355", CH22/23, Binder MK240 #Schroedinger, 23°C, 29,4.826605362109307
3281,TP_z12_03_1,4,ZYK, INT, INT036, z12, 15.11.2021," Basytec CTS, SN:CTS.X.13.00.0355", CH22/23, Binder MK240 #Schroedinger, 35°C, 29,
3282,TP_z12_03_1,5,CU, INT, INT036, z12, 25.11.2021," Basytec CTS, SN:CTS.X.13.00.0355", CH22/23, Binder MK240 #Schroedinger, 23°C, 29,4.8207116165487385
3283,TP_z12_03_1,6,ZYK, INT, INT036, z12, 26.11.2021," Basytec CTS, SN:CTS.X.13.00.0355", CH22/23, Binder MK240 #Schroedinger, 35°C, 29,
3284,TP_z12_03_1,7,exCU, INT, INT036, z12, xx.12.2021," Basytec CTS, SN:CTS.X.13.00.0355", CH22/23, Binder MK240 #Schroedinger, 23°C, 29,4.81341067438857
3285,TP_z12_03_1,8,ZYK, INT, INT036, z12, 10.12.2021," Basytec CTS, SN:CTS.X.13.00.0354", CH22/23, Binder MK240 #Schroedinger, 35°C, 29,
3286,TP_z12_03_1,9,CU, INT, INT036, z12, 26.12.2021," Basytec CTS, SN:CTS.X.13.00.0354", CH22/23, Binder MK240 #Schroedinger, 23°C, 29,4.7937511485027375
3287,TP_z12_03_1,10,ZYK, INT, INT036, z12, 29.12.2021," Basytec CTS, SN:CTS.X.13.00.0354", CH22/23, Binder MK240 #Schroedinger, 35°C, 29,
3288,TP_z12_03_1,11,CU, INT, INT036, z12, 12.01.2022," Basytec CTS, SN:CTS.X.13.00.0354", CH22/23, Binder MK240 #Schroedinger, 23°C, 29,4.786189160326074
3289,TP_z12_03_1,12,ZYK, INT, INT036, z12, 21.01.2022," Basytec CTS, SN:CTS.X.13.00.0354", CH22/23, Binder MK240 #Schroedinger, 35°C, 29,
3290,TP_z12_03_1,13,exCU, INT, INT036, z12, 06.02.2022," Basytec CTS, SN:CTS.X.13.00.0354", CH22/23, Binder MK240 #Schroedinger, 23°C, 29,4.774934460855199
3291,TP_z12_03_1,14,ZYK, INT, INT036, z12, 11.02.2022," Basytec CTS, SN:CTS.X.13.00.0354", CH22/23, Binder MK240 #Schroedinger, 35°C, 29,
3292,TP_z12_03_1,15,CU, INT, INT036, z12, 14.03.2022," Basytec CTS, SN:CTS.X.13.00.0354", CH22/23, Binder MK240 #Schroedinger, 23°C, 29,4.756671013214705
3293,TP_z12_03_1,16,ZYK, INT, INT036, z12, 25.03.2022," Basytec CTS, SN:CTS.X.13.00.0354", CH22/23, Binder MK240 #Schroedinger, 23°C, 29,
3294,TP_z12_03_1,17,CU, INT, INT036, z12, 02.05.2022," Basytec CTS, SN:CTS.X.13.00.0354", CH22/23, Binder MK240 #Schroedinger, 23°C, 29,4.744469417319468
3295,TP_z12_03_1,18,ZYK, INT, INT036, z12, 09.05.2022," Basytec CTS, SN:CTS.X.13.00.0354", CH22/23, Binder MK240 #Schroedinger, 35°C, 29,
3296,TP_z12_03_1,19,exCU, INT, INT036, z12, 07.06.2022," Basytec CTS, SN:CTS.X.13.00.0354", CH22/23, Binder MK240 #Schroedinger, 23°C, 29,4.731092363115337
3297,TP_z12_03_1,20,ZYK, INT, INT036, z12, 13.06.2022," Basytec CTS, SN:CTS.X.13.00.0354", CH22/23, Binder MK240 #Schroedinger, 35°C, 29,
3298,TP_z12_03_1,21,CU, INT, INT036, z12, 18.07.2022," Basytec CTS, SN:CTS.X.13.00.0354", CH22/23, Binder MK240 #Schroedinger, 23°C, 29,4.716799066476545
3299,TP_z12_03_1,22,ZYK, INT, INT036, z12, 22.07.2022," Basytec CTS, SN:CTS.X.13.00.0354", CH22/23, Binder MK240 #Schroedinger, 35°C, 29,
3300,TP_z12_03_1,23,CU, INT, INT036, z12, 19.08.2022," Basytec CTS, SN:CTS.X.13.00.0354", CH22/23, Binder MK240 #Schroedinger, 23°C, 29,4.706915028295789
3301,TP_z12_03_1,24,ZYK, INT, INT036, z12, 23.08.2022," Basytec CTS, SN:CTS.X.13.00.0354", CH22/23, Binder MK240 #Schroedinger, 35°C, 29,
3302,TP_z12_03_1,25,AT_T10, INT, INT036, z12, 23.09.2022," Basytec CTS, SN:CTS.X.13.00.0354", CH22/23, Binder MK240 #Schroedinger, 10°C, 29,4.617682239639069
3303,TP_z12_03_1,25,AT_T23, INT, INT036, z12, 29.09.2022," Basytec CTS, SN:CTS.X.13.00.0354", CH22/23, Binder MK240 #Schroedinger, 23°C, 29,4.681238376544556
3304,TP_z12_03_1,25,AT_T45, INT, INT036, z12, 26.09.2022," Basytec CTS, SN:CTS.X.13.00.0354", CH22/23, Binder MK240 #Schroedinger, 45°C, 29,4.756766395890341
3305,TP_z12_03_2,1,ET_T23, HM, TP_z12_03, z12, 07.02.2023," BaSyTec, SN:1936", CH04/CH05, ATT DY200T, 23°C, bottom rear mittig,4.8758110261257155
3306,TP_z12_03_2,1,ET_T45, HM, TP_z12_03, z12, 04.02.2023," BaSyTec, SN:1936", CH04/CH05, ATT DY200T, 45°C, bottom rear mittig,4.970427808108317
3307,TP_z12_03_2,1,ET_T10, HM, TP_z12_03, z12, 02.02.23," BaSyTec, SN:1936", CH04/CH05, ATT DY200T, 10°C, bottom rear mittig,4.71571538959486
3308,TP_z12_03_2,2,ZYK, HM, TP_z12_03, z12, 12.02.23," BaSyTec, SN:1936", CH04/CH05, ATT DY200T, 23°C, bottom rear mittig,
3309,TP_z12_03_2,3,CU, HM, TP_z12_03, z12, 19.02.23," BaSyTec, SN:1936", CH04/CH05, ATT DY200T, 23°C, bottom rear mittig,4.829907664418139
3310,TP_z12_03_2,4,ZYK, HM, TP_z12_03, z12, 20.02.23," BaSyTec, SN:1936", CH04/CH05, ATT DY200T, 23°C, bottom rear mittig,
3311,TP_z12_03_2,5,CU, HM, TP_z12_03, z12, 27.02.23," BaSyTec, SN:1936", CH04/CH05, ATT DY200T, 23°C, bottom rear mittig,4.8120285627736
3312,TP_z12_03_2,6,ZYK, HM, TP_z12_03, z12, 28.02.23," BaSyTec, SN:1936", CH04/CH05, ATT DY200T, 23°C, bottom rear mittig,
3313,TP_z12_03_2,7,exCU, HM, TP_z12_03, z12, 07.03.23," BaSyTec, SN:1936", CH04/CH05, ATT DY200T, 23°C, bottom rear mittig,4.798015667809134
3314,TP_z12_03_2,8,ZYK, HM, TP_z12_03, z12, 09.03.23," BaSyTec, SN:1936", CH04/CH05, ATT DY200T, 23°C, bottom rear mittig,
3315,TP_z12_03_2,9,CU, HM, TP_z12_03, z12, 22.03.23," BaSyTec, SN:1936", CH04/CH05, ATT DY200T, 23°C, bottom rear mittig,4.777663754850259
3316,TP_z12_03_2,10,ZYK, HM, TP_z12_03, z12, 24.03.23," BaSyTec, SN:1936", CH04/CH05, ATT DY200T, 23°C, bottom rear mittig,
3317,TP_z12_03_2,11,CU, HM, TP_z12_03, z12, 07.04.23," BaSyTec, SN:1936", CH04/CH05, ATT DY200T, 23°C, bottom rear mittig,4.7622426166999805
3318,TP_z12_03_2,12,ZYK, HM, TP_z12_03, z12, 08.04.23," BaSyTec, SN:1936", CH04/CH05, ATT DY200T, 23°C, bottom rear mittig,
3319,TP_z12_03_2,13,exCU, HM, TP_z12_03, z12, 22.04.23," BaSyTec, SN:1936", CH04/CH05, ATT DY200T, 23°C, bottom rear mittig,4.744179008505928
3320,TP_z12_03_2,14,ZYK, HM, TP_z12_03, z12, 24.04.23," BaSyTec, SN:1936", CH04/CH05, ATT DY200T, 23°C, bottom rear mittig,
3321,TP_z12_03_2,15,CU, HM, TP_z12_03, z12, 22.05.23," BaSyTec, SN:1936", CH04/CH05, ATT DY200T, 23°C, bottom rear mittig,4.717620679306036
3322,TP_z12_03_2,16,ZYK, HM, TP_z12_03, z12, 23.05.23," BaSyTec, SN:1936", CH04/CH05, ATT DY200T, 23°C, bottom rear mittig,
3323,TP_z12_03_2,17,CU, HM, TP_z12_03, z12, 20.06.23," BaSyTec, SN:1936", CH04/CH05, ATT DY200T, 23°C, bottom rear mittig,4.6932713396586045
3324,TP_z12_03_2,18,ZYK, HM, TP_z12_03, z12, 21.06.23," BaSyTec, SN:1936", CH04/CH05, ATT DY200T, 23°C, bottom rear mittig,
3325,TP_z12_03_2,19,exCU, HM, TP_z12_03, z12, 19.07.23," BaSyTec, SN:1936", CH04/CH05, ATT DY200T, 23°C, bottom rear mittig,4.673670238633834
3326,TP_z12_03_2,20,ZYK, HM, TP_z12_03, z12, 21.07.23," BaSyTec, SN:1936", CH04/CH05, ATT DY200T, 23°C, bottom rear mittig,
3327,TP_z12_03_2,21,CU, HM, TP_z12_03, z12, 18.08.23," BaSyTec, SN:1936", CH04/CH05, ATT DY200T, 23°C, bottom rear mittig,4.655399376901224
3328,TP_z12_03_2,22,ZYK, HM, TP_z12_03, z12, 19.08.23," BaSyTec, SN:1936", CH04/CH05, ATT DY200T, 23°C, bottom rear mittig,
3329,TP_z12_03_2,23,CU, HM, TP_z12_03, z12, 20.09.23," BaSyTec, SN:1936", CH04/CH05, ATT DY200T, 23°C, bottom rear mittig,4.635871821071339
3330,TP_z12_03_2,24,ZYK, HM, TP_z12_03, z12, 21.09.23," BaSyTec, SN:1936", CH04/CH05, ATT DY200T, 23°C, bottom rear mittig,
3331,TP_z12_03_2,25,exCU, HM, TP_z12_03, z12, 19.10.23," BaSyTec, SN:1936", CH04/CH05, ATT DY200T, 23°C, bottom rear mittig,4.620935024317481
3332,TP_z12_03_2,26,ZYK, HM, TP_z12_03, z12, 21.10.23," BaSyTec, SN:1936", CH04/CH05, ATT DY200T, 23°C, bottom rear mittig,
3333,TP_z12_03_2,27,CU, HM, TP_z12_03, z12, 18.11.23," BaSyTec, SN:1936", CH04/CH05, ATT DY200T, 23°C, bottom rear mittig,4.604522533535739
3334,TP_z12_03_2,28,ZYK, HM, TP_z12_03, z12, 19.11.23," BaSyTec, SN:1936", CH04/CH05, ATT DY200T, 23°C, bottom rear mittig,
3335,TP_z12_03_2,29,CU, HM, TP_z12_03, z12, 17.12.23," BaSyTec, SN:1936", CH04/CH05, ATT DY200T, 23°C, bottom rear mittig,4.588525762157667
3336,TP_z12_03_2,30,ZYK, HM, TP_z12_03, z12, 18.12.23," BaSyTec, SN:1936", CH04/CH05, ATT DY200T, 23°C, bottom rear mittig,
3337,TP_z12_03_2,31,exCU, HM, TP_z12_03, z12, 15.01.24," BaSyTec, SN:1936", CH04/CH05, ATT DY200T, 23°C, bottom rear mittig,4.57310211331412
3338,TP_z12_03_2,32,ZYK, HM, TP_z12_03, z12, 17.01.24," BaSyTec, SN:1936", CH04/CH05, ATT DY200T, 23°C, bottom rear mittig,
3339,TP_z12_03_2,33,AT_T10, HM, TP_z12_03, z12, 13.02.24," BaSyTec, SN:1936", CH04/CH05, ATT DY200T, 10°C, bottom rear mittig,4.456959865574342
3340,TP_z12_03_2,33,AT_T45, HM, TP_z12_03, z12, 13.02.24," BaSyTec, SN:1936", CH04/CH05, ATT DY200T, 45°C, bottom rear mittig,4.6303017309055825
3341,TP_z12_03_2,33,AT_T23, HM, TP_z12_03, z12, 13.02.24," BaSyTec, SN:1936", CH04/CH05, ATT DY200T, 23°C, bottom rear mittig,4.5658817750616665
3342,TP_z13_01_1,1,ET_T10, INT, INT037, z13, 12.10.2021," Basytec CTS, SN:CTS.X.13.00.0354", CH14/15, Binder MK240 #Schroedinger, 10°C, 18,4.702765439112385
3343,TP_z13_01_1,1,ET_T23, INT, INT037, z13, 18.10.2021," Basytec CTS, SN:CTS.X.13.00.0354", CH14/15, Binder MK240 #Schroedinger, 23°C, 18,4.820594416436078
3344,TP_z13_01_1,1,ET_T45, INT, INT037, z13, 15.10.2021," Basytec CTS, SN:CTS.X.13.00.0354", CH14/15, Binder MK240 #Schroedinger, 45°C, 18,4.936885551008476
3345,TP_z13_01_1,2,ZYK, INT, INT037, z13, 02.11.2021," Basytec GSM, SN:GSM.X.62.43.0353", CH01, Binder MK240 #Schroedinger, 35°C, 31,
3346,TP_z13_01_1,3,CU, INT, INT037, z13, 11.11.2021," Basytec CTS, SN:CTS.X.13.00.0355", CH20/21, Binder MK240 #Schroedinger, 23°C, 28,4.797149792855352
3347,TP_z13_01_1,4,ZYK, INT, INT037, z13, 15.11.2021," Basytec GSM, SN:GSM.X.62.43.0353", CH01, Binder MK240 #Schroedinger, 35°C, 31,
3348,TP_z13_01_1,5,CU, INT, INT037, z13, 24.11.2021," Basytec CTS, SN:CTS.X.13.00.0355", CH20/21, Binder MK240 #Schroedinger, 23°C, 28,4.771007570439165
3349,TP_z13_01_1,6,ZYK, INT, INT037, z13, 26.11.2021," Basytec GSM, SN:GSM.X.62.43.0353", CH01, Binder MK240 #Schroedinger, 35°C, 31,
3350,TP_z13_01_1,7,exCU, INT, INT037, z13, 07.12.2021," Basytec CTS, SN:CTS.X.13.00.0408", CH20/21, Binder MK240 #Schroedinger, 23°C, 28,4.756167546164895
3351,TP_z13_01_1,8,ZYK, INT, INT037, z13, 10.12.2021," Basytec GSM, SN:GSM.X.62.43.0353", CH01, Binder MK240 #Schroedinger, 35°C, 31,
3352,TP_z13_01_1,9,CU, INT, INT037, z13, 27.12.2021," Basytec CTS, SN:CTS.X.13.00.0408", CH20/21, Binder MK240 #Schroedinger, 23°C, 28,4.730370982256024
3353,TP_z13_01_1,10,ZYK, INT, INT037, z13, 29.12.2021," Basytec GSM, SN:GSM.X.62.43.0353", CH01, Binder MK240 #Schroedinger, 35°C, 31,
3354,TP_z13_01_1,11,CU, INT, INT037, z13, 18.01.2022," Basytec CTS, SN:CTS.X.13.00.0408", CH20/21, Binder MK240 #Schroedinger, 23°C, 28,4.712208156908606
3355,TP_z13_01_1,12,ZYK, INT, INT037, z13, 21.01.2022," Basytec GSM, SN:GSM.X.62.43.0353", CH01, Binder MK240 #Schroedinger, 35°C, 31,
3356,TP_z13_01_1,13,exCU, INT, INT037, z13, 09.02.2022," Basytec CTS, SN:CTS.X.13.00.0408", CH20/21, Binder MK240 #Schroedinger, 23°C, 28,4.6930650822321525
3357,TP_z13_01_1,14,ZYK, INT, INT037, z13, 11.02.2022," Basytec GSM, SN:GSM.X.62.43.0353", CH01, Binder MK240 #Schroedinger, 35°C, 31,
3358,TP_z13_01_1,15,CU, INT, INT037, z13, 20.03.2022," Basytec CTS, SN:CTS.X.13.00.0408", CH20/21, Binder MK240 #Schroedinger, 23°C, 28,4.667324442175029
3359,TP_z13_01_1,16,ZYK, INT, INT037, z13, 25.03.2022," Basytec GSM, SN:GSM.X.62.43.0353", CH01, Binder MK240 #Schroedinger, 35°C, 31,
3360,TP_z13_01_1,17,CU, INT, INT037, z13, 03.05.2022," Basytec CTS, SN:CTS.X.13.00.0408", CH20/21, Binder MK240 #Schroedinger, 23°C, 28,4.640076735425385
3361,TP_z13_01_1,18,ZYK, INT, INT037, z13, 09.05.2022," Basytec GSM, SN:GSM.X.62.43.0353", CH01, Binder MK240 #Schroedinger, 35°C, 31,
3362,TP_z13_01_1,19,exCU, INT, INT037, z13, 09.06.2022," Basytec CTS, SN:CTS.X.13.00.0408", CH20/21, Binder MK240 #Schroedinger, 23°C, 28,4.619982168503746
3363,TP_z13_01_1,20,ZYK, INT, INT037, z13, 13.06.2022," Basytec GSM, SN:GSM.X.62.43.0353", CH01, Binder MK240 #Schroedinger, 35°C, 31,
3364,TP_z13_01_1,21,CU, INT, INT037, z13, 19.07.2022," Basytec CTS, SN:CTS.X.13.00.0408", CH20/21, Binder MK240 #Schroedinger, 23°C, 28,4.600587677934613
3365,TP_z13_01_1,22,ZYK, INT, INT037, z13, 22.07.2022," Basytec GSM, SN:GSM.X.62.43.0353", CH01, Binder MK240 #Schroedinger, 35°C, 31,
3366,TP_z13_01_1,23,CU, INT, INT037, z13, 22.08.2022," Basytec CTS, SN:CTS.X.13.00.0408", CH20/21, Binder MK240 #Schroedinger, 23°C, 28,4.581659927221111
3367,TP_z13_01_1,24,ZYK, INT, INT037, z13, 23.08.2022," Basytec GSM, SN:GSM.X.62.43.0353", CH01, Binder MK240 #Schroedinger, 35°C, 31,
3368,TP_z13_01_1,25,AT_T23, INT, INT037, z13, 12.10.2022," Basytec CTS, SN:CTS.X.13.00.0408", CH20/21, Binder MK240 #Schroedinger, 23°C, 28,4.581676766075165
3369,TP_z13_01_1,25,AT_T45, INT, INT037, z13, 09.10.2022," Basytec CTS, SN:CTS.X.13.00.0408", CH20/21, Binder MK240 #Schroedinger, 45°C, 28,4.651597472056112
3370,TP_z13_01_1,25,AT_T10, INT, INT037, z13, 06.10.2022," Basytec CTS, SN:CTS.X.13.00.0408", CH20/21, Binder MK240 #Schroedinger, 10°C, 28,4.4730247096651015
3371,TP_z13_01_2,1,ET_T10, HM, TP_z13_01, z13, 02.02.23," BaSyTec, SN:1936", CH06, ATT DY200T, 10°C, bottom rear mittig,4.762433017920762
3372,TP_z13_01_2,1,ET_T23, HM, TP_z13_01, z13, 07.02.2023," BaSyTec, SN:1936", CH06, ATT DY200T, 23°C, bottom rear mittig,4.871436510153233
3373,TP_z13_01_2,1,ET_T45, HM, TP_z13_01, z13, 04.02.2023," BaSyTec, SN:1936", CH06, ATT DY200T, 45°C, bottom rear mittig,4.960190651472409
3374,TP_z13_01_2,2,ZYK, HM, TP_z13_01, z13, 12.02.23," BaSyTec, SN:1936", CH06, ATT DY200T, 45°C, bottom rear mittig,
3375,TP_z13_01_2,3,CU, HM, TP_z13_01, z13, 19.02.23," BaSyTec, SN:1936", CH06, ATT DY200T, 23°C, bottom rear mittig,4.838572468630107
3376,TP_z13_01_2,4,ZYK, HM, TP_z13_01, z13, 20.02.23," BaSyTec, SN:1936", CH06, ATT DY200T, 45°C, bottom rear mittig,
3377,TP_z13_01_2,5,CU, HM, TP_z13_01, z13, 27.02.23," BaSyTec, SN:1936", CH06, ATT DY200T, 23°C, bottom rear mittig,4.820062353693288
3378,TP_z13_01_2,6,ZYK, HM, TP_z13_01, z13, 28.02.23," BaSyTec, SN:1936", CH06, ATT DY200T, 45°C, bottom rear mittig,
3379,TP_z13_01_2,7,exCU, HM, TP_z13_01, z13, 07.03.23," BaSyTec, SN:1936", CH06, ATT DY200T, 23°C, bottom rear mittig,4.804291725133521
3380,TP_z13_01_2,8,ZYK, HM, TP_z13_01, z13, 09.03.23," BaSyTec, SN:1936", CH06, ATT DY200T, 45°C, bottom rear mittig,
3381,TP_z13_01_2,9,CU, HM, TP_z13_01, z13, 22.03.23," BaSyTec, SN:1936", CH06, ATT DY200T, 23°C, bottom rear mittig,4.778228372512504
3382,TP_z13_01_2,10,ZYK, HM, TP_z13_01, z13, 24.03.23," BaSyTec, SN:1936", CH06, ATT DY200T, 45°C, bottom rear mittig,
3383,TP_z13_01_2,11,CU, HM, TP_z13_01, z13, 07.04.23," BaSyTec, SN:1936", CH06, ATT DY200T, 23°C, bottom rear mittig,4.75877450656466
3384,TP_z13_01_2,12,ZYK, HM, TP_z13_01, z13, 08.04.23," BaSyTec, SN:1936", CH06, ATT DY200T, 45°C, bottom rear mittig,
3385,TP_z13_01_2,13,exCU, HM, TP_z13_01, z13, 22.04.23," BaSyTec, SN:1936", CH06, ATT DY200T, 23°C, bottom rear mittig,4.7457177750534925
3386,TP_z13_01_2,15,CU, HM, TP_z13_01, z13, 10.05.23," BaSyTec, SN:1936", CH06, ATT DY200T, 23°C, bottom rear mittig,4.746321112733288
3387,TP_z13_01_2,16,ZYK, HM, TP_z13_01, z13, 11.05.23," BaSyTec, SN:1936", CH06, ATT DY200T, 45°C, bottom rear mittig,
3388,TP_z13_01_2,17,CU, HM, TP_z13_01, z13, 08.06.23," BaSyTec, SN:1936", CH06, ATT DY200T, 23°C, bottom rear mittig,4.706233473862923
3389,TP_z13_01_2,18,ZYK, HM, TP_z13_01, z13, 09.06.23," BaSyTec, SN:1936", CH06, ATT DY200T, 45°C, bottom rear mittig,
3390,TP_z13_01_2,19,CU, HM, TP_z13_01, z13, 07.07.23," BaSyTec, SN:1936", CH06, ATT DY200T, 23°C, bottom rear mittig,4.67852179332309
3391,TP_z13_01_2,20,ZYK, HM, TP_z13_01, z13, 08.07.23," BaSyTec, SN:1936", CH06, ATT DY200T, 45°C, bottom rear mittig,
3392,TP_z13_01_2,21,exCU, HM, TP_z13_01, z13, 05.08.23," BaSyTec, SN:1936", CH06, ATT DY200T, 23°C, bottom rear mittig,4.654815659783589
3393,TP_z13_01_2,22,ZYK, HM, TP_z13_01, z13, 07.08.23," BaSyTec, SN:1936", CH06, ATT DY200T, 45°C, bottom rear mittig,
3394,TP_z13_01_2,23,CU, HM, TP_z13_01, z13, 23.09.23," BaSyTec, SN:1936", CH06, ATT DY200T, 23°C, bottom rear mittig,4.629273056868463
3395,TP_z13_01_2,24,ZYK, HM, TP_z13_01, z13, 24.09.23," BaSyTec, SN:1936", CH06, ATT DY200T, 45°C, bottom rear mittig,
3396,TP_z13_01_2,25,CU, HM, TP_z13_01, z13, 22.10.23," BaSyTec, SN:1936", CH06, ATT DY200T, 23°C, bottom rear mittig,4.600227522235462
3397,TP_z13_01_2,26,ZYK, HM, TP_z13_01, z13, 23.10.23," BaSyTec, SN:1936", CH06, ATT DY200T, 45°C, bottom rear mittig,
3398,TP_z13_01_2,27,exCU, HM, TP_z13_01, z13, 21.11.23," BaSyTec, SN:1936", CH06, ATT DY200T, 23°C, bottom rear mittig,4.5789611262197845
3399,TP_z13_01_2,28,ZYK, HM, TP_z13_01, z13, 23.11.23," BaSyTec, SN:1936", CH06, ATT DY200T, 45°C, bottom rear mittig,
3400,TP_z13_01_2,29,CU, HM, TP_z13_01, z13, 21.12.23," BaSyTec, SN:1936", CH06, ATT DY200T, 23°C, bottom rear mittig,4.560224594268902
3401,TP_z13_01_2,30,ZYK, HM, TP_z13_01, z13, 22.12.23," BaSyTec, SN:1936", CH06, ATT DY200T, 45°C, bottom rear mittig,
3402,TP_z13_01_2,31,CU, HM, TP_z13_01, z13, 19.01.24," BaSyTec, SN:1936", CH06, ATT DY200T, 23°C, bottom rear mittig,4.54538197964112
3403,TP_z13_01_2,32,ZYK, HM, TP_z13_01, z13, 20.01.24," BaSyTec, SN:1936", CH06, ATT DY200T, 45°C, bottom rear mittig,
3404,TP_z13_01_2,33,AT_T45, HM, TP_z13_01, z13, 13.02.24," BaSyTec, SN:1936", CH06, ATT DY200T, 45°C, bottom rear mittig,4.610108302124841
3405,TP_z13_01_2,33,AT_T23, HM, TP_z13_01, z13, 13.02.24," BaSyTec, SN:1936", CH06, ATT DY200T, 23°C, bottom rear mittig,4.538462010633282
3406,TP_z13_01_2,33,AT_T10, HM, TP_z13_01, z13, 13.02.24," BaSyTec, SN:1936", CH06, ATT DY200T, 10°C, bottom rear mittig,4.44536567305958
3407,TP_z13_02_1,1,ET_T10, INT, INT038, z13, 12.10.2021," Basytec CTS, SN:CTS.X.13.00.0354", CH16/17, Binder MK240 #Schroedinger, 10°C, 19,4.789086234971059
3408,TP_z13_02_1,1,ET_T23, INT, INT038, z13, 18.10.2021," Basytec CTS, SN:CTS.X.13.00.0354", CH16/17, Binder MK240 #Schroedinger, 23°C, 19,4.870814701072552
3409,TP_z13_02_1,1,ET_T45, INT, INT038, z13, 15.10.2021," Basytec CTS, SN:CTS.X.13.00.0354", CH16/17, Binder MK240 #Schroedinger, 45°C, 19,4.9886026249644075
3410,TP_z13_02_1,2,ZYK, INT, INT038, z13, 02.11.2021," Basytec GSM, SN:GSM.X.62.43.0353", CH02, Binder MK240 #Schroedinger, 35°C, 32,
3411,TP_z13_02_1,3,CU, INT, INT038, z13, 11.11.2021," Basytec CTS, SN:CTS.X.13.00.0355", CH22/23, Binder MK240 #Schroedinger, 23°C, 29,4.8246186832272056
3412,TP_z13_02_1,4,ZYK, INT, INT038, z13, 15.11.2021," Basytec GSM, SN:GSM.X.62.43.0353", CH02, Binder MK240 #Schroedinger, 35°C, 32,
3413,TP_z13_02_1,5,CU, INT, INT038, z13, 24.11.2021," Basytec CTS, SN:CTS.X.13.00.0355", CH22/23, Binder MK240 #Schroedinger, 23°C, 29,4.795294460185966
3414,TP_z13_02_1,6,ZYK, INT, INT038, z13, 26.11.2021," Basytec GSM, SN:GSM.X.62.43.0353", CH02, Binder MK240 #Schroedinger, 35°C, 32,
3415,TP_z13_02_1,7,exCU, INT, INT038, z13, 07.12.2021," Basytec CTS, SN:CTS.X.13.00.0355", CH22/23, Binder MK240 #Schroedinger, 23°C, 29,4.779482426623692
3416,TP_z13_02_1,8,ZYK, INT, INT038, z13, 10.12.2021," Basytec GSM, SN:GSM.X.62.43.0353", CH02, Binder MK240 #Schroedinger, 35°C, 32,
3417,TP_z13_02_1,9,CU, INT, INT038, z13, 27.12.2021," Basytec CTS, SN:CTS.X.13.00.0408", CH22/23, Binder MK240 #Schroedinger, 23°C, 29,4.746502066796335
3418,TP_z13_02_1,10,ZYK, INT, INT038, z13, 29.12.2021," Basytec GSM, SN:GSM.X.62.43.0353", CH02, Binder MK240 #Schroedinger, 35°C, 32,
3419,TP_z13_02_1,11,CU, INT, INT038, z13, 18.01.2022," Basytec CTS, SN:CTS.X.13.00.0408", CH22/23, Binder MK240 #Schroedinger, 23°C, 29,4.72502060949259
3420,TP_z13_02_1,12,ZYK, INT, INT038, z13, 21.01.2022," Basytec GSM, SN:GSM.X.62.43.0353", CH02, Binder MK240 #Schroedinger, 35°C, 32,
3421,TP_z13_02_1,13,exCU, INT, INT038, z13, 09.02.2022," Basytec CTS, SN:CTS.X.13.00.0408", CH22/23, Binder MK240 #Schroedinger, 23°C, 29,4.708930862286497
3422,TP_z13_02_1,14,ZYK, INT, INT038, z13, 11.02.2022," Basytec GSM, SN:GSM.X.62.43.0353", CH02, Binder MK240 #Schroedinger, 35°C, 32,
3423,TP_z13_02_1,15,CU, INT, INT038, z13, 20.03.2022," Basytec CTS, SN:CTS.X.13.00.0408", CH22/23, Binder MK240 #Schroedinger, 23°C, 29,4.677780300991058
3424,TP_z13_02_1,16,ZYK, INT, INT038, z13, 25.03.2022," Basytec GSM, SN:GSM.X.62.43.0353", CH02, Binder MK240 #Schroedinger, 35°C, 32,
3425,TP_z13_02_1,17,CU, INT, INT038, z13, 03.05.2022," Basytec CTS, SN:CTS.X.13.00.0408", CH22/23, Binder MK240 #Schroedinger, 23°C, 29,4.648616774370177
3426,TP_z13_02_1,18,ZYK, INT, INT038, z13, 09.05.2022," Basytec GSM, SN:GSM.X.62.43.0353", CH02, Binder MK240 #Schroedinger, 35°C, 32,
3427,TP_z13_02_1,19,exCU, INT, INT038, z13, 09.06.2022," Basytec CTS, SN:CTS.X.13.00.0408", CH22/23, Binder MK240 #Schroedinger, 23°C, 29,4.633811798933339
3428,TP_z13_02_1,20,ZYK, INT, INT038, z13, 13.06.2022," Basytec GSM, SN:GSM.X.62.43.0353", CH02, Binder MK240 #Schroedinger, 35°C, 32,
3429,TP_z13_02_1,21,CU, INT, INT038, z13, 19.07.2022," Basytec CTS, SN:CTS.X.13.00.0408", CH22/23, Binder MK240 #Schroedinger, 23°C, 29,4.614724476981742
3430,TP_z13_02_1,22,ZYK, INT, INT038, z13, 22.07.2022," Basytec GSM, SN:GSM.X.62.43.0353", CH02, Binder MK240 #Schroedinger, 35°C, 32,
3431,TP_z13_02_1,23,CU, INT, INT038, z13, 22.08.2022," Basytec CTS, SN:CTS.X.13.00.0408", CH22/23, Binder MK240 #Schroedinger, 23°C, 29,4.592845989015631
3432,TP_z13_02_1,24,ZYK, INT, INT038, z13, 23.08.2022," Basytec GSM, SN:GSM.X.62.43.0353", CH02, Binder MK240 #Schroedinger, 35°C, 32,
3433,TP_z13_02_1,25,AT_T23, INT, INT038, z13, 12.09.2022," Basytec CTS, SN:CTS.X.13.00.0408", CH22/23, Binder MK240 #Schroedinger, 23°C, 29,4.596465314497238
3434,TP_z13_02_1,25,AT_T45, INT, INT038, z13, 09.09.2022," Basytec CTS, SN:CTS.X.13.00.0408", CH22/23, Binder MK240 #Schroedinger, 45°C, 29,4.675979360529137
3435,TP_z13_02_1,25,AT_T10, INT, INT038, z13, 06.09.2022," Basytec CTS, SN:CTS.X.13.00.0408", CH22/23, Binder MK240 #Schroedinger, 10°C, 29,4.4820228764170835
3436,TP_z13_02_2,1,ET_T10, HM, TP_z13_02, z13, 02.02.23," BaSyTec, SN:1936", CH07, ATT DY200T, 10°C, bottom rear mittig,4.758024628043042
3437,TP_z13_02_2,1,ET_T23, HM, TP_z13_02, z13, 07.02.2023," BaSyTec, SN:1936", CH07, ATT DY200T, 23°C, bottom rear mittig,4.8718206626210705
3438,TP_z13_02_2,1,ET_T45, HM, TP_z13_02, z13, 04.02.2023," BaSyTec, SN:1936", CH07, ATT DY200T, 45°C, bottom rear mittig,4.956802712247516
3439,TP_z13_02_2,2,ZYK, HM, TP_z13_02, z13, 12.02.23," BaSyTec, SN:1936", CH07, ATT DY200T, 45°C, bottom rear mittig,
3440,TP_z13_02_2,3,CU, HM, TP_z13_02, z13, 19.02.23," BaSyTec, SN:1936", CH07, ATT DY200T, 23°C, bottom rear mittig,4.844273268302153
3441,TP_z13_02_2,4,ZYK, HM, TP_z13_02, z13, 20.02.23," BaSyTec, SN:1936", CH07, ATT DY200T, 45°C, bottom rear mittig,
3442,TP_z13_02_2,5,CU, HM, TP_z13_02, z13, 27.02.23," BaSyTec, SN:1936", CH07, ATT DY200T, 23°C, bottom rear mittig,4.827320283772571
3443,TP_z13_02_2,6,ZYK, HM, TP_z13_02, z13, 28.02.23," BaSyTec, SN:1936", CH07, ATT DY200T, 45°C, bottom rear mittig,
3444,TP_z13_02_2,7,exCU, HM, TP_z13_02, z13, 07.03.23," BaSyTec, SN:1936", CH07, ATT DY200T, 23°C, bottom rear mittig,4.810823118170427
3445,TP_z13_02_2,8,ZYK, HM, TP_z13_02, z13, 09.03.23," BaSyTec, SN:1936", CH07, ATT DY200T, 45°C, bottom rear mittig,
3446,TP_z13_02_2,9,CU, HM, TP_z13_02, z13, 22.03.23," BaSyTec, SN:1936", CH07, ATT DY200T, 23°C, bottom rear mittig,4.783343026905129
3447,TP_z13_02_2,10,ZYK, HM, TP_z13_02, z13, 24.03.23," BaSyTec, SN:1936", CH07, ATT DY200T, 45°C, bottom rear mittig,
3448,TP_z13_02_2,11,CU, HM, TP_z13_02, z13, 07.04.23," BaSyTec, SN:1936", CH07, ATT DY200T, 23°C, bottom rear mittig,4.764172742464407
3449,TP_z13_02_2,12,ZYK, HM, TP_z13_02, z13, 08.04.23," BaSyTec, SN:1936", CH07, ATT DY200T, 45°C, bottom rear mittig,
3450,TP_z13_02_2,13,exCU, HM, TP_z13_02, z13, 22.04.23," BaSyTec, SN:1936", CH07, ATT DY200T, 23°C, bottom rear mittig,4.753223963661962
3451,TP_z13_02_2,15,CU, HM, TP_z13_02, z13, 10.05.23," BaSyTec, SN:1936", CH07, ATT DY200T, 23°C, bottom rear mittig,4.7510044798062285
3452,TP_z13_02_2,16,ZYK, HM, TP_z13_02, z13, 11.05.23," BaSyTec, SN:1936", CH07, ATT DY200T, 45°C, bottom rear mittig,
3453,TP_z13_02_2,17,CU, HM, TP_z13_02, z13, 08.06.23," BaSyTec, SN:1936", CH07, ATT DY200T, 23°C, bottom rear mittig,4.712389204516833
3454,TP_z13_02_2,18,ZYK, HM, TP_z13_02, z13, 09.06.23," BaSyTec, SN:1936", CH07, ATT DY200T, 45°C, bottom rear mittig,
3455,TP_z13_02_2,19,CU, HM, TP_z13_02, z13, 07.07.23," BaSyTec, SN:1936", CH07, ATT DY200T, 23°C, bottom rear mittig,4.684676821528299
3456,TP_z13_02_2,20,ZYK, HM, TP_z13_02, z13, 08.07.23," BaSyTec, SN:1936", CH07, ATT DY200T, 45°C, bottom rear mittig,
3457,TP_z13_02_2,21,exCU, HM, TP_z13_02, z13, 05.08.23," BaSyTec, SN:1936", CH07, ATT DY200T, 23°C, bottom rear mittig,4.6610263038965485
3458,TP_z13_02_2,22,ZYK, HM, TP_z13_02, z13, 07.08.23," BaSyTec, SN:1936", CH07, ATT DY200T, 45°C, bottom rear mittig,
3459,TP_z13_02_2,23,CU, HM, TP_z13_02, z13, 23.09.23," BaSyTec, SN:1936", CH07, ATT DY200T, 23°C, bottom rear mittig,4.63419672774863
3460,TP_z13_02_2,24,ZYK, HM, TP_z13_02, z13, 24.09.23," BaSyTec, SN:1936", CH07, ATT DY200T, 45°C, bottom rear mittig,
3461,TP_z13_02_2,25,CU, HM, TP_z13_02, z13, 22.10.23," BaSyTec, SN:1936", CH07, ATT DY200T, 23°C, bottom rear mittig,4.607152786563775
3462,TP_z13_02_2,26,ZYK, HM, TP_z13_02, z13, 23.10.23," BaSyTec, SN:1936", CH07, ATT DY200T, 45°C, bottom rear mittig,
3463,TP_z13_02_2,27,exCU, HM, TP_z13_02, z13, 21.11.23," BaSyTec, SN:1936", CH07, ATT DY200T, 23°C, bottom rear mittig,4.587393137914502
3464,TP_z13_02_2,28,ZYK, HM, TP_z13_02, z13, 23.11.23," BaSyTec, SN:1936", CH07, ATT DY200T, 45°C, bottom rear mittig,
3465,TP_z13_02_2,29,CU, HM, TP_z13_02, z13, 21.12.23," BaSyTec, SN:1936", CH07, ATT DY200T, 23°C, bottom rear mittig,4.567406517188639
3466,TP_z13_02_2,30,ZYK, HM, TP_z13_02, z13, 22.12.23," BaSyTec, SN:1936", CH07, ATT DY200T, 45°C, bottom rear mittig,
3467,TP_z13_02_2,31,CU, HM, TP_z13_02, z13, 19.01.24," BaSyTec, SN:1936", CH07, ATT DY200T, 23°C, bottom rear mittig,4.550736337443986
3468,TP_z13_02_2,32,ZYK, HM, TP_z13_02, z13, 20.01.24," BaSyTec, SN:1936", CH07, ATT DY200T, 45°C, bottom rear mittig,
3469,TP_z13_02_2,33,AT_T45, HM, TP_z13_02, z13, 13.02.24," BaSyTec, SN:1936", CH07, ATT DY200T, 45°C, bottom rear mittig,4.61635715981782
3470,TP_z13_02_2,33,AT_T23, HM, TP_z13_02, z13, 13.02.24," BaSyTec, SN:1936", CH07, ATT DY200T, 23°C, bottom rear mittig,4.540890062456336
3471,TP_z13_02_2,33,AT_T10, HM, TP_z13_02, z13, 13.02.24," BaSyTec, SN:1936", CH07, ATT DY200T, 10°C, bottom rear mittig,4.452483517629654
3472,TP_z13_03_1,1,ET_T45, INT, INT039, z13, 15.10.2021," Basytec CTS, SN:CTS.X.13.00.0354", CH18/19, Binder MK240 #Schroedinger, 45°C, 21,4.95240921882448
3473,TP_z13_03_1,1,ET_T23, INT, INT039, z13, 18.10.2021," Basytec CTS, SN:CTS.X.13.00.0354", CH18/19, Binder MK240 #Schroedinger, 23°C, 21,4.848377327302293
3474,TP_z13_03_1,1,ET_T10, INT, INT039, z13, 12.10.2021," Basytec CTS, SN:CTS.X.13.00.0354", CH18/19, Binder MK240 #Schroedinger, 10°C, 21,4.7760145816348345
3475,TP_z13_03_1,2,ZYK, INT, INT039, z13, 02.11.2021," Basytec GSM, SN:GSM.X.62.43.0353", CH03, Binder MK240 #Schroedinger, 35°C, 33,
3476,TP_z13_03_1,3,CU, INT, INT039, z13, 11.11.2021," Basytec CTS, SN:CTS.X.13.00.0355", CH24/25, Binder MK240 #Planck, 23°C, 21,4.803752671526335
3477,TP_z13_03_1,4,ZYK, INT, INT039, z13, 15.11.2021," Basytec GSM, SN:GSM.X.62.43.0353", CH03, Binder MK240 #Schroedinger, 35°C, 33,
3478,TP_z13_03_1,5,CU, INT, INT039, z13, 24.11.2021," Basytec CTS, SN:CTS.X.13.00.0355", CH24/25, Binder MK240 #Planck, 23°C, 21,4.772085159160742
3479,TP_z13_03_1,6,ZYK, INT, INT039, z13, 26.11.2021," Basytec GSM, SN:GSM.X.62.43.0353", CH03, Binder MK240 #Schroedinger, 35°C, 33,
3480,TP_z13_03_1,7,exCU, INT, INT039, z13, 07.12.2021," Basytec CTS, SN:CTS.X.13.00.0408", CH24/25, Binder MK240 #Planck, 23°C, 21,4.754847088343781
3481,TP_z13_03_1,8,ZYK, INT, INT039, z13, 10.12.2021," Basytec GSM, SN:GSM.X.62.43.0353", CH03, Binder MK240 #Schroedinger, 35°C, 33,
3482,TP_z13_03_1,9,CU, INT, INT039, z13, 28.12.2021," Basytec CTS, SN:CTS.X.13.00.0408", CH16/17, Binder MK240 #Planck, 23°C, 19,4.731682847892758
3483,TP_z13_03_1,10,ZYK, INT, INT039, z13, 29.12.2021," Basytec GSM, SN:GSM.X.62.43.0353", CH03, Binder MK240 #Schroedinger, 35°C, 33,
3484,TP_z13_03_1,11,CU, INT, INT039, z13, 18.01.2022," Basytec CTS, SN:CTS.X.13.00.0408", CH06/07, Binder MK240 #Planck, 23°C, 14,4.7051915771865085
3485,TP_z13_03_1,12,ZYK, INT, INT039, z13, 21.01.2022," Basytec GSM, SN:GSM.X.62.43.0353", CH03, Binder MK240 #Schroedinger, 35°C, 33,
3486,TP_z13_03_1,13,exCU, INT, INT038, z13, 09.02.2022," Basytec CTS, SN:CTS.X.13.00.0354", CH26/27, Binder MK240 #Schroedinger, 23°C, 25,4.683799068488458
3487,TP_z13_03_1,14,ZYK, INT, INT039, z13, 11.02.2022," Basytec GSM, SN:GSM.X.62.43.0353", CH03, Binder MK240 #Schroedinger, 35°C, 33,
3488,TP_z13_03_1,15,CU, INT, INT039, z13, 20.03.2022," Basytec CTS, SN:CTS.X.13.00.0354", CH26/27, Binder MK240 #Schroedinger, 23°C, 25,4.656606547352382
3489,TP_z13_03_1,16,ZYK, INT, INT039, z13, 25.03.2022," Basytec GSM, SN:GSM.X.62.43.0353", CH03, Binder MK240 #Schroedinger, 35°C, 33,
3490,TP_z13_03_1,17,CU, INT, INT039, z13, 03.05.2022," Basytec CTS, SN:CTS.X.13.00.0354", CH26/27, Binder MK240 #Schroedinger, 23°C, 25,4.629949471813133
3491,TP_z13_03_1,18,ZYK, INT, INT039, z13, 09.05.2022," Basytec GSM, SN:GSM.X.62.43.0353", CH03, Binder MK240 #Schroedinger, 35°C, 33,
3492,TP_z13_03_1,19,exCU, INT, INT039, z13, 09.06.2022," Basytec CTS, SN:CTS.X.13.00.0354", CH26/27, Binder MK240 #Schroedinger, 23°C, 25,4.612458519127246
3493,TP_z13_03_1,20,ZYK, INT, INT039, z13, 13.06.2022," Basytec GSM, SN:GSM.X.62.43.0353", CH03, Binder MK240 #Schroedinger, 35°C, 33,
3494,TP_z13_03_1,21,CU, INT, INT039, z13, 19.07.2022," Basytec CTS, SN:CTS.X.13.00.0354", CH26/27, Binder MK240 #Schroedinger, 23°C, 25,4.5890246279676585
3495,TP_z13_03_1,22,ZYK, INT, INT039, z13, 22.07.2022," Basytec GSM, SN:GSM.X.62.43.0353", CH03, Binder MK240 #Schroedinger, 35°C, 33,
3496,TP_z13_03_1,23,CU, INT, INT039, z13, 22.08.2022," Basytec CTS, SN:CTS.X.13.00.0354", CH26/27, Binder MK240 #Schroedinger, 23°C, 25,4.575825286254153
3497,TP_z13_03_1,24,ZYK, INT, INT039, z13, 23.08.2022," Basytec GSM, SN:GSM.X.62.43.0353", CH03, Binder MK240 #Schroedinger, 35°C, 33,
3498,TP_z13_03_1,25,AT_T10, INT, INT039, z13, 06.09.2022," Basytec CTS, SN:CTS.X.13.00.0354", CH26/27, Binder MK240 #Schroedinger, 10°C, 25,4.472130091015439
3499,TP_z13_03_1,25,AT_T45, INT, INT039, z13, 09.09.2022," Basytec CTS, SN:CTS.X.13.00.0354", CH26/27, Binder MK240 #Schroedinger, 45°C, 25,4.651219306473012
3500,TP_z13_03_1,25,AT_T23, INT, INT039, z13, 12.09.2022," Basytec CTS, SN:CTS.X.13.00.0354", CH26/27, Binder MK240 #Schroedinger, 23°C, 25,4.577949905645051
3501,TP_z13_03_2,1,ET_T45, HM, TP_z13_03, z13, 04.02.2023," BaSyTec, SN:1936", CH08, ATT DY200T, 45°C, bottom rear mittig,4.9666620697202175
3502,TP_z13_03_2,1,ET_T23, HM, TP_z13_03, z13, 07.02.2023," BaSyTec, SN:1936", CH08, ATT DY200T, 23°C, bottom rear mittig,4.87486520747253
3503,TP_z13_03_2,1,ET_T10, HM, TP_z13_03, z13, 02.02.23," BaSyTec, SN:1936", CH08, ATT DY200T, 10°C, bottom rear mittig,4.747200490940173
3504,TP_z13_03_2,2,ZYK, HM, TP_z13_03, z13, 12.02.23," BaSyTec, SN:1936", CH08, ATT DY200T, 45°C, bottom rear mittig,
3505,TP_z13_03_2,3,CU, HM, TP_z13_03, z13, 19.02.23," BaSyTec, SN:1936", CH08, ATT DY200T, 23°C, bottom rear mittig,4.843607291680534
3506,TP_z13_03_2,4,ZYK, HM, TP_z13_03, z13, 20.02.23," BaSyTec, SN:1936", CH08, ATT DY200T, 45°C, bottom rear mittig,
3507,TP_z13_03_2,5,CU, HM, TP_z13_03, z13, 27.02.23," BaSyTec, SN:1936", CH08, ATT DY200T, 23°C, bottom rear mittig,4.825824311310427
3508,TP_z13_03_2,6,ZYK, HM, TP_z13_03, z13, 28.02.23," BaSyTec, SN:1936", CH08, ATT DY200T, 45°C, bottom rear mittig,
3509,TP_z13_03_2,7,exCU, HM, TP_z13_03, z13, 07.03.23," BaSyTec, SN:1936", CH08, ATT DY200T, 23°C, bottom rear mittig,4.809492195269355
3510,TP_z13_03_2,8,ZYK, HM, TP_z13_03, z13, 09.03.23," BaSyTec, SN:1936", CH08, ATT DY200T, 45°C, bottom rear mittig,
3511,TP_z13_03_2,9,CU, HM, TP_z13_03, z13, 22.03.23," BaSyTec, SN:1936", CH08, ATT DY200T, 23°C, bottom rear mittig,4.781461522024783
3512,TP_z13_03_2,10,ZYK, HM, TP_z13_03, z13, 24.03.23," BaSyTec, SN:1936", CH08, ATT DY200T, 45°C, bottom rear mittig,
3513,TP_z13_03_2,11,CU, HM, TP_z13_03, z13, 07.04.23," BaSyTec, SN:1936", CH08, ATT DY200T, 23°C, bottom rear mittig,4.761057076025008
3514,TP_z13_03_2,12,ZYK, HM, TP_z13_03, z13, 08.04.23," BaSyTec, SN:1936", CH08, ATT DY200T, 45°C, bottom rear mittig,
3515,TP_z13_03_2,13,exCU, HM, TP_z13_03, z13, 22.04.23," BaSyTec, SN:1936", CH08, ATT DY200T, 23°C, bottom rear mittig,4.749570197557418
3516,TP_z13_03_2,15,CU, HM, TP_z13_03, z13, 10.05.23," BaSyTec, SN:1936", CH08, ATT DY200T, 23°C, bottom rear mittig,4.752558388587284
3517,TP_z13_03_2,16,ZYK, HM, TP_z13_03, z13, 11.05.23," BaSyTec, SN:1936", CH08, ATT DY200T, 45°C, bottom rear mittig,
3518,TP_z13_03_2,17,CU, HM, TP_z13_03, z13, 08.06.23," BaSyTec, SN:1936", CH08, ATT DY200T, 23°C, bottom rear mittig,4.711873523619361
3519,TP_z13_03_2,18,ZYK, HM, TP_z13_03, z13, 09.06.23," BaSyTec, SN:1936", CH08, ATT DY200T, 45°C, bottom rear mittig,
3520,TP_z13_03_2,19,CU, HM, TP_z13_03, z13, 07.07.23," BaSyTec, SN:1936", CH08, ATT DY200T, 23°C, bottom rear mittig,4.684121176162304
3521,TP_z13_03_2,20,ZYK, HM, TP_z13_03, z13, 08.07.23," BaSyTec, SN:1936", CH08, ATT DY200T, 45°C, bottom rear mittig,
3522,TP_z13_03_2,21,exCU, HM, TP_z13_03, z13, 05.08.23," BaSyTec, SN:1936", CH08, ATT DY200T, 23°C, bottom rear mittig,4.659265991810182
3523,TP_z13_03_2,22,ZYK, HM, TP_z13_03, z13, 07.08.23," BaSyTec, SN:1936", CH08, ATT DY200T, 45°C, bottom rear mittig,
3524,TP_z13_03_2,23,CU, HM, TP_z13_03, z13, 23.09.23," BaSyTec, SN:1936", CH08, ATT DY200T, 23°C, bottom rear mittig,4.635003061132107
3525,TP_z13_03_2,24,ZYK, HM, TP_z13_03, z13, 24.09.23," BaSyTec, SN:1936", CH08, ATT DY200T, 45°C, bottom rear mittig,
3526,TP_z13_03_2,25,CU, HM, TP_z13_03, z13, 22.10.23," BaSyTec, SN:1936", CH08, ATT DY200T, 23°C, bottom rear mittig,4.601438545610533
3527,TP_z13_03_2,26,ZYK, HM, TP_z13_03, z13, 23.10.23," BaSyTec, SN:1936", CH08, ATT DY200T, 45°C, bottom rear mittig,
3528,TP_z13_03_2,27,exCU, HM, TP_z13_03, z13, 21.11.23," BaSyTec, SN:1936", CH08, ATT DY200T, 23°C, bottom rear mittig,4.579612525155079
3529,TP_z13_03_2,28,ZYK, HM, TP_z13_03, z13, 23.11.23," BaSyTec, SN:1936", CH08, ATT DY200T, 45°C, bottom rear mittig,
3530,TP_z13_03_2,29,CU, HM, TP_z13_03, z13, 21.12.23," BaSyTec, SN:1936", CH08, ATT DY200T, 23°C, bottom rear mittig,4.560290060792811
3531,TP_z13_03_2,30,ZYK, HM, TP_z13_03, z13, 22.12.23," BaSyTec, SN:1936", CH08, ATT DY200T, 45°C, bottom rear mittig,
3532,TP_z13_03_2,31,CU, HM, TP_z13_03, z13, 19.01.24," BaSyTec, SN:1936", CH08, ATT DY200T, 23°C, bottom rear mittig,4.5444376764700385
3533,TP_z13_03_2,32,ZYK, HM, TP_z13_03, z13, 20.01.24," BaSyTec, SN:1936", CH08, ATT DY200T, 45°C, bottom rear mittig,
3534,TP_z13_03_2,33,AT_T10, HM, TP_z13_03, z13, 13.02.24," BaSyTec, SN:1936", CH08, ATT DY200T, 10°C, bottom rear mittig,4.44193000058251
3535,TP_z13_03_2,33,AT_T23, HM, TP_z13_03, z13, 13.02.24," BaSyTec, SN:1936", CH08, ATT DY200T, 23°C, bottom rear mittig,4.534018862196
3536,TP_z13_03_2,33,AT_T45, HM, TP_z13_03, z13, 13.02.24," BaSyTec, SN:1936", CH08, ATT DY200T, 45°C, bottom rear mittig,4.61767186178291
3537,TP_z14_01_1,1,ET_T45, INT, INT040, z14, 15.10.2021," Basytec CTS, SN:CTS.X.13.00.0354", CH20/21, Binder MK240 #Schrödinger, 45°C, 22,4.986743285443384
3538,TP_z14_01_1,1,ET_T23, INT, INT040, z14, 18.10.2021," Basytec CTS, SN:CTS.X.13.00.0354", CH20/21, Binder MK240 #Schrödinger, 23°C, 22,4.877335597532989
3539,TP_z14_01_1,1,ET_T10, INT, INT040, z14, 12.10.2021," Basytec CTS, SN:CTS.X.13.00.0354", CH20/21, Binder MK240 #Schrödinger, 10°C, 22,4.809636979610474
3540,TP_z14_01_1,2,ZYK, INT, INT040, z14, 02.11.2021," Basytec GSM, SN:GSM.X.62.43.0353", CH04, Binder MK240 #Schroedinger, 35°C, 34,
3541,TP_z14_01_1,3,CU, INT, INT040, z14, 11.11.2021," Basytec CTS, SN:CTS.X.13.00.0355", CH26/27, Binder MK240 #Planck, 23°C, 22,4.854633836556659
3542,TP_z14_01_1,4,ZYK, INT, INT040, z14, 15.11.2021," Basytec GSM, SN:GSM.X.62.43.0353", CH04, Binder MK240 #Schroedinger, 35°C, 34,
3543,TP_z14_01_1,5,CU, INT, INT040, z14, 24.11.2021," Basytec CTS, SN:CTS.X.13.00.0355", CH26/27, Binder MK240 #Planck, 23°C, 22,4.837750726732898
3544,TP_z14_01_1,6,ZYK, INT, INT040, z14, 26.11.2021," Basytec GSM, SN:GSM.X.62.43.0353", CH04, Binder MK240 #Schroedinger, 35°C, 34,
3545,TP_z14_01_1,7,exCU, INT, INT040, z14, 07.12.2021," Basytec CTS, SN:CTS.X.13.00.0355", CH26/27, Binder MK240 #Planck, 23°C, 22,4.8292582229962635
3546,TP_z14_01_1,8,ZYK, INT, INT040, z14, 10.12.2021," Basytec GSM, SN:GSM.X.62.43.0353", CH04, Binder MK240 #Schroedinger, 35°C, 34,
3547,TP_z14_01_1,9,CU, INT, INT040, z14, 27.12.2021," Basytec CTS, SN:CTS.X.13.00.0408", CH26/27, Binder MK240 #Planck, 23°C, 22,4.805003062148904
3548,TP_z14_01_1,10,ZYK, INT, INT040, z14, 29.12.2021," Basytec GSM, SN:GSM.X.62.43.0353", CH04, Binder MK240 #Schroedinger, 35°C, 34,
3549,TP_z14_01_1,11,CU, INT, INT040, z14, 18.01.2022," Basytec CTS, SN:CTS.X.13.00.0408", CH10/11, Binder MK240 #Planck, 23°C, 14,4.787348471846702
3550,TP_z14_01_1,12,ZYK, INT, INT040, z14, 21.01.2022," Basytec GSM, SN:GSM.X.62.43.0353", CH04, Binder MK240 #Schroedinger, 35°C, 34,
3551,TP_z14_01_1,13,exCU, INT, INT040, z14, 09.02.2022," Basytec CTS, SN:CTS.X.13.00.0354", CH28/29, Binder MK240 #Schroedinger, 23°C, 26,4.770221205388031
3552,TP_z14_01_1,14,ZYK, INT, INT040, z14, 11.02.2022," Basytec GSM, SN:GSM.X.62.43.0353", CH04, Binder MK240 #Schroedinger, 35°C, 34,
3553,TP_z14_01_1,15,CU, INT, INT040, z14, 20.03.2022," Basytec CTS, SN:CTS.X.13.00.0354", CH28/29, Binder MK240 #Schroedinger, 23°C, 26,4.7492910612108385
3554,TP_z14_01_1,16,ZYK, INT, INT040, z14, 25.03.2022," Basytec GSM, SN:GSM.X.62.43.0353", CH04, Binder MK240 #Schroedinger, 35°C, 34,
3555,TP_z14_01_1,17,CU, INT, INT040, z14, 03.05.2022," Basytec CTS, SN:CTS.X.13.00.0354", CH28/29, Binder MK240 #Schroedinger, 23°C, 26,4.726689293638511
3556,TP_z14_01_1,18,ZYK, INT, INT040, z14, 09.05.2022," Basytec GSM, SN:GSM.X.62.43.0353", CH04, Binder MK240 #Schroedinger, 35°C, 34,
3557,TP_z14_01_1,19,exCU, INT, INT040, z14, 09.06.2022," Basytec CTS, SN:CTS.X.13.00.0354", CH28/29, Binder MK240 #Schroedinger, 23°C, 26,4.711675496921581
3558,TP_z14_01_1,20,ZYK, INT, INT040, z14, 13.06.2022," Basytec GSM, SN:GSM.X.62.43.0353", CH04, Binder MK240 #Schroedinger, 35°C, 34,
3559,TP_z14_01_1,21,CU, INT, INT040, z14, 19.07.2022," Basytec CTS, SN:CTS.X.13.00.0354", CH28/29, Binder MK240 #Schroedinger, 23°C, 26,4.6868959193384665
3560,TP_z14_01_1,22,ZYK, INT, INT040, z14, 22.07.2022," Basytec GSM, SN:GSM.X.62.43.0353", CH04, Binder MK240 #Schroedinger, 35°C, 34,
3561,TP_z14_01_1,23,CU, INT, INT040, z14, 22.08.2022," Basytec CTS, SN:CTS.X.13.00.0354", CH28/29, Binder MK240 #Schroedinger, 23°C, 26,4.674982307014171
3562,TP_z14_01_1,24,ZYK, INT, INT040, z14, 23.08.2022," Basytec GSM, SN:GSM.X.62.43.0353", CH04, Binder MK240 #Schroedinger, 35°C, 34,
3563,TP_z14_01_1,25,AT_T10, INT, INT040, z14, 06.09.2022," Basytec CTS, SN:CTS.X.13.00.0354", CH28/29, Binder MK240 #Schroedinger, 10°C, 26,4.586254355161621
3564,TP_z14_01_1,25,AT_T45, INT, INT040, z14, 09.09.2022," Basytec CTS, SN:CTS.X.13.00.0354", CH28/29, Binder MK240 #Schroedinger, 45°C, 26,4.709056617116642
3565,TP_z14_01_1,25,AT_T23, INT, INT040, z14, 12.09.2022," Basytec CTS, SN:CTS.X.13.00.0354", CH28/29, Binder MK240 #Schroedinger, 23°C, 26,4.634559661109566
3566,TP_z14_01_2,1,ET_T45, HM, TP_z14_01, z14, 04.02.2023," BaSyTec, SN:1936", CH09, ATT DY200T, 45°C, bottom rear right,4.94606539924799
3567,TP_z14_01_2,1,ET_T23, HM, TP_z14_01, z14, 07.02.2023," BaSyTec, SN:1936", CH09, ATT DY200T, 23°C, bottom rear right,4.86671621225422
3568,TP_z14_01_2,1,ET_T10, HM, TP_z14_01, z14, 02.02.23," BaSyTec, SN:1936", CH09, ATT DY200T, 10°C, bottom rear right,4.749252123328479
3569,TP_z14_01_2,2,ZYK, HM, TP_z14_01, z14, 12.02.23," BaSyTec, SN:1936", CH09, ATT DY200T, 45°C, bottom rear right,
3570,TP_z14_01_2,3,CU, HM, TP_z14_01, z14, 19.02.23," BaSyTec, SN:1936", CH09, ATT DY200T, 23°C, bottom rear right,4.815644417642722
3571,TP_z14_01_2,4,ZYK, HM, TP_z14_01, z14, 20.02.23," BaSyTec, SN:1936", CH09, ATT DY200T, 45°C, bottom rear right,
3572,TP_z14_01_2,5,CU, HM, TP_z14_01, z14, 27.02.23," BaSyTec, SN:1936", CH09, ATT DY200T, 23°C, bottom rear right,4.791532924077595
3573,TP_z14_01_2,6,ZYK, HM, TP_z14_01, z14, 28.02.23," BaSyTec, SN:1936", CH09, ATT DY200T, 45°C, bottom rear right,
3574,TP_z14_01_2,7,exCU, HM, TP_z14_01, z14, 07.03.23," BaSyTec, SN:1936", CH09, ATT DY200T, 23°C, bottom rear right,4.769668799252187
3575,TP_z14_01_2,8,ZYK, HM, TP_z14_01, z14, 09.03.23," BaSyTec, SN:1936", CH09, ATT DY200T, 45°C, bottom rear right,
3576,TP_z14_01_2,9,CU, HM, TP_z14_01, z14, 22.03.23," BaSyTec, SN:1936", CH09, ATT DY200T, 23°C, bottom rear right,4.734724426640641
3577,TP_z14_01_2,10,ZYK, HM, TP_z14_01, z14, 24.03.23," BaSyTec, SN:1936", CH09, ATT DY200T, 45°C, bottom rear right,
3578,TP_z14_01_2,11,CU, HM, TP_z14_01, z14, 07.04.23," BaSyTec, SN:1936", CH09, ATT DY200T, 23°C, bottom rear right,4.7058536219508955
3579,TP_z14_01_2,12,ZYK, HM, TP_z14_01, z14, 08.04.23," BaSyTec, SN:1936", CH09, ATT DY200T, 45°C, bottom rear right,
3580,TP_z14_01_2,13,exCU, HM, TP_z14_01, z14, 22.04.23," BaSyTec, SN:1936", CH09, ATT DY200T, 23°C, bottom rear right,4.683630854022878
3581,TP_z14_01_2,15,CU, HM, TP_z14_01, z14, 10.05.23," BaSyTec, SN:1936", CH09, ATT DY200T, 23°C, bottom rear right,4.69160441318514
3582,TP_z14_01_2,16,ZYK, HM, TP_z14_01, z14, 11.05.23," BaSyTec, SN:1936", CH09, ATT DY200T, 45°C, bottom rear right,
3583,TP_z14_01_2,17,CU, HM, TP_z14_01, z14, 08.06.23," BaSyTec, SN:1936", CH09, ATT DY200T, 23°C, bottom rear right,4.628436712921343
3584,TP_z14_01_2,18,ZYK, HM, TP_z14_01, z14, 09.06.23," BaSyTec, SN:1936", CH09, ATT DY200T, 45°C, bottom rear right,
3585,TP_z14_01_2,19,CU, HM, TP_z14_01, z14, 07.07.23," BaSyTec, SN:1936", CH09, ATT DY200T, 23°C, bottom rear right,4.592775871913551
3586,TP_z14_01_2,20,ZYK, HM, TP_z14_01, z14, 08.07.23," BaSyTec, SN:1936", CH09, ATT DY200T, 45°C, bottom rear right,
3587,TP_z14_01_2,21,exCU, HM, TP_z14_01, z14, 05.08.23," BaSyTec, SN:1936", CH09, ATT DY200T, 23°C, bottom rear right,4.563530229471953
3588,TP_z14_01_2,22,ZYK, HM, TP_z14_01, z14, 07.08.23," BaSyTec, SN:1936", CH09, ATT DY200T, 45°C, bottom rear right,
3589,TP_z14_01_2,23,CU, HM, TP_z14_01, z14, 23.09.23," BaSyTec, SN:1936", CH09, ATT DY200T, 23°C, bottom rear right,4.535218465938742
3590,TP_z14_01_2,24,ZYK, HM, TP_z14_01, z14, 24.09.23," BaSyTec, SN:1936", CH09, ATT DY200T, 45°C, bottom rear right,
3591,TP_z14_01_2,25,CU, HM, TP_z14_01, z14, 22.10.23," BaSyTec, SN:1936", CH09, ATT DY200T, 23°C, bottom rear right,4.502234608804873
3592,TP_z14_01_2,26,ZYK, HM, TP_z14_01, z14, 23.10.23," BaSyTec, SN:1936", CH09, ATT DY200T, 45°C, bottom rear right,
3593,TP_z14_01_2,27,exCU, HM, TP_z14_01, z14, 21.11.23," BaSyTec, SN:1936", CH09, ATT DY200T, 23°C, bottom rear right,4.474741722880218
3594,TP_z14_01_2,28,ZYK, HM, TP_z14_01, z14, 23.11.23," BaSyTec, SN:1936", CH09, ATT DY200T, 45°C, bottom rear right,
3595,TP_z14_01_2,29,CU, HM, TP_z14_01, z14, 21.12.23," BaSyTec, SN:1936", CH09, ATT DY200T, 23°C, bottom rear right,4.4532432554189185
3596,TP_z14_01_2,30,ZYK, HM, TP_z14_01, z14, 22.12.23," BaSyTec, SN:1936", CH09, ATT DY200T, 45°C, bottom rear right,
3597,TP_z14_01_2,31,CU, HM, TP_z14_01, z14, 19.01.24," BaSyTec, SN:1936", CH09, ATT DY200T, 23°C, bottom rear right,4.4351190908639655
3598,TP_z14_01_2,32,ZYK, HM, TP_z14_01, z14, 20.01.24," BaSyTec, SN:1936", CH09, ATT DY200T, 45°C, bottom rear right,
3599,TP_z14_01_2,33,AT_T10, HM, TP_z14_01, z14, 13.02.24," BaSyTec, SN:1936", CH09, ATT DY200T, 10°C, bottom rear right,3.8486217517598504
3600,TP_z14_01_2,33,AT_T23, HM, TP_z14_01, z14, 13.02.24," BaSyTec, SN:1936", CH09, ATT DY200T, 23°C, bottom rear right,4.42751778595858
3601,TP_z14_01_2,33,AT_T45, HM, TP_z14_01, z14, 13.02.24," BaSyTec, SN:1936", CH09, ATT DY200T, 45°C, bottom rear right,4.50258802726942
3602,TP_z14_02_1,1,ET_T45, INT, INT041, z14, 15.10.2021," Basytec CTS, SN:CTS.X.13.00.0354", CH22/23, Binder MK240 #Schroedinger, 45°C, 23,4.9977744276132885
3603,TP_z14_02_1,1,ET_T23, INT, INT041, z14, 18.10.2021," Basytec CTS, SN:CTS.X.13.00.0354", CH22/23, Binder MK240 #Schroedinger, 23°C, 23,4.876739144864844
3604,TP_z14_02_1,1,ET_T10, INT, INT041, z14, 12.10.2021," Basytec CTS, SN:CTS.X.13.00.0354", CH22/23, Binder MK240 #Schroedinger, 10°C, 23,4.815572181742061
3605,TP_z14_02_1,2,ZYK, INT, INT041, z14, 02.11.2021," Basytec GSM, SN:GSM.X.62.43.0353", CH05, Binder MK240 #Schroedinger, 35°C, 35,
3606,TP_z14_02_1,3,CU, INT, INT041, z14, 11.11.2021," Basytec CTS, SN:CTS.X.13.00.0355", CH30/31, Binder MK240 #Planck, 23°C, 29,4.852588358892949
3607,TP_z14_02_1,4,ZYK, INT, INT041, z14, 15.11.2021," Basytec GSM, SN:GSM.X.62.43.0353", CH05, Binder MK240 #Schroedinger, 35°C, 35,
3608,TP_z14_02_1,5,CU, INT, INT041, z14, 24.11.2021," Basytec CTS, SN:CTS.X.13.00.0355", CH30/31, Binder MK240 #Planck, 23°C, 29,4.835495149226727
3609,TP_z14_02_1,6,ZYK, INT, INT041, z14, 26.11.2021," Basytec GSM, SN:GSM.X.62.43.0353", CH05, Binder MK240 #Schroedinger, 35°C, 35,
3610,TP_z14_02_1,7,exCU, INT, INT041, z14, 07.12.2021," Basytec CTS, SN:CTS.X.13.00.0355", CH30/31, Binder MK240 #Planck, 23°C, 29,4.8255516674437935
3611,TP_z14_02_1,8,ZYK, INT, INT041, z14, 10.12.2021," Basytec GSM, SN:GSM.X.62.43.0353", CH05, Binder MK240 #Schroedinger, 35°C, 35,
3612,TP_z14_02_1,9,CU, INT, INT041, z14, 28.12.2021," Basytec CTS, SN:CTS.X.13.00.0408", CH18/19, Binder MK240 #Planck, 23°C, 19,4.810511714736699
3613,TP_z14_02_1,10,ZYK, INT, INT041, z14, 29.12.2021," Basytec GSM, SN:GSM.X.62.43.0353", CH05, Binder MK240 #Schroedinger, 35°C, 35,
3614,TP_z14_02_1,11,CU, INT, INT041, z14, 18.01.2022," Basytec CTS, SN:CTS.X.13.00.0408", CH12/13, Binder MK240 #Planck, 23°C, 16,4.7992644302677245
3615,TP_z14_02_1,12,ZYK, INT, INT041, z14, 21.01.2022," Basytec GSM, SN:GSM.X.62.43.0353", CH05, Binder MK240 #Schroedinger, 35°C, 35,
3616,TP_z14_02_1,13,exCU, INT, INT041, z14, 09.02.2022," Basytec CTS, SN:CTS.X.13.00.0354", CH30/31, Binder MK240 #Schroedinger, 23°C, 27,4.785276362593795
3617,TP_z14_02_1,14,ZYK, INT, INT041, z14, 11.02.2022," Basytec GSM, SN:GSM.X.62.43.0353", CH05, Binder MK240 #Schroedinger, 35°C, 35,
3618,TP_z14_02_1,15,CU, INT, INT041, z14, 20.03.2022," Basytec CTS, SN:CTS.X.13.00.0354", CH30/31, Binder MK240 #Schroedinger, 23°C, 27,4.76807880330761
3619,TP_z14_02_1,16,ZYK, INT, INT041, z14, 25.03.2022," Basytec GSM, SN:GSM.X.62.43.0353", CH05, Binder MK240 #Schroedinger, 35°C, 35,
3620,TP_z14_02_1,17,CU, INT, INT041, z14, 03.05.2022," Basytec CTS, SN:CTS.X.13.00.0354", CH30/31, Binder MK240 #Schroedinger, 23°C, 27,4.738847062320013
3621,TP_z14_02_1,18,ZYK, INT, INT041, z14, 09.05.2022," Basytec GSM, SN:GSM.X.62.43.0353", CH05, Binder MK240 #Schroedinger, 35°C, 35,
3622,TP_z14_02_1,19,exCU, INT, INT041, z14, 09.06.2022," Basytec CTS, SN:CTS.X.13.00.0354", CH30/31, Binder MK240 #Schroedinger, 23°C, 27,4.724962930207408
3623,TP_z14_02_1,20,ZYK, INT, INT041, z14, 13.06.2022," Basytec GSM, SN:GSM.X.62.43.0353", CH05, Binder MK240 #Schroedinger, 35°C, 35,
3624,TP_z14_02_1,21,CU, INT, INT041, z14, 19.07.2022," Basytec CTS, SN:CTS.X.13.00.0354", CH30/31, Binder MK240 #Schroedinger, 23°C, 27,4.698297365625717
3625,TP_z14_02_1,22,ZYK, INT, INT041, z14, 22.07.2022," Basytec GSM, SN:GSM.X.62.43.0353", CH05, Binder MK240 #Schroedinger, 35°C, 35,
3626,TP_z14_02_1,23,CU, INT, INT041, z14, 22.08.2022," Basytec CTS, SN:CTS.X.13.00.0354", CH30/31, Binder MK240 #Schroedinger, 23°C, 27,4.680790402413635
3627,TP_z14_02_1,24,ZYK, INT, INT041, z14, 23.08.2022," Basytec GSM, SN:GSM.X.62.43.0353", CH05, Binder MK240 #Schroedinger, 35°C, 35,
3628,TP_z14_02_1,25,AT_T10, INT, INT041, z14, 06.09.2022," Basytec CTS, SN:CTS.X.13.00.0354", CH30/31, Binder MK240 #Schroedinger, 10°C, 27,4.589993368694057
3629,TP_z14_02_1,25,AT_T45, INT, INT041, z14, 09.09.2022," Basytec CTS, SN:CTS.X.13.00.0354", CH30/31, Binder MK240 #Schroedinger, 45°C, 27,4.703356124144651
3630,TP_z14_02_1,25,AT_T23, INT, INT041, z14, 12.09.2022," Basytec CTS, SN:CTS.X.13.00.0354", CH30/31, Binder MK240 #Schroedinger, 23°C, 27,4.63424049155857
3631,TP_z14_02_2,1,ET_T45, HM, TP_z14_02, z14, 04.02.2023," BaSyTec, SN:1936", CH10, ATT DY200T, 45°C, bottom rear right,4.961014871935848
3632,TP_z14_02_2,1,ET_T23, HM, TP_z14_02, z14, 07.02.2023," BaSyTec, SN:1936", CH10, ATT DY200T, 23°C, bottom rear right,4.871728430842699
3633,TP_z14_02_2,1,ET_T10, HM, TP_z14_02, z14, 02.02.23," BaSyTec, SN:1936", CH10, ATT DY200T, 10°C, bottom rear right,4.740769665738975
3634,TP_z14_02_2,2,ZYK, HM, TP_z14_02, z14, 12.02.23," BaSyTec, SN:1936", CH10, ATT DY200T, 45°C, bottom rear right,
3635,TP_z14_02_2,3,CU, HM, TP_z14_02, z14, 19.02.23," BaSyTec, SN:1936", CH10, ATT DY200T, 23°C, bottom rear right,4.828453345593759
3636,TP_z14_02_2,4,ZYK, HM, TP_z14_02, z14, 20.02.23," BaSyTec, SN:1936", CH10, ATT DY200T, 45°C, bottom rear right,
3637,TP_z14_02_2,5,CU, HM, TP_z14_02, z14, 27.02.23," BaSyTec, SN:1936", CH10, ATT DY200T, 23°C, bottom rear right,4.806692704163946
3638,TP_z14_02_2,6,ZYK, HM, TP_z14_02, z14, 28.02.23," BaSyTec, SN:1936", CH10, ATT DY200T, 45°C, bottom rear right,
3639,TP_z14_02_2,7,exCU, HM, TP_z14_02, z14, 07.03.23," BaSyTec, SN:1936", CH10, ATT DY200T, 23°C, bottom rear right,4.787968869779295
3640,TP_z14_02_2,8,ZYK, HM, TP_z14_02, z14, 09.03.23," BaSyTec, SN:1936", CH10, ATT DY200T, 45°C, bottom rear right,
3641,TP_z14_02_2,9,CU, HM, TP_z14_02, z14, 22.03.23," BaSyTec, SN:1936", CH10, ATT DY200T, 23°C, bottom rear right,4.755491461628573
3642,TP_z14_02_2,10,ZYK, HM, TP_z14_02, z14, 24.03.23," BaSyTec, SN:1936", CH10, ATT DY200T, 45°C, bottom rear right,
3643,TP_z14_02_2,11,CU, HM, TP_z14_02, z14, 07.04.23," BaSyTec, SN:1936", CH10, ATT DY200T, 23°C, bottom rear right,4.731899401711344
3644,TP_z14_02_2,12,ZYK, HM, TP_z14_02, z14, 08.04.23," BaSyTec, SN:1936", CH10, ATT DY200T, 45°C, bottom rear right,
3645,TP_z14_02_2,13,exCU, HM, TP_z14_02, z14, 22.04.23," BaSyTec, SN:1936", CH10, ATT DY200T, 23°C, bottom rear right,4.715956293583749
3646,TP_z14_02_2,15,CU, HM, TP_z14_02, z14, 10.05.23," BaSyTec, SN:1936", CH10, ATT DY200T, 23°C, bottom rear right,4.71583175319817
3647,TP_z14_02_2,16,ZYK, HM, TP_z14_02, z14, 11.05.23," BaSyTec, SN:1936", CH10, ATT DY200T, 45°C, bottom rear right,
3648,TP_z14_02_2,17,CU, HM, TP_z14_02, z14, 08.06.23," BaSyTec, SN:1936", CH10, ATT DY200T, 23°C, bottom rear right,4.666868244063779
3649,TP_z14_02_2,18,ZYK, HM, TP_z14_02, z14, 09.06.23," BaSyTec, SN:1936", CH10, ATT DY200T, 45°C, bottom rear right,
3650,TP_z14_02_2,19,CU, HM, TP_z14_02, z14, 07.07.23," BaSyTec, SN:1936", CH10, ATT DY200T, 23°C, bottom rear right,4.635011516396549
3651,TP_z14_02_2,20,ZYK, HM, TP_z14_02, z14, 08.07.23," BaSyTec, SN:1936", CH10, ATT DY200T, 45°C, bottom rear right,
3652,TP_z14_02_2,21,exCU, HM, TP_z14_02, z14, 05.08.23," BaSyTec, SN:1936", CH10, ATT DY200T, 23°C, bottom rear right,4.607548825191726
3653,TP_z14_02_2,22,ZYK, HM, TP_z14_02, z14, 07.08.23," BaSyTec, SN:1936", CH10, ATT DY200T, 45°C, bottom rear right,
3654,TP_z14_02_2,23,CU, HM, TP_z14_02, z14, 23.09.23," BaSyTec, SN:1936", CH10, ATT DY200T, 23°C, bottom rear right,4.575187905239783
3655,TP_z14_02_2,24,ZYK, HM, TP_z14_02, z14, 24.09.23," BaSyTec, SN:1936", CH10, ATT DY200T, 45°C, bottom rear right,
3656,TP_z14_02_2,25,CU, HM, TP_z14_02, z14, 22.10.23," BaSyTec, SN:1936", CH10, ATT DY200T, 23°C, bottom rear right,4.549461319048834
3657,TP_z14_02_2,26,ZYK, HM, TP_z14_02, z14, 23.10.23," BaSyTec, SN:1936", CH10, ATT DY200T, 45°C, bottom rear right,
3658,TP_z14_02_2,27,exCU, HM, TP_z14_02, z14, 21.11.23," BaSyTec, SN:1936", CH10, ATT DY200T, 23°C, bottom rear right,4.5300570169865475
3659,TP_z14_02_2,28,ZYK, HM, TP_z14_02, z14, 23.11.23," BaSyTec, SN:1936", CH10, ATT DY200T, 45°C, bottom rear right,
3660,TP_z14_02_2,29,CU, HM, TP_z14_02, z14, 21.12.23," BaSyTec, SN:1936", CH10, ATT DY200T, 23°C, bottom rear right,4.510237474319817
3661,TP_z14_02_2,30,ZYK, HM, TP_z14_02, z14, 22.12.23," BaSyTec, SN:1936", CH10, ATT DY200T, 45°C, bottom rear right,
3662,TP_z14_02_2,31,CU, HM, TP_z14_02, z14, 19.01.24," BaSyTec, SN:1936", CH10, ATT DY200T, 23°C, bottom rear right,4.493154384345447
3663,TP_z14_02_2,32,ZYK, HM, TP_z14_02, z14, 20.01.24," BaSyTec, SN:1936", CH10, ATT DY200T, 45°C, bottom rear right,
3664,TP_z14_02_2,33,AT_T10, HM, TP_z14_02, z14, 13.02.24," BaSyTec, SN:1936", CH10, ATT DY200T, 10°C, bottom rear right,4.388658906464681
3665,TP_z14_02_2,33,AT_T23, HM, TP_z14_02, z14, 13.02.24," BaSyTec, SN:1936", CH10, ATT DY200T, 23°C, bottom rear right,4.48335940880686
3666,TP_z14_02_2,33,AT_T45, HM, TP_z14_02, z14, 13.02.24," BaSyTec, SN:1936", CH10, ATT DY200T, 45°C, bottom rear right,4.5651944375868645
3667,TP_z14_03_1,1,ET_T10, INT, INT042, z14, 12.10.2021," Basytec CTS, SN:CTS.X.13.00.0354", CH24/25, Binder MK240 #Schroedinger, 10°C, 24,4.77782503183286
3668,TP_z14_03_1,1,ET_T23, INT, INT042, z14, 18.10.2021," Basytec CTS, SN:CTS.X.13.00.0354", CH24/25, Binder MK240 #Schroedinger, 23°C, 24,4.850172310300305
3669,TP_z14_03_1,1,ET_T45, INT, INT042, z14, 15.10.2021," Basytec CTS, SN:CTS.X.13.00.0354", CH24/25, Binder MK240 #Schroedinger, 45°C, 24,4.955645247525444
3670,TP_z14_03_1,2,ZYK, INT, INT042, z14, 02.11.2021," Basytec GSM, SN:GSM.X.62.43.0353", CH06, Binder MK240 #Schroedinger, 35°C, 36,
3671,TP_z14_03_1,3,CU, INT, INT042, z14, 11.11.2021," Basytec CTS, SN:CTS.X.13.00.0354", CH00/01, Binder MK240 #Schroedinger, 23°C, 11,4.8228945902592315
3672,TP_z14_03_1,4,ZYK, INT, INT042, z14, 15.11.2021," Basytec GSM, SN:GSM.X.62.43.0353", CH06, Binder MK240 #Schroedinger, 35°C, 36,
3673,TP_z14_03_1,5,CU, INT, INT042, z14, 24.11.2021," Basytec CTS, SN:CTS.X.13.00.0354", CH00/01, Binder MK240 #Schroedinger, 23°C, 11,4.808528279763833
3674,TP_z14_03_1,6,ZYK, INT, INT042, z14, 26.11.2021," Basytec GSM, SN:GSM.X.62.43.0353", CH06, Binder MK240 #Schroedinger, 35°C, 36,
3675,TP_z14_03_1,7,exCU, INT, INT042, z14, 07.12.2021," Basytec CTS, SN:CTS.X.13.00.0354", CH00/01, Binder MK240 #Schroedinger, 23°C, 11,4.8006500649996156
3676,TP_z14_03_1,8,ZYK, INT, INT042, z14, 10.12.2021," Basytec GSM, SN:GSM.X.62.43.0353", CH06, Binder MK240 #Schroedinger, 35°C, 36,
3677,TP_z14_03_1,9,CU, INT, INT042, z14, 28.12.2021," Basytec CTS, SN:CTS.X.13.00.0408", CH00/01, Binder MK240 #Schroedinger, 23°C, 11,4.781854046422927
3678,TP_z14_03_1,10,ZYK, INT, INT042, z14, 29.12.2021," Basytec GSM, SN:GSM.X.62.43.0353", CH06, Binder MK240 #Schroedinger, 35°C, 36,
3679,TP_z14_03_1,11,CU, INT, INT042, z14, 18.01.2022," Basytec CTS, SN:CTS.X.13.00.0408", CH00/01, Binder MK240 #Schroedinger, 23°C, 11,4.772907922762847
3680,TP_z14_03_1,12,ZYK, INT, INT042, z14, 21.01.2022," Basytec GSM, SN:GSM.X.62.43.0353", CH06, Binder MK240 #Schroedinger, 35°C, 36,
3681,TP_z14_03_1,13,exCU, INT, INT042, z14, 09.02.2022," Basytec CTS, SN:CTS.X.13.00.0354", CH00/01, Binder MK240 #Schroedinger, 23°C, 11,4.7641983743356064
3682,TP_z14_03_1,14,ZYK, INT, INT042, z14, 11.02.2022," Basytec GSM, SN:GSM.X.62.43.0353", CH06, Binder MK240 #Schroedinger, 35°C, 36,
3683,TP_z14_03_1,15,CU, INT, INT042, z14, 20.03.2022," Basytec CTS, SN:CTS.X.13.00.0354", CH00/01, Binder MK240 #Schroedinger, 23°C, 11,4.737282459479763
3684,TP_z14_03_1,16,ZYK, INT, INT042, z14, 25.03.2022," Basytec GSM, SN:GSM.X.62.43.0353", CH06, Binder MK240 #Schroedinger, 35°C, 36,
3685,TP_z14_03_1,17,CU, INT, INT042, z14, 03.05.2022," Basytec CTS, SN:CTS.X.13.00.0354", CH00/01, Binder MK240 #Schroedinger, 23°C, 11,4.7174478001483955
3686,TP_z14_03_1,18,ZYK, INT, INT042, z14, 09.05.2022," Basytec GSM, SN:GSM.X.62.43.0353", CH06, Binder MK240 #Schroedinger, 35°C, 36,
3687,TP_z14_03_1,19,exCU, INT, INT042, z14, 09.06.2022," Basytec CTS, SN:CTS.X.13.00.0354", CH00/01, Binder MK240 #Schroedinger, 23°C, 11,4.694299754930531
3688,TP_z14_03_1,20,ZYK, INT, INT042, z14, 13.06.2022," Basytec GSM, SN:GSM.X.62.43.0353", CH06, Binder MK240 #Schroedinger, 35°C, 36,
3689,TP_z14_03_1,21,CU, INT, INT042, z14, 19.07.2022," Basytec CTS, SN:CTS.X.13.00.0354", CH00/01, Binder MK240 #Schroedinger, 23°C, 11,4.671768076036891
3690,TP_z14_03_1,22,ZYK, INT, INT042, z14, 22.07.2022," Basytec GSM, SN:GSM.X.62.43.0353", CH06, Binder MK240 #Schroedinger, 35°C, 36,
3691,TP_z14_03_1,23,CU, INT, INT042, z14, 22.08.2022," Basytec CTS, SN:CTS.X.13.00.0354", CH00/01, Binder MK240 #Schroedinger, 23°C, 11,4.651798456537125
3692,TP_z14_03_1,24,ZYK, INT, INT042, z14, 23.08.2022," Basytec GSM, SN:GSM.X.62.43.0353", CH06, Binder MK240 #Schroedinger, 35°C, 36,
3693,TP_z14_03_1,25,AT_T23, INT, INT042, z14, 12.09.2022," Basytec CTS, SN:CTS.X.13.00.0354", CH00/01, Binder MK240 #Schroedinger, 23°C, 11,4.610027239661611
3694,TP_z14_03_1,25,AT_T45, INT, INT042, z14, 09.09.2022," Basytec CTS, SN:CTS.X.13.00.0354", CH00/01, Binder MK240 #Schroedinger, 45°C, 11,4.682294353078291
3695,TP_z14_03_1,25,AT_T10, INT, INT042, z14, 06.09.2022," Basytec CTS, SN:CTS.X.13.00.0354", CH00/01, Binder MK240 #Schroedinger, 10°C, 11,4.564233413167619
3696,TP_z14_03_2,1,ET_T10, HM, TP_z14_03, z14, 02.02.23," BaSyTec, SN:1936", CH11, ATT DY200T, 10°C, bottom front right,4.739524710448471
3697,TP_z14_03_2,1,ET_T23, HM, TP_z14_03, z14, 07.02.2023," BaSyTec, SN:1936", CH11, ATT DY200T, 23°C, bottom front right,4.854714138122042
3698,TP_z14_03_2,1,ET_T45, HM, TP_z14_03, z14, 04.02.2023," BaSyTec, SN:1936", CH11, ATT DY200T, 45°C, bottom front right,4.943819802570221
3699,TP_z14_03_2,2,ZYK, HM, TP_z14_03, z14, 12.02.23," BaSyTec, SN:1936", CH11, ATT DY200T, 45°C, bottom front right,
3700,TP_z14_03_2,3,CU, HM, TP_z14_03, z14, 19.02.23," BaSyTec, SN:1936", CH11, ATT DY200T, 23°C, bottom front right,4.811565801947548
3701,TP_z14_03_2,4,ZYK, HM, TP_z14_03, z14, 20.02.23," BaSyTec, SN:1936", CH11, ATT DY200T, 45°C, bottom front right,
3702,TP_z14_03_2,5,CU, HM, TP_z14_03, z14, 27.02.23," BaSyTec, SN:1936", CH11, ATT DY200T, 23°C, bottom front right,4.79115593560698
3703,TP_z14_03_2,6,ZYK, HM, TP_z14_03, z14, 28.02.23," BaSyTec, SN:1936", CH11, ATT DY200T, 45°C, bottom front right,
3704,TP_z14_03_2,7,exCU, HM, TP_z14_03, z14, 07.03.23," BaSyTec, SN:1936", CH11, ATT DY200T, 23°C, bottom front right,4.774101255233072
3705,TP_z14_03_2,8,ZYK, HM, TP_z14_03, z14, 09.03.23," BaSyTec, SN:1936", CH11, ATT DY200T, 45°C, bottom front right,
3706,TP_z14_03_2,9,CU, HM, TP_z14_03, z14, 22.03.23," BaSyTec, SN:1936", CH11, ATT DY200T, 23°C, bottom front right,4.742949857916594
3707,TP_z14_03_2,10,ZYK, HM, TP_z14_03, z14, 24.03.23," BaSyTec, SN:1936", CH11, ATT DY200T, 45°C, bottom front right,
3708,TP_z14_03_2,11,CU, HM, TP_z14_03, z14, 07.04.23," BaSyTec, SN:1936", CH11, ATT DY200T, 23°C, bottom front right,4.7202379550666524
3709,TP_z14_03_2,12,ZYK, HM, TP_z14_03, z14, 08.04.23," BaSyTec, SN:1936", CH11, ATT DY200T, 45°C, bottom front right,
3710,TP_z14_03_2,13,exCU, HM, TP_z14_03, z14, 22.04.23," BaSyTec, SN:1936", CH11, ATT DY200T, 23°C, bottom front right,4.705462759991001
3711,TP_z14_03_2,15,CU, HM, TP_z14_03, z14, 10.05.23," BaSyTec, SN:1936", CH11, ATT DY200T, 23°C, bottom front right,4.700599627373675
3712,TP_z14_03_2,16,ZYK, HM, TP_z14_03, z14, 11.05.23," BaSyTec, SN:1936", CH11, ATT DY200T, 45°C, bottom front right,
3713,TP_z14_03_2,17,CU, HM, TP_z14_03, z14, 08.06.23," BaSyTec, SN:1936", CH11, ATT DY200T, 23°C, bottom front right,4.659840876697669
3714,TP_z14_03_2,18,ZYK, HM, TP_z14_03, z14, 09.06.23," BaSyTec, SN:1936", CH11, ATT DY200T, 45°C, bottom front right,
3715,TP_z14_03_2,19,CU, HM, TP_z14_03, z14, 07.07.23," BaSyTec, SN:1936", CH11, ATT DY200T, 23°C, bottom front right,4.630683117243221
3716,TP_z14_03_2,20,ZYK, HM, TP_z14_03, z14, 08.07.23," BaSyTec, SN:1936", CH11, ATT DY200T, 45°C, bottom front right,
3717,TP_z14_03_2,21,exCU, HM, TP_z14_03, z14, 05.08.23," BaSyTec, SN:1936", CH11, ATT DY200T, 23°C, bottom front right,4.604650761260945
3718,TP_z14_03_2,22,ZYK, HM, TP_z14_03, z14, 07.08.23," BaSyTec, SN:1936", CH11, ATT DY200T, 45°C, bottom front right,
3719,TP_z14_03_2,23,CU, HM, TP_z14_03, z14, 23.09.23," BaSyTec, SN:1936", CH11, ATT DY200T, 23°C, bottom front right,4.583167107648115
3720,TP_z14_03_2,24,ZYK, HM, TP_z14_03, z14, 24.09.23," BaSyTec, SN:1936", CH11, ATT DY200T, 45°C, bottom front right,
3721,TP_z14_03_2,25,CU, HM, TP_z14_03, z14, 22.10.23," BaSyTec, SN:1936", CH11, ATT DY200T, 23°C, bottom front right,4.55692796416008
3722,TP_z14_03_2,26,ZYK, HM, TP_z14_03, z14, 23.10.23," BaSyTec, SN:1936", CH11, ATT DY200T, 45°C, bottom front right,
3723,TP_z14_03_2,27,exCU, HM, TP_z14_03, z14, 21.11.23," BaSyTec, SN:1936", CH11, ATT DY200T, 23°C, bottom front right,4.534457419710188
3724,TP_z14_03_2,28,ZYK, HM, TP_z14_03, z14, 23.11.23," BaSyTec, SN:1936", CH11, ATT DY200T, 45°C, bottom front right,
3725,TP_z14_03_2,29,CU, HM, TP_z14_03, z14, 21.12.23," BaSyTec, SN:1936", CH11, ATT DY200T, 23°C, bottom front right,4.513629846015595
3726,TP_z14_03_2,30,ZYK, HM, TP_z14_03, z14, 22.12.23," BaSyTec, SN:1936", CH11, ATT DY200T, 45°C, bottom front right,
3727,TP_z14_03_2,31,CU, HM, TP_z14_03, z14, 19.01.24," BaSyTec, SN:1936", CH11, ATT DY200T, 23°C, bottom front right,4.494956155344145
3728,TP_z14_03_2,32,ZYK, HM, TP_z14_03, z14, 20.01.24," BaSyTec, SN:1936", CH11, ATT DY200T, 45°C, bottom front right,
3729,TP_z14_03_2,33,AT_T45, HM, TP_z14_03, z14, 13.02.24," BaSyTec, SN:1936", CH11, ATT DY200T, 45°C, bottom front right,4.554095242598901
3730,TP_z14_03_2,33,AT_T23, HM, TP_z14_03, z14, 13.02.24," BaSyTec, SN:1936", CH11, ATT DY200T, 23°C, bottom front right,4.47684449377493
3731,TP_z14_03_2,33,AT_T10, HM, TP_z14_03, z14, 13.02.24," BaSyTec, SN:1936", CH11, ATT DY200T, 10°C, bottom front right,4.3865943999644745
3732,TP_z15_01_1,1,ET_T23, INT, INT043, z15, 18.10.2021," Basytec CTS, SN:CTS.X.13.00.0354", CH26/27, Binder MK240 #Schroedinger, 23°C, 25,4.876322923310369
3733,TP_z15_01_1,1,ET_T45, INT, INT043, z15, 15.10.2021," Basytec CTS, SN:CTS.X.13.00.0354", CH26/27, Binder MK240 #Schroedinger, 45°C, 25,4.9942167621864755
3734,TP_z15_01_1,1,ET_T10, INT, INT043, z15, 12.10.2021," Basytec CTS, SN:CTS.X.13.00.0354", CH26/27, Binder MK240 #Schroedinger, 10°C, 25,4.814433311664897
3735,TP_z15_01_1,2,ZYK, INT, INT043, z15, 02.11.2021," Basytec GSM, SN:GSM.X.62.43.0353", CH07, Binder MK240 #Schroedinger, 35°C, 37,
3736,TP_z15_01_1,3,CU, INT, INT043, z15, 11.11.2021," Basytec CTS, SN:CTS.X.13.00.0354", CH02/03, Binder MK240 #Schroedinger, 23°C, 12,4.838115618616438
3737,TP_z15_01_1,4,ZYK, INT, INT043, z15, 15.11.2021," Basytec GSM, SN:GSM.X.62.43.0353", CH07, Binder MK240 #Schroedinger, 35°C, 37,
3738,TP_z15_01_1,5,CU, INT, INT043, z15, 24.11.2021," Basytec CTS, SN:CTS.X.13.00.0354", CH02/03, Binder MK240 #Schroedinger, 23°C, 12,4.797656732140982
3739,TP_z15_01_1,6,ZYK, INT, INT043, z15, 26.11.2021," Basytec GSM, SN:GSM.X.62.43.0353", CH07, Binder MK240 #Schroedinger, 35°C, 37,
3740,TP_z15_01_1,7,exCU, INT, INT043, z15, 07.12.2021," Basytec CTS, SN:CTS.X.13.00.0354", CH02/03, Binder MK240 #Schroedinger, 23°C, 12,4.783488574640717
3741,TP_z15_01_1,8,ZYK, INT, INT043, z15, 10.12.2021," Basytec GSM, SN:GSM.X.62.43.0353", CH07, Binder MK240 #Schroedinger, 35°C, 37,
3742,TP_z15_01_1,9,CU, INT, INT043, z15, 27.12.2021," Basytec CTS, SN:CTS.X.13.00.0354", CH02/03, Binder MK240 #Schroedinger, 23°C, 12,4.746549021419531
3743,TP_z15_01_1,10,ZYK, INT, INT043, z15, 29.12.2021," Basytec GSM, SN:GSM.X.62.43.0353", CH07, Binder MK240 #Schroedinger, 35°C, 37,
3744,TP_z15_01_1,11,CU, INT, INT043, z15, 18.01.2022," Basytec CTS, SN:CTS.X.13.00.0354", CH02/03, Binder MK240 #Schroedinger, 23°C, 12,4.723406309823055
3745,TP_z15_01_1,12,ZYK, INT, INT043, z15, 21.01.2022," Basytec GSM, SN:GSM.X.62.43.0353", CH07, Binder MK240 #Schroedinger, 35°C, 37,
3746,TP_z15_01_1,13,exCU, INT, INT043, z15, 09.02.2022," Basytec CTS, SN:CTS.X.13.00.0354", CH02/03, Binder MK240 #Schroedinger, 23°C, 12,4.693594908346887
3747,TP_z15_01_1,14,ZYK, INT, INT043, z15, 11.02.2022," Basytec GSM, SN:GSM.X.62.43.0353", CH07, Binder MK240 #Schroedinger, 35°C, 37,
3748,TP_z15_01_1,15,CU, INT, INT043, z15, 20.03.2022," Basytec CTS, SN:CTS.X.13.00.0354", CH02/03, Binder MK240 #Schroedinger, 23°C, 12,4.641390510807341
3749,TP_z15_01_1,16,ZYK, INT, INT043, z15, 25.03.2022," Basytec GSM, SN:GSM.X.62.43.0353", CH07, Binder MK240 #Schroedinger, 35°C, 37,
3750,TP_z15_01_1,17,CU, INT, INT043, z15, 03.05.2022," Basytec CTS, SN:CTS.X.13.00.0354", CH02/03, Binder MK240 #Schroedinger, 23°C, 12,4.596915122226148
3751,TP_z15_01_1,18,ZYK, INT, INT043, z15, 09.05.2022," Basytec GSM, SN:GSM.X.62.43.0353", CH07, Binder MK240 #Schroedinger, 35°C, 37,
3752,TP_z15_01_1,19,exCU, INT, INT043, z15, 09.06.2022," Basytec CTS, SN:CTS.X.13.00.0354", CH02/03, Binder MK240 #Schroedinger, 23°C, 12,4.546521505835996
3753,TP_z15_01_1,20,ZYK, INT, INT043, z15, 13.06.2022," Basytec GSM, SN:GSM.X.62.43.0353", CH07, Binder MK240 #Schroedinger, 35°C, 37,
3754,TP_z15_01_1,21,CU, INT, INT043, z15, 19.07.2022," Basytec CTS, SN:CTS.X.13.00.0354", CH02/03, Binder MK240 #Schroedinger, 23°C, 12,4.514884299733169
3755,TP_z15_01_1,22,ZYK, INT, INT043, z15, 22.07.2022," Basytec GSM, SN:GSM.X.62.43.0353", CH07, Binder MK240 #Schroedinger, 35°C, 37,
3756,TP_z15_01_1,23,CU, INT, INT043, z15, 22.08.2022," Basytec CTS, SN:CTS.X.13.00.0354", CH02/03, Binder MK240 #Schroedinger, 23°C, 12,4.4676923122988645
3757,TP_z15_01_1,24,ZYK, INT, INT043, z15, 23.08.2022," Basytec GSM, SN:GSM.X.62.43.0353", CH07, Binder MK240 #Schroedinger, 35°C, 37,
3758,TP_z15_01_1,25,AT_T10, INT, INT043, z15, 06.09.2022," Basytec CTS, SN:CTS.X.13.00.0354", CH02/03, Binder MK240 #Schroedinger, 10°C, 12,4.423235273556497
3759,TP_z15_01_1,25,AT_T23, INT, INT043, z15, 12.09.2022," Basytec CTS, SN:CTS.X.13.00.0354", CH02/03, Binder MK240 #Schroedinger, 23°C, 12,4.389998660584193
3760,TP_z15_01_1,25,AT_T45, INT, INT043, z15, 09.09.2022," Basytec CTS, SN:CTS.X.13.00.0354", CH02/03, Binder MK240 #Schroedinger, 45°C, 12,4.478025979037858
3761,TP_z15_01_2,1,ET_T23, HM, TP_z15_01, z15, 07.02.2023," BaSyTec, SN:1936", CH12, ATT DY200T, 23°C, bottom front left,4.872809601010134
3762,TP_z15_01_2,1,ET_T45, HM, TP_z15_01, z15, 04.02.2023," BaSyTec, SN:1936", CH12, ATT DY200T, 45°C, bottom front left,4.960367619521356
3763,TP_z15_01_2,1,ET_T10, HM, TP_z15_01, z15, 02.02.23," BaSyTec, SN:1936", CH12, ATT DY200T, 10°C, bottom front left,4.770273872791171
3764,TP_z15_01_2,2,ZYK, HM, TP_z15_01, z15, 12.02.23," BaSyTec, SN:1936", CH12, ATT DY200T, 45°C, bottom front left,
3765,TP_z15_01_2,3,CU, HM, TP_z15_01, z15, 19.02.23," BaSyTec, SN:1936", CH12, ATT DY200T, 23°C, bottom front left,4.807875544698167
3766,TP_z15_01_2,4,ZYK, HM, TP_z15_01, z15, 20.02.23," BaSyTec, SN:1936", CH12, ATT DY200T, 45°C, bottom front left,
3767,TP_z15_01_2,5,CU, HM, TP_z15_01, z15, 27.02.23," BaSyTec, SN:1936", CH12, ATT DY200T, 23°C, bottom front left,4.765808313210163
3768,TP_z15_01_2,6,ZYK, HM, TP_z15_01, z15, 28.02.23," BaSyTec, SN:1936", CH12, ATT DY200T, 45°C, bottom front left,
3769,TP_z15_01_2,7,exCU, HM, TP_z15_01, z15, 07.03.23," BaSyTec, SN:1936", CH12, ATT DY200T, 23°C, bottom front left,4.731822226608703
3770,TP_z15_01_2,8,ZYK, HM, TP_z15_01, z15, 09.03.23," BaSyTec, SN:1936", CH12, ATT DY200T, 45°C, bottom front left,
3771,TP_z15_01_2,9,CU, HM, TP_z15_01, z15, 22.03.23," BaSyTec, SN:1936", CH12, ATT DY200T, 23°C, bottom front left,4.6803150329409196
3772,TP_z15_01_2,10,ZYK, HM, TP_z15_01, z15, 24.03.23," BaSyTec, SN:1936", CH12, ATT DY200T, 45°C, bottom front left,
3773,TP_z15_01_2,11,CU, HM, TP_z15_01, z15, 07.04.23," BaSyTec, SN:1936", CH12, ATT DY200T, 23°C, bottom front left,4.6355809080803025
3774,TP_z15_01_2,12,ZYK, HM, TP_z15_01, z15, 08.04.23," BaSyTec, SN:1936", CH12, ATT DY200T, 45°C, bottom front left,
3775,TP_z15_01_2,13,exCU, HM, TP_z15_01, z15, 22.04.23," BaSyTec, SN:1936", CH12, ATT DY200T, 23°C, bottom front left,4.581381530372585
3776,TP_z15_01_2,15,CU, HM, TP_z15_01, z15, 10.05.23," BaSyTec, SN:1936", CH12, ATT DY200T, 23°C, bottom front left,4.58110367759874
3777,TP_z15_01_2,16,ZYK, HM, TP_z15_01, z15, 11.05.23," BaSyTec, SN:1936", CH12, ATT DY200T, 45°C, bottom front left,
3778,TP_z15_01_2,17,CU, HM, TP_z15_01, z15, 08.06.23," BaSyTec, SN:1936", CH12, ATT DY200T, 23°C, bottom front left,4.435192203518626
3779,TP_z15_01_2,18,ZYK, HM, TP_z15_01, z15, 09.06.23," BaSyTec, SN:1936", CH12, ATT DY200T, 45°C, bottom front left,
3780,TP_z15_01_2,19,CU, HM, TP_z15_01, z15, 07.07.23," BaSyTec, SN:1936", CH12, ATT DY200T, 23°C, bottom front left,4.1968519698246105
3781,TP_z15_01_2,20,ZYK, HM, TP_z15_01, z15, 08.07.23," BaSyTec, SN:1936", CH12, ATT DY200T, 45°C, bottom front left,
3782,TP_z15_01_2,21,exCU, HM, TP_z15_01, z15, 05.08.23," BaSyTec, SN:1936", CH12, ATT DY200T, 23°C, bottom front left,4.682773532127856
3783,TP_z15_01_2,22,AT_T10, HM, TP_z15_01, z15, 04.09.23," BaSyTec, SN:1936", CH29, ATT DY200T, 10°C, top rear right,
3784,TP_z15_01_2,22,ZYK, HM, TP_z15_01, z15, 07.08.23," BaSyTec, SN:1936", CH12, ATT DY200T, 45°C, bottom front left,
3785,TP_z15_01_2,22,AT_T45, HM, TP_z15_01, z15, 04.09.23," BaSyTec, SN:1936", CH29, ATT DY200T, 45°C, top rear right,
3786,TP_z15_01_2,22,AT_T23, HM, TP_z15_01, z15, 04.09.23," BaSyTec, SN:1936", CH29, ATT DY200T, 23°C, top rear right,4.455811690170933
3787,TP_z15_02_1,1,ET_T23, INT, INT044, z15, 18.10.2021," Basytec CTS, SN:CTS.X.13.00.0354", CH04/05, Binder MK240 #Schroedinger, 23°C, 13,4.823963993931823
3788,TP_z15_02_1,1,ET_T45, INT, INT044, z15, 15.10.2021," Basytec CTS, SN:CTS.X.13.00.0354", CH04/05, Binder MK240 #Schroedinger, 45°C, 13,4.936187925144611
3789,TP_z15_02_1,1,ET_T10, INT, INT044, z15, 12.10.2021," Basytec CTS, SN:CTS.X.13.00.0354", CH04/05, Binder MK240 #Schroedinger, 10°C, 13,4.7568895616603974
3790,TP_z15_02_1,2,ZYK, INT, INT044, z15, 02.11.2021," Basytec GSM, SN:GSM.X.62.43.0353", CH08, Binder MK240 #Schroedinger, 35°C, 38,
3791,TP_z15_02_1,3,CU, INT, INT044, z15, 11.11.2021," Basytec CTS, SN:CTS.X.13.00.0354", CH04/05, Binder MK240 #Schroedinger, 23°C, 13,4.7866822832101725
3792,TP_z15_02_1,4,ZYK, INT, INT044, z15, 15.11.2021," Basytec GSM, SN:GSM.X.62.43.0353", CH08, Binder MK240 #Schroedinger, 35°C, 38,
3793,TP_z15_02_1,5,CU, INT, INT044, z15, 24.11.2021," Basytec CTS, SN:CTS.X.13.00.0354", CH04/05, Binder MK240 #Schroedinger, 23°C, 13,4.747863085474871
3794,TP_z15_02_1,6,ZYK, INT, INT044, z15, 26.11.2021," Basytec GSM, SN:GSM.X.62.43.0353", CH08, Binder MK240 #Schroedinger, 35°C, 38,
3795,TP_z15_02_1,7,exCU, INT, INT044, z15, 07.12.2021," Basytec CTS, SN:CTS.X.13.00.0354", CH04/05, Binder MK240 #Schroedinger, 23°C, 13,4.733149890867635
3796,TP_z15_02_1,8,ZYK, INT, INT044, z15, 10.12.2021," Basytec GSM, SN:GSM.X.62.43.0353", CH08, Binder MK240 #Schroedinger, 35°C, 38,
3797,TP_z15_02_1,9,CU, INT, INT044, z15, 27.12.2021," Basytec CTS, SN:CTS.X.13.00.0354", CH04/05, Binder MK240 #Schroedinger, 23°C, 13,4.696761300152618
3798,TP_z15_02_1,10,ZYK, INT, INT044, z15, 29.12.2021," Basytec GSM, SN:GSM.X.62.43.0353", CH08, Binder MK240 #Schroedinger, 35°C, 38,
3799,TP_z15_02_1,11,CU, INT, INT044, z15, 18.01.2022," Basytec CTS, SN:CTS.X.13.00.0354", CH04/05, Binder MK240 #Schroedinger, 23°C, 13,4.670422208116257
3800,TP_z15_02_1,12,ZYK, INT, INT044, z15, 21.01.2022," Basytec GSM, SN:GSM.X.62.43.0353", CH08, Binder MK240 #Schroedinger, 35°C, 38,
3801,TP_z15_02_1,13,exCU, INT, INT044, z15, 09.02.2022," Basytec CTS, SN:CTS.X.13.00.0354", CH04/05, Binder MK240 #Schroedinger, 23°C, 13,4.642581000216058
3802,TP_z15_02_1,14,ZYK, INT, INT044, z15, 11.02.2022," Basytec GSM, SN:GSM.X.62.43.0353", CH08, Binder MK240 #Schroedinger, 35°C, 38,
3803,TP_z15_02_1,15,CU, INT, INT044, z15, 20.03.2022," Basytec CTS, SN:CTS.X.13.00.0354", CH04/05, Binder MK240 #Schroedinger, 23°C, 13,4.586811334416032
3804,TP_z15_02_1,16,ZYK, INT, INT044, z15, 25.03.2022," Basytec GSM, SN:GSM.X.62.43.0353", CH08, Binder MK240 #Schroedinger, 35°C, 38,
3805,TP_z15_02_1,17,CU, INT, INT044, z15, 03.05.2022," Basytec CTS, SN:CTS.X.13.00.0354", CH04/05, Binder MK240 #Schroedinger, 23°C, 13,4.540381532955594
3806,TP_z15_02_1,18,ZYK, INT, INT044, z15, 09.05.2022," Basytec GSM, SN:GSM.X.62.43.0353", CH08, Binder MK240 #Schroedinger, 35°C, 38,
3807,TP_z15_02_1,19,exCU, INT, INT044, z15, 09.06.2022," Basytec CTS, SN:CTS.X.13.00.0354", CH04/05, Binder MK240 #Schroedinger, 23°C, 13,4.48979435494563
3808,TP_z15_02_1,20,ZYK, INT, INT044, z15, 13.06.2022," Basytec GSM, SN:GSM.X.62.43.0353", CH08, Binder MK240 #Schroedinger, 35°C, 38,
3809,TP_z15_02_1,21,CU, INT, INT044, z15, 19.07.2022," Basytec CTS, SN:CTS.X.13.00.0354", CH04/05, Binder MK240 #Schroedinger, 23°C, 13,4.447279612612846
3810,TP_z15_02_1,22,ZYK, INT, INT044, z15, 22.07.2022," Basytec GSM, SN:GSM.X.62.43.0353", CH08, Binder MK240 #Schroedinger, 35°C, 38,
3811,TP_z15_02_1,23,CU, INT, INT044, z15, 22.08.2022," Basytec CTS, SN:CTS.X.13.00.0354", CH04/05, Binder MK240 #Schroedinger, 23°C, 13,4.406834795422718
3812,TP_z15_02_1,24,ZYK, INT, INT044, z15, 23.08.2022," Basytec GSM, SN:GSM.X.62.43.0353", CH08, Binder MK240 #Schroedinger, 35°C, 38,
3813,TP_z15_02_1,25,AT_T10, INT, INT044, z15, 06.09.2022," Basytec CTS, SN:CTS.X.13.00.0354", CH04/05, Binder MK240 #Schroedinger, 10°C, 13,4.335688981600722
3814,TP_z15_02_1,25,AT_T23, INT, INT044, z15, 12.09.2022," Basytec CTS, SN:CTS.X.13.00.0354", CH04/05, Binder MK240 #Schroedinger, 23°C, 13,4.341337807203554
3815,TP_z15_02_1,25,AT_T45, INT, INT044, z15, 09.09.2022," Basytec CTS, SN:CTS.X.13.00.0354", CH04/05, Binder MK240 #Schroedinger, 45°C, 13,4.430524780690373
3816,TP_z15_02_2,1,ET_T23, HM, TP_z15_02, z15, 07.02.2023," BaSyTec, SN:1936", CH13, ATT DY200T, 23°C, bottom front mittig,4.874700850597057
3817,TP_z15_02_2,1,ET_T45, HM, TP_z15_02, z15, 04.02.2023," BaSyTec, SN:1936", CH13, ATT DY200T, 45°C, bottom front mittig,4.963864858524957
3818,TP_z15_02_2,1,ET_T10, HM, TP_z15_02, z15, 02.02.23," BaSyTec, SN:1936", CH13, ATT DY200T, 10°C, bottom front mittig,4.769074912077842
3819,TP_z15_02_2,2,ZYK, HM, TP_z15_02, z15, 12.02.23," BaSyTec, SN:1936", CH13, ATT DY200T, 45°C, bottom front mittig,
3820,TP_z15_02_2,3,CU, HM, TP_z15_02, z15, 19.02.23," BaSyTec, SN:1936", CH13, ATT DY200T, 23°C, bottom front mittig,4.809446559744961
3821,TP_z15_02_2,4,ZYK, HM, TP_z15_02, z15, 20.02.23," BaSyTec, SN:1936", CH13, ATT DY200T, 45°C, bottom front mittig,
3822,TP_z15_02_2,5,CU, HM, TP_z15_02, z15, 27.02.23," BaSyTec, SN:1936", CH13, ATT DY200T, 23°C, bottom front mittig,4.765905916342478
3823,TP_z15_02_2,6,ZYK, HM, TP_z15_02, z15, 28.02.23," BaSyTec, SN:1936", CH13, ATT DY200T, 45°C, bottom front mittig,
3824,TP_z15_02_2,7,exCU, HM, TP_z15_02, z15, 07.03.23," BaSyTec, SN:1936", CH13, ATT DY200T, 23°C, bottom front mittig,4.733611368332914
3825,TP_z15_02_2,8,ZYK, HM, TP_z15_02, z15, 09.03.23," BaSyTec, SN:1936", CH13, ATT DY200T, 45°C, bottom front mittig,
3826,TP_z15_02_2,9,CU, HM, TP_z15_02, z15, 22.03.23," BaSyTec, SN:1936", CH13, ATT DY200T, 23°C, bottom front mittig,4.681280360453886
3827,TP_z15_02_2,10,ZYK, HM, TP_z15_02, z15, 24.03.23," BaSyTec, SN:1936", CH13, ATT DY200T, 45°C, bottom front mittig,
3828,TP_z15_02_2,11,CU, HM, TP_z15_02, z15, 07.04.23," BaSyTec, SN:1936", CH13, ATT DY200T, 23°C, bottom front mittig,4.637885905388327
3829,TP_z15_02_2,12,ZYK, HM, TP_z15_02, z15, 08.04.23," BaSyTec, SN:1936", CH13, ATT DY200T, 45°C, bottom front mittig,
3830,TP_z15_02_2,13,exCU, HM, TP_z15_02, z15, 22.04.23," BaSyTec, SN:1936", CH13, ATT DY200T, 23°C, bottom front mittig,4.592943827295777
3831,TP_z15_02_2,15,CU, HM, TP_z15_02, z15, 10.05.23," BaSyTec, SN:1936", CH13, ATT DY200T, 23°C, bottom front mittig,4.57869963997188
3832,TP_z15_02_2,16,ZYK, HM, TP_z15_02, z15, 11.05.23," BaSyTec, SN:1936", CH13, ATT DY200T, 45°C, bottom front mittig,
3833,TP_z15_02_2,17,CU, HM, TP_z15_02, z15, 08.06.23," BaSyTec, SN:1936", CH13, ATT DY200T, 23°C, bottom front mittig,4.423728211071871
3834,TP_z15_02_2,18,ZYK, HM, TP_z15_02, z15, 09.06.23," BaSyTec, SN:1936", CH13, ATT DY200T, 45°C, bottom front mittig,
3835,TP_z15_02_2,19,CU, HM, TP_z15_02, z15, 07.07.23," BaSyTec, SN:1936", CH13, ATT DY200T, 23°C, bottom front mittig,4.275522904484371
3836,TP_z15_02_2,20,ZYK, HM, TP_z15_02, z15, 08.07.23," BaSyTec, SN:1936", CH13, ATT DY200T, 45°C, bottom front mittig,
3837,TP_z15_02_2,21,exCU, HM, TP_z15_02, z15, 05.08.23," BaSyTec, SN:1936", CH13, ATT DY200T, 23°C, bottom front mittig,4.129907062048887
3838,TP_z15_02_2,22,ZYK, HM, TP_z15_02, z15, 07.08.23," BaSyTec, SN:1936", CH13, ATT DY200T, 45°C, bottom front mittig,
3839,TP_z15_02_2,23,CU, HM, TP_z15_02, z15, 23.09.23," BaSyTec, SN:1936", CH13, ATT DY200T, 23°C, bottom front mittig,4.9535648199150195
3840,TP_z15_02_2,24,AT_T23, HM, TP_z15_02, z15, 23.10.23," BaSyTec, SN:1936", CH27, ATT DY200T, 23°C, top rear left,4.177559684818492
3841,TP_z15_02_2,24,AT_T45, HM, TP_z15_02, z15, 23.10.23," BaSyTec, SN:1936", CH27, ATT DY200T, 45°C, top rear left,
3842,TP_z15_02_2,24,AT_T10, HM, TP_z15_02, z15, 23.10.23," BaSyTec, SN:1936", CH27, ATT DY200T, 10°C, top rear left,
3843,TP_z15_03_1,1,ET_T10, INT, INT045, z15, 12.10.2021," Basytec CTS, SN:CTS.X.13.00.0354", CH30/31, Binder MK240 #Schroedinger, 10°C, 27,4.8077224776665926
3844,TP_z15_03_1,1,ET_T45, INT, INT045, z15, 15.10.2021," Basytec CTS, SN:CTS.X.13.00.0354", CH30/31, Binder MK240 #Schroedinger, 45°C, 27,4.981843090234122
3845,TP_z15_03_1,1,ET_T23, INT, INT045, z15, 18.10.2021," Basytec CTS, SN:CTS.X.13.00.0354", CH30/31, Binder MK240 #Schroedinger, 23°C, 27,4.870481800040487
3846,TP_z15_03_1,2,ZYK, INT, INT045, z15, 02.11.2021," Basytec GSM, SN:GSM.X.62.43.0353", CH09, Binder MK240 #Schroedinger, 35°C, 39,
3847,TP_z15_03_1,3,CU, INT, INT045, z15, 11.11.2021," Basytec CTS, SN:CTS.X.13.00.0354", CH06/07, Binder MK240 #Schroedinger, 23°C, 14,4.831077907720022
3848,TP_z15_03_1,4,ZYK, INT, INT045, z15, 15.11.2021," Basytec GSM, SN:GSM.X.62.43.0353", CH09, Binder MK240 #Schroedinger, 35°C, 39,
3849,TP_z15_03_1,5,CU, INT, INT045, z15, 24.11.2021," Basytec CTS, SN:CTS.X.13.00.0354", CH06/07, Binder MK240 #Schroedinger, 23°C, 14,4.793167623359826
3850,TP_z15_03_1,6,ZYK, INT, INT045, z15, 26.11.2021," Basytec GSM, SN:GSM.X.62.43.0353", CH09, Binder MK240 #Schroedinger, 35°C, 39,
3851,TP_z15_03_1,7,exCU, INT, INT045, z15, 07.12.2021," Basytec CTS, SN:CTS.X.13.00.0354", CH06/07, Binder MK240 #Schroedinger, 23°C, 14,4.778793739428931
3852,TP_z15_03_1,8,ZYK, INT, INT045, z15, 10.12.2021," Basytec GSM, SN:GSM.X.62.43.0353", CH09, Binder MK240 #Schroedinger, 35°C, 39,
3853,TP_z15_03_1,9,CU, INT, INT045, z15, 27.12.2021," Basytec CTS, SN:CTS.X.13.00.0354", CH06/07, Binder MK240 #Schroedinger, 23°C, 14,4.745447586631779
3854,TP_z15_03_1,10,ZYK, INT, INT045, z15, 29.12.2021," Basytec GSM, SN:GSM.X.62.43.0353", CH09, Binder MK240 #Schroedinger, 35°C, 39,
3855,TP_z15_03_1,11,CU, INT, INT045, z15, 18.01.2022," Basytec CTS, SN:CTS.X.13.00.0354", CH06/07, Binder MK240 #Schroedinger, 23°C, 14,4.7197910275401584
3856,TP_z15_03_1,12,ZYK, INT, INT045, z15, 21.01.2022," Basytec GSM, SN:GSM.X.62.43.0353", CH09, Binder MK240 #Schroedinger, 35°C, 39,
3857,TP_z15_03_1,13,exCU, INT, INT045, z15, 09.02.2022," Basytec CTS, SN:CTS.X.13.00.0354", CH06/07, Binder MK240 #Schroedinger, 23°C, 14,4.690666161069297
3858,TP_z15_03_1,14,ZYK, INT, INT045, z15, 11.02.2022," Basytec GSM, SN:GSM.X.62.43.0353", CH09, Binder MK240 #Schroedinger, 35°C, 39,
3859,TP_z15_03_1,15,CU, INT, INT045, z15, 20.03.2022," Basytec CTS, SN:CTS.X.13.00.0354", CH06/07, Binder MK240 #Schroedinger, 23°C, 14,4.640446802903606
3860,TP_z15_03_1,16,ZYK, INT, INT045, z15, 25.03.2022," Basytec GSM, SN:GSM.X.62.43.0353", CH09, Binder MK240 #Schroedinger, 35°C, 39,
3861,TP_z15_03_1,17,CU, INT, INT045, z15, 03.05.2022," Basytec CTS, SN:CTS.X.13.00.0354", CH06/07, Binder MK240 #Schroedinger, 23°C, 14,4.594263726245018
3862,TP_z15_03_1,18,ZYK, INT, INT045, z15, 09.05.2022," Basytec GSM, SN:GSM.X.62.43.0353", CH09, Binder MK240 #Schroedinger, 35°C, 39,
3863,TP_z15_03_1,19,exCU, INT, INT045, z15, 09.06.2022," Basytec CTS, SN:CTS.X.13.00.0354", CH06/07, Binder MK240 #Schroedinger, 23°C, 14,4.551303704682011
3864,TP_z15_03_1,20,ZYK, INT, INT045, z15, 13.06.2022," Basytec GSM, SN:GSM.X.62.43.0353", CH09, Binder MK240 #Schroedinger, 35°C, 39,
3865,TP_z15_03_1,21,CU, INT, INT045, z15, 19.07.2022," Basytec CTS, SN:CTS.X.13.00.0354", CH06/07, Binder MK240 #Schroedinger, 23°C, 14,4.510860693513855
3866,TP_z15_03_1,22,ZYK, INT, INT045, z15, 22.07.2022," Basytec GSM, SN:GSM.X.62.43.0353", CH09, Binder MK240 #Schroedinger, 35°C, 39,
3867,TP_z15_03_1,23,CU, INT, INT045, z15, 22.08.2022," Basytec CTS, SN:CTS.X.13.00.0354", CH06/07, Binder MK240 #Schroedinger, 23°C, 14,4.4679859780405895
3868,TP_z15_03_1,24,ZYK, INT, INT045, z15, 23.08.2022," Basytec GSM, SN:GSM.X.62.43.0353", CH09, Binder MK240 #Schroedinger, 35°C, 39,
3869,TP_z15_03_1,25,AT_T45, INT, INT045, z15, 09.09.2022," Basytec CTS, SN:CTS.X.13.00.0354", CH06/07, Binder MK240 #Schroedinger, 45°C, 14,4.4938075673909355
3870,TP_z15_03_1,25,AT_T23, INT, INT045, z15, 12.09.2022," Basytec CTS, SN:CTS.X.13.00.0354", CH06/07, Binder MK240 #Schroedinger, 23°C, 14,4.406780061499402
3871,TP_z15_03_1,25,AT_T10, INT, INT045, z15, 06.09.2022," Basytec CTS, SN:CTS.X.13.00.0354", CH06/07, Binder MK240 #Schroedinger, 10°C, 14,4.387475917447359
3872,TP_z15_03_2,1,ET_T10, HM, TP_z15_03, z15, 02.02.23," BaSyTec, SN:1936", CH14, ATT DY200T, 10°C, bottom front mittig,4.762254002465575
3873,TP_z15_03_2,1,ET_T45, HM, TP_z15_03, z15, 04.02.2023," BaSyTec, SN:1936", CH14, ATT DY200T, 45°C, bottom front mittig,4.963639853776126
3874,TP_z15_03_2,1,ET_T23, HM, TP_z15_03, z15, 07.02.2023," BaSyTec, SN:1936", CH14, ATT DY200T, 23°C, bottom front mittig,4.876630820105994
3875,TP_z15_03_2,2,ZYK, HM, TP_z15_03, z15, 12.02.23," BaSyTec, SN:1936", CH14, ATT DY200T, 45°C, bottom front mittig,
3876,TP_z15_03_2,3,CU, HM, TP_z15_03, z15, 19.02.23," BaSyTec, SN:1936", CH14, ATT DY200T, 23°C, bottom front mittig,4.814997524878784
3877,TP_z15_03_2,4,ZYK, HM, TP_z15_03, z15, 20.02.23," BaSyTec, SN:1936", CH14, ATT DY200T, 45°C, bottom front mittig,
3878,TP_z15_03_2,5,CU, HM, TP_z15_03, z15, 27.02.23," BaSyTec, SN:1936", CH14, ATT DY200T, 23°C, bottom front mittig,4.772140714483967
3879,TP_z15_03_2,6,ZYK, HM, TP_z15_03, z15, 28.02.23," BaSyTec, SN:1936", CH14, ATT DY200T, 45°C, bottom front mittig,
3880,TP_z15_03_2,7,exCU, HM, TP_z15_03, z15, 07.03.23," BaSyTec, SN:1936", CH14, ATT DY200T, 23°C, bottom front mittig,4.740079983038581
3881,TP_z15_03_2,8,ZYK, HM, TP_z15_03, z15, 09.03.23," BaSyTec, SN:1936", CH14, ATT DY200T, 45°C, bottom front mittig,
3882,TP_z15_03_2,9,CU, HM, TP_z15_03, z15, 22.03.23," BaSyTec, SN:1936", CH14, ATT DY200T, 23°C, bottom front mittig,4.69470773914885
3883,TP_z15_03_2,10,ZYK, HM, TP_z15_03, z15, 24.03.23," BaSyTec, SN:1936", CH14, ATT DY200T, 45°C, bottom front mittig,
3884,TP_z15_03_2,11,CU, HM, TP_z15_03, z15, 07.04.23," BaSyTec, SN:1936", CH14, ATT DY200T, 23°C, bottom front mittig,4.660867310602649
3885,TP_z15_03_2,12,ZYK, HM, TP_z15_03, z15, 08.04.23," BaSyTec, SN:1936", CH14, ATT DY200T, 45°C, bottom front mittig,
3886,TP_z15_03_2,13,exCU, HM, TP_z15_03, z15, 22.04.23," BaSyTec, SN:1936", CH14, ATT DY200T, 23°C, bottom front mittig,4.621064024258742
3887,TP_z15_03_2,15,CU, HM, TP_z15_03, z15, 10.05.23," BaSyTec, SN:1936", CH14, ATT DY200T, 23°C, bottom front mittig,4.596600779296577
3888,TP_z15_03_2,16,ZYK, HM, TP_z15_03, z15, 11.05.23," BaSyTec, SN:1936", CH14, ATT DY200T, 45°C, bottom front mittig,
3889,TP_z15_03_2,17,CU, HM, TP_z15_03, z15, 08.06.23," BaSyTec, SN:1936", CH14, ATT DY200T, 23°C, bottom front mittig,4.498901317077763
3890,TP_z15_03_2,18,ZYK, HM, TP_z15_03, z15, 09.06.23," BaSyTec, SN:1936", CH14, ATT DY200T, 45°C, bottom front mittig,
3891,TP_z15_03_2,19,CU, HM, TP_z15_03, z15, 07.07.23," BaSyTec, SN:1936", CH14, ATT DY200T, 23°C, bottom front mittig,4.280992865781631
3892,TP_z15_03_2,20,ZYK, HM, TP_z15_03, z15, 08.07.23," BaSyTec, SN:1936", CH14, ATT DY200T, 45°C, bottom front mittig,
3893,TP_z15_03_2,21,exCU, HM, TP_z15_03, z15, 05.08.23," BaSyTec, SN:1936", CH14, ATT DY200T, 23°C, bottom front mittig,4.110015893931674
3894,TP_z15_03_2,22,ZYK, HM, TP_z15_03, z15, 07.08.23," BaSyTec, SN:1936", CH14, ATT DY200T, 45°C, bottom front mittig,
3895,TP_z15_03_2,23,CU, HM, TP_z15_03, z15, 23.09.23," BaSyTec, SN:1936", CH14, ATT DY200T, 23°C, bottom front mittig,4.808176242898561
3896,TP_z15_03_2,24,AT_T10, HM, TP_z15_03, z15, 23.10.23," BaSyTec, SN:1936", CH28, ATT DY200T, 10°C, top rear mittig,
3897,TP_z15_03_2,24,AT_T45, HM, TP_z15_03, z15, 23.10.23," BaSyTec, SN:1936", CH28, ATT DY200T, 45°C, top rear mittig,
3898,TP_z15_03_2,24,AT_T23, HM, TP_z15_03, z15, 23.10.23," BaSyTec, SN:1936", CH28, ATT DY200T, 23°C, top rear mittig,4.4942603417080305
3899,TP_z16_01_1,1,ET_T10, HM, HM031, z16, 01.10.21," BaSyTec, SN:1936", CH00, ATT DY200T, 10°C, bottom rear left,4.777285815406272
3900,TP_z16_01_1,1,ET_T45, HM, HM031, z16, 03.10.2021," BaSyTec, SN:1936", CH00, ATT DY200T, 45°C, bottom rear left,4.948479474345498
3901,TP_z16_01_1,1,ET_T23, HM, HM031, z16, 07.10.2021," BaSyTec, SN:1936", CH00, ATT DY200T, 23°C, bottom rear left,4.848229514417523
3902,TP_z16_01_1,2,ZYK, HM, HM031, z16, 12.10.21," BaSyTec, SN:1936", CH00, ATT DY200T, 45°C, bottom rear left,
3903,TP_z16_01_1,3,CU, HM, HM031, z16, 12.10.21," BaSyTec, SN:1936", CH00, ATT DY200T, 23°C, bottom rear left,4.794903562205828
3904,TP_z16_01_1,4,ZYK, HM, HM031, z16, 20.10.21," BaSyTec, SN:1936", CH00, ATT DY200T, 45°C, bottom rear left,
3905,TP_z16_01_1,5,CU, HM, HM031, z16, 27.10.21," BaSyTec, SN:1936", CH00, ATT DY200T, 23°C, bottom rear left,4.761368157093478
3906,TP_z16_01_1,6,ZYK, HM, HM031, z16, 28.10.21," BaSyTec, SN:1936", CH00, ATT DY200T, 45°C, bottom rear left,
3907,TP_z16_01_1,7,exCU, HM, HM031, z16, 04.11.21," BaSyTec, SN:1936", CH00, ATT DY200T, 23°C, bottom rear left,4.733537190576636
3908,TP_z16_01_1,8,ZYK, HM, HM031, z16, 06.11.21," BaSyTec, SN:1936", CH00, ATT DY200T, 45°C, bottom rear left,
3909,TP_z16_01_1,9,CU, HM, HM031, z16, 20.11.21," BaSyTec, SN:1936", CH00, ATT DY200T, 23°C, bottom rear left,4.6953487961499745
3910,TP_z16_01_1,10,ZYK, HM, HM031, z16, 21.11.21," BaSyTec, SN:1936", CH00, ATT DY200T, 45°C, bottom rear left,
3911,TP_z16_01_1,11,CU, HM, HM031, z16, 05.12.21," BaSyTec, SN:1936", CH00, ATT DY200T, 23°C, bottom rear left,4.668971303691254
3912,TP_z16_01_1,12,ZYK, HM, HM031, z16, 06.12.21," BaSyTec, SN:1936", CH00, ATT DY200T, 45°C, bottom rear left,
3913,TP_z16_01_1,13,exCU, HM, HM031, z16, 20.12.21," BaSyTec, SN:1936", CH00, ATT DY200T, 23°C, bottom rear left,4.644636363145396
3914,TP_z16_01_1,14,ZYK, HM, HM031, z16, 22.12.21," BaSyTec, SN:1936", CH00, ATT DY200T, 45°C, bottom rear left,
3915,TP_z16_01_1,15,CU, HM, HM031, z16, 19.01.22," BaSyTec, SN:1936", CH00, ATT DY200T, 23°C, bottom rear left,4.602685523341779
3916,TP_z16_01_1,16,ZYK, HM, HM031, z16, 20.01.22," BaSyTec, SN:1936.0", CH00, ATT DY200T, 45.0°C, bottom rear left,
3917,TP_z16_01_1,17,CU, HM, HM031, z16, 15.02.22," BaSyTec, SN:1936.0", CH00, ATT DY200T, 23.0°C, bottom rear left,4.56667174276726
3918,TP_z16_01_1,18,ZYK, HM, HM031, z16, 16.02.22," BaSyTec, SN:1936.0", CH00, ATT DY200T, 45.0°C, bottom rear left,
3919,TP_z16_01_1,19,exCU, HM, HM031, z16, 16.03.22," BaSyTec, SN:1936.0", CH00, ATT DY200T, 23.0°C, bottom rear left,4.534442228297557
3920,TP_z16_01_1,20,ZYK, HM, HM031, z16, 17.03.22," BaSyTec, SN:1936.0", CH00, ATT DY200T, 45.0°C, bottom rear left,
3921,TP_z16_01_1,21,CU, HM, HM031, z16, 15.04.22," BaSyTec, SN:1936.0", CH00, ATT DY200T, 23.0°C, bottom rear left,4.500113571448207
3922,TP_z16_01_1,22,ZYK, HM, HM031, z16, 15.04.22," BaSyTec, SN:1936.0", CH00, ATT DY200T, 45.0°C, bottom rear left,
3923,TP_z16_01_1,23,CU, HM, HM031, z16, 14.05.22," BaSyTec, SN:1936.0", CH00, ATT DY200T, 23.0°C, bottom rear left,4.473730700817733
3924,TP_z16_01_1,24,ZYK, HM, HM031, z16, 15.05.22," BaSyTec, SN:1936.0", CH00, ATT DY200T, 45.0°C, bottom rear left,
3925,TP_z16_01_1,25,exCU, HM, HM031, z16, 12.06.22," BaSyTec, SN:1936.0", CH00, ATT DY200T, 23.0°C, bottom rear left,4.443472167945721
3926,TP_z16_01_1,26,ZYK, HM, HM031, z16, 14.06.22," BaSyTec, SN:1936.0", CH00, ATT DY200T, 45.0°C, bottom rear left,
3927,TP_z16_01_1,27,CU, HM, HM031, z16, 13.07.22," BaSyTec, SN:1936.0", CH00, ATT DY200T, 23.0°C, bottom rear left,4.416028274878929
3928,TP_z16_01_1,28,ZYK, HM, HM031, z16, 13.07.22," BaSyTec, SN:1936.0", CH00, ATT DY200T, 45.0°C, bottom rear left,
3929,TP_z16_01_1,31,AT_T45, HM, HM031, z16, 28.09.2022," BaSyTec, SN:1936", CH00, ATT DY200T, 45°C, bottom rear left,4.453029458730137
3930,TP_z16_01_1,31,AT_T23, HM, HM031, z16, 28.09.2022," BaSyTec, SN:1936", CH00, ATT DY200T, 23°C, bottom rear left,4.358668521308079
3931,TP_z16_01_1,31,AT_T10, HM, HM031, z16, 28.09.2022," BaSyTec, SN:1936", CH00, ATT DY200T, 10°C, bottom rear left,4.295514225770848
3932,TP_z16_01_2,1,ET_T10, HM, TP_z16_01, z16, 02.02.23," BaSyTec, SN:1937", CH00/CH01, ATT DY200T, 10°C, top rear left,4.762109901948259
3933,TP_z16_01_2,1,ET_T45, HM, TP_z16_01, z16, 04.02.2023," BaSyTec, SN:1937", CH00/CH01, ATT DY200T, 45°C, top rear left,4.958735618444511
3934,TP_z16_01_2,1,ET_T23, HM, TP_z16_01, z16, 07.02.2023," BaSyTec, SN:1937", CH00/CH01, ATT DY200T, 23°C, top rear left,4.876327462977124
3935,TP_z16_01_2,2,ZYK, HM, TP_z16_01, z16, 12.02.23," BaSyTec, SN:1937", CH00/CH01, ATT DY200T, 45°C, top rear left,
3936,TP_z16_01_2,3,CU, HM, TP_z16_01, z16, 19.02.23," BaSyTec, SN:1937", CH00/CH01, ATT DY200T, 23°C, top rear left,4.807658096487331
3937,TP_z16_01_2,4,ZYK, HM, TP_z16_01, z16, 20.02.23," BaSyTec, SN:1937", CH00/CH01, ATT DY200T, 45°C, top rear left,
3938,TP_z16_01_2,5,CU, HM, TP_z16_01, z16, 27.02.23," BaSyTec, SN:1937", CH00/CH01, ATT DY200T, 23°C, top rear left,4.76740508841338
3939,TP_z16_01_2,6,ZYK, HM, TP_z16_01, z16, 28.02.23," BaSyTec, SN:1937", CH00/CH01, ATT DY200T, 45°C, top rear left,
3940,TP_z16_01_2,7,exCU, HM, TP_z16_01, z16, 07.03.23," BaSyTec, SN:1937", CH00/CH01, ATT DY200T, 23°C, top rear left,4.739445800286134
3941,TP_z16_01_2,8,ZYK, HM, TP_z16_01, z16, 09.03.23," BaSyTec, SN:1937", CH00/CH01, ATT DY200T, 45°C, top rear left,
3942,TP_z16_01_2,9,CU, HM, TP_z16_01, z16, 22.03.23," BaSyTec, SN:1937", CH00/CH01, ATT DY200T, 23°C, top rear left,4.6947907343509705
3943,TP_z16_01_2,10,ZYK, HM, TP_z16_01, z16, 24.03.23," BaSyTec, SN:1937", CH00/CH01, ATT DY200T, 45°C, top rear left,
3944,TP_z16_01_2,11,CU, HM, TP_z16_01, z16, 07.04.23," BaSyTec, SN:1937", CH00/CH01, ATT DY200T, 23°C, top rear left,4.663018772361443
3945,TP_z16_01_2,12,ZYK, HM, TP_z16_01, z16, 08.04.23," BaSyTec, SN:1937", CH00/CH01, ATT DY200T, 45°C, top rear left,
3946,TP_z16_01_2,13,exCU, HM, TP_z16_01, z16, 22.04.23," BaSyTec, SN:1937", CH00/CH01, ATT DY200T, 23°C, top rear left,4.642000586552831
3947,TP_z16_01_2,15,CU, HM, TP_z16_01, z16, 10.05.23," BaSyTec, SN:1937", CH00/CH01, ATT DY200T, 23°C, top rear left,4.60213241793207
3948,TP_z16_01_2,16,ZYK, HM, TP_z16_01, z16, 11.05.23," BaSyTec, SN:1937", CH00/CH01, ATT DY200T, 45°C, top rear left,
3949,TP_z16_01_2,17,CU, HM, TP_z16_01, z16, 08.06.23," BaSyTec, SN:1937", CH00/CH01, ATT DY200T, 23°C, top rear left,4.5686988506102875
3950,TP_z16_01_2,18,ZYK, HM, TP_z16_01, z16, 09.06.23," BaSyTec, SN:1937", CH00/CH01, ATT DY200T, 45°C, top rear left,
3951,TP_z16_01_2,19,CU, HM, TP_z16_01, z16, 07.07.23," BaSyTec, SN:1937", CH00/CH01, ATT DY200T, 23°C, top rear left,4.522122308680709
3952,TP_z16_01_2,20,ZYK, HM, TP_z16_01, z16, 08.07.23," BaSyTec, SN:1937", CH00/CH01, ATT DY200T, 45°C, top rear left,
3953,TP_z16_01_2,21,exCU, HM, TP_z16_01, z16, 05.08.23," BaSyTec, SN:1937", CH00/CH01, ATT DY200T, 23°C, top rear left,4.4772824341764865
3954,TP_z16_01_2,22,ZYK, HM, TP_z16_01, z16, 07.08.23," BaSyTec, SN:1937", CH00/CH01, ATT DY200T, 45°C, top rear left,
3955,TP_z16_01_2,23,CU, HM, TP_z16_01, z16, 23.09.23," BaSyTec, SN:1937", CH00/CH01, ATT DY200T, 23°C, top rear left,4.434545420212935
3956,TP_z16_01_2,24,ZYK, HM, TP_z16_01, z16, 24.09.23," BaSyTec, SN:1937", CH00/CH01, ATT DY200T, 45°C, top rear left,
3957,TP_z16_01_2,25,CU, HM, TP_z16_01, z16, 22.10.23," BaSyTec, SN:1937", CH00/CH01, ATT DY200T, 23°C, top rear left,4.390190800156175
3958,TP_z16_01_2,26,ZYK, HM, TP_z16_01, z16, 23.10.23," BaSyTec, SN:1937", CH00/CH01, ATT DY200T, 45°C, top rear left,
3959,TP_z16_01_2,27,exCU, HM, TP_z16_01, z16, 21.11.23," BaSyTec, SN:1937", CH00/CH01, ATT DY200T, 23°C, top rear left,4.352292502119578
3960,TP_z16_01_2,28,ZYK, HM, TP_z16_01, z16, 23.11.23," BaSyTec, SN:1937", CH00/CH01, ATT DY200T, 45°C, top rear left,
3961,TP_z16_01_2,29,CU, HM, TP_z16_01, z16, 21.12.23," BaSyTec, SN:1937", CH00/CH01, ATT DY200T, 23°C, top rear left,4.303051726976731
3962,TP_z16_01_2,30,ZYK, HM, TP_z16_01, z16, 22.12.23," BaSyTec, SN:1937", CH00/CH01, ATT DY200T, 45°C, top rear left,
3963,TP_z16_01_2,31,CU, HM, TP_z16_01, z16, 19.01.24," BaSyTec, SN:1937", CH00/CH01, ATT DY200T, 23°C, top rear left,4.260333575476445
3964,TP_z16_01_2,32,ZYK, HM, TP_z16_01, z16, 20.01.24," BaSyTec, SN:1937", CH00/CH01, ATT DY200T, 45°C, top rear left,
3965,TP_z16_01_2,33,AT_T23, HM, TP_z16_01, z16, 13.02.24," BaSyTec, SN:1937", CH00/CH01, ATT DY200T, 23°C, top rear left,4.209880782299978
3966,TP_z16_01_2,33,AT_T45, HM, TP_z16_01, z16, 13.02.24," BaSyTec, SN:1937", CH00/CH01, ATT DY200T, 45°C, top rear left,4.330931209943345
3967,TP_z16_01_2,33,AT_T10, HM, TP_z16_01, z16, 13.02.24," BaSyTec, SN:1937", CH00/CH01, ATT DY200T, 10°C, top rear left,4.142161362223588
3968,TP_z16_02_1,1,ET_T10, HM, HM032, z16, 01.10.21," BaSyTec, SN:1936", CH01, ATT DY200T, 10°C, bottom rear left,4.766259278363088
3969,TP_z16_02_1,1,ET_T45, HM, HM032, z16, 03.10.2021," BaSyTec, SN:1936", CH01, ATT DY200T, 45°C, bottom rear left,4.9387957455182745
3970,TP_z16_02_1,1,ET_T23, HM, HM032, z16, 07.10.2021," BaSyTec, SN:1936", CH01, ATT DY200T, 23°C, bottom rear left,4.834746632418717
3971,TP_z16_02_1,2,ZYK, HM, HM032, z16, 12.10.21," BaSyTec, SN:1936", CH01, ATT DY200T, 45°C, bottom rear left,
3972,TP_z16_02_1,3,CU, HM, HM032, z16, 12.10.21," BaSyTec, SN:1936", CH01, ATT DY200T, 23°C, bottom rear left,4.786589086673752
3973,TP_z16_02_1,4,ZYK, HM, HM032, z16, 20.10.21," BaSyTec, SN:1936", CH01, ATT DY200T, 45°C, bottom rear left,
3974,TP_z16_02_1,5,CU, HM, HM032, z16, 27.10.21," BaSyTec, SN:1936", CH01, ATT DY200T, 23°C, bottom rear left,4.7531293349700725
3975,TP_z16_02_1,6,ZYK, HM, HM032, z16, 28.10.21," BaSyTec, SN:1936", CH01, ATT DY200T, 45°C, bottom rear left,
3976,TP_z16_02_1,7,exCU, HM, HM032, z16, 04.11.21," BaSyTec, SN:1936", CH01, ATT DY200T, 23°C, bottom rear left,4.728510293510368
3977,TP_z16_02_1,8,ZYK, HM, HM032, z16, 06.11.21," BaSyTec, SN:1936", CH01, ATT DY200T, 45°C, bottom rear left,
3978,TP_z16_02_1,9,CU, HM, HM032, z16, 20.11.21," BaSyTec, SN:1936", CH01, ATT DY200T, 23°C, bottom rear left,4.695636379264938
3979,TP_z16_02_1,10,ZYK, HM, HM032, z16, 21.11.21," BaSyTec, SN:1936", CH01, ATT DY200T, 45°C, bottom rear left,
3980,TP_z16_02_1,11,CU, HM, HM032, z16, 05.12.21," BaSyTec, SN:1936", CH01, ATT DY200T, 23°C, bottom rear left,4.667640617755131
3981,TP_z16_02_1,12,ZYK, HM, HM032, z16, 06.12.21," BaSyTec, SN:1936", CH01, ATT DY200T, 45°C, bottom rear left,
3982,TP_z16_02_1,13,exCU, HM, HM032, z16, 20.12.21," BaSyTec, SN:1936", CH01, ATT DY200T, 23°C, bottom rear left,4.644028957285131
3983,TP_z16_02_1,14,ZYK, HM, HM032, z16, 22.12.21," BaSyTec, SN:1936", CH01, ATT DY200T, 45°C, bottom rear left,
3984,TP_z16_02_1,15,CU, HM, HM032, z16, 19.01.22," BaSyTec, SN:1936", CH01, ATT DY200T, 23°C, bottom rear left,4.596766551704873
3985,TP_z16_02_1,16,ZYK, HM, HM032, z16, 20.01.22," BaSyTec, SN:1936.0", CH01, ATT DY200T, 45.0°C, bottom rear left,4.596766551704873
3986,TP_z16_02_1,17,CU, HM, HM032, z16, 15.02.22," BaSyTec, SN:1936.0", CH01, ATT DY200T, 23.0°C, bottom rear left,4.558694630186325
3987,TP_z16_02_1,18,ZYK, HM, HM032, z16, 16.02.22," BaSyTec, SN:1936.0", CH01, ATT DY200T, 45.0°C, bottom rear left,
3988,TP_z16_02_1,19,exCU, HM, HM032, z16, 16.03.22," BaSyTec, SN:1936.0", CH01, ATT DY200T, 23.0°C, bottom rear left,4.528458785629452
3989,TP_z16_02_1,20,ZYK, HM, HM032, z16, 17.03.22," BaSyTec, SN:1936.0", CH01, ATT DY200T, 45.0°C, bottom rear left,
3990,TP_z16_02_1,21,CU, HM, HM032, z16, 15.04.22," BaSyTec, SN:1936.0", CH01, ATT DY200T, 23.0°C, bottom rear left,4.49023643539315
3991,TP_z16_02_1,22,ZYK, HM, HM032, z16, 15.04.22," BaSyTec, SN:1936.0", CH01, ATT DY200T, 45.0°C, bottom rear left,
3992,TP_z16_02_1,23,CU, HM, HM032, z16, 14.05.22," BaSyTec, SN:1936.0", CH01, ATT DY200T, 23.0°C, bottom rear left,4.463694631657928
3993,TP_z16_02_1,24,ZYK, HM, HM032, z16, 15.05.22," BaSyTec, SN:1936.0", CH01, ATT DY200T, 45.0°C, bottom rear left,
3994,TP_z16_02_1,25,exCU, HM, HM032, z16, 12.06.22," BaSyTec, SN:1936.0", CH01, ATT DY200T, 23.0°C, bottom rear left,4.431319299650401
3995,TP_z16_02_1,26,ZYK, HM, HM032, z16, 14.06.22," BaSyTec, SN:1936.0", CH01, ATT DY200T, 45.0°C, bottom rear left,
3996,TP_z16_02_1,27,CU, HM, HM032, z16, 13.07.22," BaSyTec, SN:1936.0", CH01, ATT DY200T, 23.0°C, bottom rear left,4.4052094953286085
3997,TP_z16_02_1,28,ZYK, HM, HM032, z16, 13.07.22," BaSyTec, SN:1936.0", CH01, ATT DY200T, 45.0°C, bottom rear left,
3998,TP_z16_02_1,29,CU, HM, HM032, z16, 11.08.22," BaSyTec, SN:1936.0", CH01, ATT DY200T, 23.0°C, bottom rear left,4.371564768033469
3999,TP_z16_02_1,30,ZYK, HM, HM032, z16, 12.08.22," BaSyTec, SN:1936.0", CH01, ATT DY200T, 45.0°C, bottom rear left,
4000,TP_z16_02_1,31,AT_T45, HM, HM032, z16, 12.09.2022," BaSyTec, SN:1936", CH01, ATT DY200T, 45°C, bottom rear left,4.429861329255532
4001,TP_z16_02_1,31,AT_T23, HM, HM032, z16, 12.09.2022," BaSyTec, SN:1936", CH01, ATT DY200T, 23°C, bottom rear left,4.331650127766448
4002,TP_z16_02_1,31,AT_T10, HM, HM032, z16, 12.09.2022," BaSyTec, SN:1936", CH01, ATT DY200T, 10°C, bottom rear left,4.250950651647579
4003,TP_z16_02_2,1,ET_T10, HM, TP_z16_02, z16, 02.02.23," BaSyTec, SN:1937", CH02/CH03, ATT DY200T, 10°C, top rear left,4.7563340762033715
4004,TP_z16_02_2,1,ET_T45, HM, TP_z16_02, z16, 04.02.2023," BaSyTec, SN:1937", CH02/CH03, ATT DY200T, 45°C, top rear left,4.968664367734346
4005,TP_z16_02_2,1,ET_T23, HM, TP_z16_02, z16, 07.02.2023," BaSyTec, SN:1937", CH02/CH03, ATT DY200T, 23°C, top rear left,4.880870322979561
4006,TP_z16_02_2,2,ZYK, HM, TP_z16_02, z16, 12.02.23," BaSyTec, SN:1937", CH02/CH03, ATT DY200T, 45°C, top rear left,
4007,TP_z16_02_2,3,CU, HM, TP_z16_02, z16, 19.02.23," BaSyTec, SN:1937", CH02/CH03, ATT DY200T, 23°C, top rear left,4.810079731572037
4008,TP_z16_02_2,4,ZYK, HM, TP_z16_02, z16, 20.02.23," BaSyTec, SN:1937", CH02/CH03, ATT DY200T, 45°C, top rear left,
4009,TP_z16_02_2,5,CU, HM, TP_z16_02, z16, 27.02.23," BaSyTec, SN:1937", CH02/CH03, ATT DY200T, 23°C, top rear left,4.768762906516043
4010,TP_z16_02_2,6,ZYK, HM, TP_z16_02, z16, 28.02.23," BaSyTec, SN:1937", CH02/CH03, ATT DY200T, 45°C, top rear left,
4011,TP_z16_02_2,7,exCU, HM, TP_z16_02, z16, 07.03.23," BaSyTec, SN:1937", CH02/CH03, ATT DY200T, 23°C, top rear left,4.739940930777042
4012,TP_z16_02_2,8,ZYK, HM, TP_z16_02, z16, 09.03.23," BaSyTec, SN:1937", CH02/CH03, ATT DY200T, 45°C, top rear left,
4013,TP_z16_02_2,9,CU, HM, TP_z16_02, z16, 22.03.23," BaSyTec, SN:1937", CH02/CH03, ATT DY200T, 23°C, top rear left,4.695092254365667
4014,TP_z16_02_2,10,ZYK, HM, TP_z16_02, z16, 24.03.23," BaSyTec, SN:1937", CH02/CH03, ATT DY200T, 45°C, top rear left,
4015,TP_z16_02_2,11,CU, HM, TP_z16_02, z16, 07.04.23," BaSyTec, SN:1937", CH02/CH03, ATT DY200T, 23°C, top rear left,4.662916836153828
4016,TP_z16_02_2,12,ZYK, HM, TP_z16_02, z16, 08.04.23," BaSyTec, SN:1937", CH02/CH03, ATT DY200T, 45°C, top rear left,
4017,TP_z16_02_2,13,exCU, HM, TP_z16_02, z16, 22.04.23," BaSyTec, SN:1937", CH02/CH03, ATT DY200T, 23°C, top rear left,4.641670106688599
4018,TP_z16_02_2,15,CU, HM, TP_z16_02, z16, 10.05.23," BaSyTec, SN:1937", CH02/CH03, ATT DY200T, 23°C, top rear left,4.607623418357672
4019,TP_z16_02_2,16,ZYK, HM, TP_z16_02, z16, 11.05.23," BaSyTec, SN:1937", CH02/CH03, ATT DY200T, 45°C, top rear left,
4020,TP_z16_02_2,17,CU, HM, TP_z16_02, z16, 08.06.23," BaSyTec, SN:1937", CH02/CH03, ATT DY200T, 23°C, top rear left,4.562629780970795
4021,TP_z16_02_2,18,ZYK, HM, TP_z16_02, z16, 09.06.23," BaSyTec, SN:1937", CH02/CH03, ATT DY200T, 45°C, top rear left,
4022,TP_z16_02_2,19,CU, HM, TP_z16_02, z16, 07.07.23," BaSyTec, SN:1937", CH02/CH03, ATT DY200T, 23°C, top rear left,4.51075161865396
4023,TP_z16_02_2,20,ZYK, HM, TP_z16_02, z16, 08.07.23," BaSyTec, SN:1937", CH02/CH03, ATT DY200T, 45°C, top rear left,
4024,TP_z16_02_2,21,exCU, HM, TP_z16_02, z16, 05.08.23," BaSyTec, SN:1937", CH02/CH03, ATT DY200T, 23°C, top rear left,4.46526730820413
4025,TP_z16_02_2,22,ZYK, HM, TP_z16_02, z16, 07.08.23," BaSyTec, SN:1937", CH02/CH03, ATT DY200T, 45°C, top rear left,
4026,TP_z16_02_2,23,CU, HM, TP_z16_02, z16, 23.09.23," BaSyTec, SN:1937", CH02/CH03, ATT DY200T, 23°C, top rear left,4.421075304363708
4027,TP_z16_02_2,24,ZYK, HM, TP_z16_02, z16, 24.09.23," BaSyTec, SN:1937", CH02/CH03, ATT DY200T, 45°C, top rear left,
4028,TP_z16_02_2,25,CU, HM, TP_z16_02, z16, 22.10.23," BaSyTec, SN:1937", CH02/CH03, ATT DY200T, 23°C, top rear left,4.367597219373604
4029,TP_z16_02_2,26,ZYK, HM, TP_z16_02, z16, 23.10.23," BaSyTec, SN:1937", CH02/CH03, ATT DY200T, 45°C, top rear left,
4030,TP_z16_02_2,27,exCU, HM, TP_z16_02, z16, 21.11.23," BaSyTec, SN:1937", CH02/CH03, ATT DY200T, 23°C, top rear left,4.327442022742122
4031,TP_z16_02_2,28,ZYK, HM, TP_z16_02, z16, 23.11.23," BaSyTec, SN:1937", CH02/CH03, ATT DY200T, 45°C, top rear left,
4032,TP_z16_02_2,29,CU, HM, TP_z16_02, z16, 21.12.23," BaSyTec, SN:1937", CH02/CH03, ATT DY200T, 23°C, top rear left,4.277683183040674
4033,TP_z16_02_2,30,ZYK, HM, TP_z16_02, z16, 22.12.23," BaSyTec, SN:1937", CH02/CH03, ATT DY200T, 45°C, top rear left,
4034,TP_z16_02_2,31,CU, HM, TP_z16_02, z16, 19.01.24," BaSyTec, SN:1937", CH02/CH03, ATT DY200T, 23°C, top rear left,4.236827134441187
4035,TP_z16_02_2,32,ZYK, HM, TP_z16_02, z16, 20.01.24," BaSyTec, SN:1937", CH02/CH03, ATT DY200T, 45°C, top rear left,
4036,TP_z16_02_2,33,AT_T23, HM, TP_z16_02, z16, 13.02.24," BaSyTec, SN:1937", CH02/CH03, ATT DY200T, 23°C, top rear left,4.173399228046089
4037,TP_z16_02_2,33,AT_T45, HM, TP_z16_02, z16, 13.02.24," BaSyTec, SN:1937", CH02/CH03, ATT DY200T, 45°C, top rear left,4.302702831517712
4038,TP_z16_02_2,33,AT_T10, HM, TP_z16_02, z16, 13.02.24," BaSyTec, SN:1937", CH02/CH03, ATT DY200T, 10°C, top rear left,4.15266298255938
4039,TP_z16_03_1,1,ET_T23, HM, HM033, z16, 07.10.2021," BaSyTec, SN:1936", CH02, ATT DY200T, 23°C, bottom rear mittig,4.8325391516520195
4040,TP_z16_03_1,1,ET_T45, HM, HM033, z16, 03.10.2021," BaSyTec, SN:1936", CH02, ATT DY200T, 45°C, bottom rear mittig,4.93675981611933
4041,TP_z16_03_1,1,ET_T10, HM, HM033, z16, 01.10.21," BaSyTec, SN:1936", CH02, ATT DY200T, 10°C, bottom rear mittig,4.7734330320679055
4042,TP_z16_03_1,2,ZYK, HM, HM033, z16, 12.10.21," BaSyTec, SN:1936", CH02, ATT DY200T, 45°C, bottom rear mittig,
4043,TP_z16_03_1,3,CU, HM, HM033, z16, 12.10.21," BaSyTec, SN:1936", CH02, ATT DY200T, 23°C, bottom rear mittig,4.785234266627336
4044,TP_z16_03_1,4,ZYK, HM, HM033, z16, 20.10.21," BaSyTec, SN:1936", CH02, ATT DY200T, 45°C, bottom rear mittig,
4045,TP_z16_03_1,5,CU, HM, HM033, z16, 27.10.21," BaSyTec, SN:1936", CH02, ATT DY200T, 23°C, bottom rear mittig,4.750955430827366
4046,TP_z16_03_1,6,ZYK, HM, HM033, z16, 28.10.21," BaSyTec, SN:1936", CH02, ATT DY200T, 45°C, bottom rear mittig,
4047,TP_z16_03_1,7,exCU, HM, HM033, z16, 04.11.21," BaSyTec, SN:1936", CH02, ATT DY200T, 23°C, bottom rear mittig,4.724297665239838
4048,TP_z16_03_1,8,ZYK, HM, HM033, z16, 06.11.21," BaSyTec, SN:1936", CH02, ATT DY200T, 45°C, bottom rear mittig,
4049,TP_z16_03_1,9,CU, HM, HM033, z16, 20.11.21," BaSyTec, SN:1936", CH02, ATT DY200T, 23°C, bottom rear mittig,4.68852342843061
4050,TP_z16_03_1,10,ZYK, HM, HM033, z16, 21.11.21," BaSyTec, SN:1936", CH02, ATT DY200T, 45°C, bottom rear mittig,
4051,TP_z16_03_1,11,CU, HM, HM033, z16, 05.12.21," BaSyTec, SN:1936", CH02, ATT DY200T, 23°C, bottom rear mittig,4.660493971990874
4052,TP_z16_03_1,12,ZYK, HM, HM033, z16, 06.12.21," BaSyTec, SN:1936", CH02, ATT DY200T, 45°C, bottom rear mittig,
4053,TP_z16_03_1,13,exCU, HM, HM033, z16, 20.12.21," BaSyTec, SN:1936", CH02, ATT DY200T, 23°C, bottom rear mittig,4.635402929259002
4054,TP_z16_03_1,14,ZYK, HM, HM033, z16, 22.12.21," BaSyTec, SN:1936", CH02, ATT DY200T, 45°C, bottom rear mittig,
4055,TP_z16_03_1,15,CU, HM, HM033, z16, 19.01.22," BaSyTec, SN:1936", CH02, ATT DY200T, 23°C, bottom rear mittig,4.595102604071647
4056,TP_z16_03_1,16,ZYK, HM, HM033, z16, 20.01.22," BaSyTec, SN:1936.0", CH02, ATT DY200T, 45.0°C, bottom rear mittig,
4057,TP_z16_03_1,17,CU, HM, HM033, z16, 15.02.22," BaSyTec, SN:1936.0", CH02, ATT DY200T, 23.0°C, bottom rear mittig,4.559375256353663
4058,TP_z16_03_1,18,ZYK, HM, HM033, z16, 16.02.22," BaSyTec, SN:1936.0", CH02, ATT DY200T, 45.0°C, bottom rear mittig,
4059,TP_z16_03_1,19,exCU, HM, HM033, z16, 16.03.22," BaSyTec, SN:1936.0", CH02, ATT DY200T, 23.0°C, bottom rear mittig,4.527278943794136
4060,TP_z16_03_1,20,ZYK, HM, HM033, z16, 17.03.22," BaSyTec, SN:1936.0", CH02, ATT DY200T, 45.0°C, bottom rear mittig,
4061,TP_z16_03_1,21,CU, HM, HM033, z16, 15.04.22," BaSyTec, SN:1936.0", CH02, ATT DY200T, 23.0°C, bottom rear mittig,4.489194778154447
4062,TP_z16_03_1,22,ZYK, HM, HM033, z16, 15.04.22," BaSyTec, SN:1936.0", CH02, ATT DY200T, 45.0°C, bottom rear mittig,
4063,TP_z16_03_1,23,CU, HM, HM033, z16, 14.05.22," BaSyTec, SN:1936.0", CH02, ATT DY200T, 23.0°C, bottom rear mittig,4.461348003264835
4064,TP_z16_03_1,24,ZYK, HM, HM033, z16, 15.05.22," BaSyTec, SN:1936.0", CH02, ATT DY200T, 45.0°C, bottom rear mittig,
4065,TP_z16_03_1,25,exCU, HM, HM033, z16, 12.06.22," BaSyTec, SN:1936.0", CH02, ATT DY200T, 23.0°C, bottom rear mittig,4.428948847462406
4066,TP_z16_03_1,26,ZYK, HM, HM033, z16, 14.06.22," BaSyTec, SN:1936.0", CH02, ATT DY200T, 45.0°C, bottom rear mittig,
4067,TP_z16_03_1,27,CU, HM, HM033, z16, 13.07.22," BaSyTec, SN:1936.0", CH02, ATT DY200T, 23.0°C, bottom rear mittig,4.400802012537766
4068,TP_z16_03_1,28,ZYK, HM, HM033, z16, 13.07.22," BaSyTec, SN:1936.0", CH02, ATT DY200T, 45.0°C, bottom rear mittig,
4069,TP_z16_03_1,29,CU, HM, HM033, z16, 11.08.22," BaSyTec, SN:1936.0", CH02, ATT DY200T, 23.0°C, bottom rear mittig,4.366449323410755
4070,TP_z16_03_1,30,ZYK, HM, HM033, z16, 12.08.22," BaSyTec, SN:1936.0", CH02, ATT DY200T, 45.0°C, bottom rear mittig,
4071,TP_z16_03_1,31,AT_T10, HM, HM033, z16, 12.09.2022," BaSyTec, SN:1936", CH02, ATT DY200T, 10°C, bottom rear mittig,4.245909937970101
4072,TP_z16_03_1,31,AT_T23, HM, HM033, z16, 12.09.2022," BaSyTec, SN:1936", CH02, ATT DY200T, 23°C, bottom rear mittig,4.319206533432947
4073,TP_z16_03_1,31,AT_T45, HM, HM033, z16, 12.09.2022," BaSyTec, SN:1936", CH02, ATT DY200T, 45°C, bottom rear mittig,4.418338266391774
4074,TP_z16_03_2,1,ET_T23, HM, TP_z16_03, z16, 07.02.2023," BaSyTec, SN:1937", CH04/CH05, ATT DY200T, 23°C, top rear mittig,4.863900738945009
4075,TP_z16_03_2,1,ET_T45, HM, TP_z16_03, z16, 04.02.2023," BaSyTec, SN:1937", CH04/CH05, ATT DY200T, 45°C, top rear mittig,4.954392759020564
4076,TP_z16_03_2,1,ET_T10, HM, TP_z16_03, z16, 02.02.23," BaSyTec, SN:1937", CH04/CH05, ATT DY200T, 10°C, top rear mittig,4.756069925968234
4077,TP_z16_03_2,2,ZYK, HM, TP_z16_03, z16, 12.02.23," BaSyTec, SN:1937", CH04/CH05, ATT DY200T, 45°C, top rear mittig,
4078,TP_z16_03_2,3,CU, HM, TP_z16_03, z16, 19.02.23," BaSyTec, SN:1937", CH04/CH05, ATT DY200T, 23°C, top rear mittig,4.797201223472545
4079,TP_z16_03_2,4,ZYK, HM, TP_z16_03, z16, 20.02.23," BaSyTec, SN:1937", CH04/CH05, ATT DY200T, 45°C, top rear mittig,
4080,TP_z16_03_2,5,CU, HM, TP_z16_03, z16, 27.02.23," BaSyTec, SN:1937", CH04/CH05, ATT DY200T, 23°C, top rear mittig,4.755103121582954
4081,TP_z16_03_2,6,ZYK, HM, TP_z16_03, z16, 28.02.23," BaSyTec, SN:1937", CH04/CH05, ATT DY200T, 45°C, top rear mittig,
4082,TP_z16_03_2,7,exCU, HM, TP_z16_03, z16, 07.03.23," BaSyTec, SN:1937", CH04/CH05, ATT DY200T, 23°C, top rear mittig,4.726532235128742
4083,TP_z16_03_2,8,ZYK, HM, TP_z16_03, z16, 09.03.23," BaSyTec, SN:1937", CH04/CH05, ATT DY200T, 45°C, top rear mittig,
4084,TP_z16_03_2,9,CU, HM, TP_z16_03, z16, 22.03.23," BaSyTec, SN:1937", CH04/CH05, ATT DY200T, 23°C, top rear mittig,4.682217789229927
4085,TP_z16_03_2,10,ZYK, HM, TP_z16_03, z16, 24.03.23," BaSyTec, SN:1937", CH04/CH05, ATT DY200T, 45°C, top rear mittig,
4086,TP_z16_03_2,11,CU, HM, TP_z16_03, z16, 07.04.23," BaSyTec, SN:1937", CH04/CH05, ATT DY200T, 23°C, top rear mittig,4.649037332973176
4087,TP_z16_03_2,12,ZYK, HM, TP_z16_03, z16, 08.04.23," BaSyTec, SN:1937", CH04/CH05, ATT DY200T, 45°C, top rear mittig,
4088,TP_z16_03_2,13,exCU, HM, TP_z16_03, z16, 22.04.23," BaSyTec, SN:1937", CH04/CH05, ATT DY200T, 23°C, top rear mittig,4.625747605702168
4089,TP_z16_03_2,15,CU, HM, TP_z16_03, z16, 10.05.23," BaSyTec, SN:1937", CH04/CH05, ATT DY200T, 23°C, top rear mittig,4.592384618286657
4090,TP_z16_03_2,16,ZYK, HM, TP_z16_03, z16, 11.05.23," BaSyTec, SN:1937", CH04/CH05, ATT DY200T, 45°C, top rear mittig,
4091,TP_z16_03_2,17,CU, HM, TP_z16_03, z16, 08.06.23," BaSyTec, SN:1937", CH04/CH05, ATT DY200T, 23°C, top rear mittig,4.544007116990845
4092,TP_z16_03_2,18,ZYK, HM, TP_z16_03, z16, 09.06.23," BaSyTec, SN:1937", CH04/CH05, ATT DY200T, 45°C, top rear mittig,
4093,TP_z16_03_2,19,CU, HM, TP_z16_03, z16, 07.07.23," BaSyTec, SN:1937", CH04/CH05, ATT DY200T, 23°C, top rear mittig,4.494572941331671
4094,TP_z16_03_2,20,ZYK, HM, TP_z16_03, z16, 08.07.23," BaSyTec, SN:1937", CH04/CH05, ATT DY200T, 45°C, top rear mittig,
4095,TP_z16_03_2,21,exCU, HM, TP_z16_03, z16, 05.08.23," BaSyTec, SN:1937", CH04/CH05, ATT DY200T, 23°C, top rear mittig,4.444366547883171
4096,TP_z16_03_2,22,ZYK, HM, TP_z16_03, z16, 07.08.23," BaSyTec, SN:1937", CH04/CH05, ATT DY200T, 45°C, top rear mittig,
4097,TP_z16_03_2,23,CU, HM, TP_z16_03, z16, 23.09.23," BaSyTec, SN:1937", CH04/CH05, ATT DY200T, 23°C, top rear mittig,4.40106898932364
4098,TP_z16_03_2,24,ZYK, HM, TP_z16_03, z16, 24.09.23," BaSyTec, SN:1937", CH04/CH05, ATT DY200T, 45°C, top rear mittig,
4099,TP_z16_03_2,25,CU, HM, TP_z16_03, z16, 22.10.23," BaSyTec, SN:1937", CH04/CH05, ATT DY200T, 23°C, top rear mittig,4.352798224137899
4100,TP_z16_03_2,26,ZYK, HM, TP_z16_03, z16, 23.10.23," BaSyTec, SN:1937", CH04/CH05, ATT DY200T, 45°C, top rear mittig,
4101,TP_z16_03_2,27,exCU, HM, TP_z16_03, z16, 21.11.23," BaSyTec, SN:1937", CH04/CH05, ATT DY200T, 23°C, top rear mittig,4.318473865708717
4102,TP_z16_03_2,28,ZYK, HM, TP_z16_03, z16, 23.11.23," BaSyTec, SN:1937", CH04/CH05, ATT DY200T, 45°C, top rear mittig,
4103,TP_z16_03_2,29,CU, HM, TP_z16_03, z16, 21.12.23," BaSyTec, SN:1937", CH04/CH05, ATT DY200T, 23°C, top rear mittig,4.25777239432361
4104,TP_z16_03_2,30,ZYK, HM, TP_z16_03, z16, 22.12.23," BaSyTec, SN:1937", CH04/CH05, ATT DY200T, 45°C, top rear mittig,
4105,TP_z16_03_2,31,CU, HM, TP_z16_03, z16, 19.01.24," BaSyTec, SN:1937", CH04/CH05, ATT DY200T, 23°C, top rear mittig,4.218516935997749
4106,TP_z16_03_2,32,ZYK, HM, TP_z16_03, z16, 20.01.24," BaSyTec, SN:1937", CH04/CH05, ATT DY200T, 45°C, top rear mittig,
4107,TP_z16_03_2,33,AT_T10, HM, TP_z16_03, z16, 13.02.24," BaSyTec, SN:1937", CH04/CH05, ATT DY200T, 10°C, top rear mittig,4.113651590531978
4108,TP_z16_03_2,33,AT_T45, HM, TP_z16_03, z16, 13.02.24," BaSyTec, SN:1937", CH04/CH05, ATT DY200T, 45°C, top rear mittig,4.279981738452169
4109,TP_z16_03_2,33,AT_T23, HM, TP_z16_03, z16, 13.02.24," BaSyTec, SN:1937", CH04/CH05, ATT DY200T, 23°C, top rear mittig,4.147866287606124
4110,TP_z17_01_1,1,ET_T10, HM, HM034, z17, 01.10.21," BaSyTec, SN:1936", CH03, ATT DY200T, 10°C, bottom rear mittig,4.826094928311212
4111,TP_z17_01_1,1,ET_T23, HM, HM034, z17, 07.10.2021," BaSyTec, SN:1936", CH03, ATT DY200T, 23°C, bottom rear mittig,4.878922125710314
4112,TP_z17_01_1,1,ET_T45, HM, HM034, z17, 03.10.2021," BaSyTec, SN:1936", CH03, ATT DY200T, 45°C, bottom rear mittig,4.986113896305982
4113,TP_z17_01_1,2,ZYK, HM, HM034, z17, 12.10.21," BaSyTec, SN:1936", CH03, ATT DY200T, 45°C, bottom rear mittig,
4114,TP_z17_01_1,3,CU, HM, HM034, z17, 12.10.21," BaSyTec, SN:1936", CH03, ATT DY200T, 23°C, bottom rear mittig,4.797669160207759
4115,TP_z17_01_1,4,ZYK, HM, HM034, z17, 20.10.21," BaSyTec, SN:1936", CH03, ATT DY200T, 45°C, bottom rear mittig,
4116,TP_z17_01_1,5,CU, HM, HM034, z17, 27.10.21," BaSyTec, SN:1936", CH03, ATT DY200T, 23°C, bottom rear mittig,4.753176606358919
4117,TP_z17_01_1,6,ZYK, HM, HM034, z17, 28.10.21," BaSyTec, SN:1936", CH03, ATT DY200T, 45°C, bottom rear mittig,
4118,TP_z17_01_1,7,exCU, HM, HM034, z17, 04.11.21," BaSyTec, SN:1936", CH03, ATT DY200T, 23°C, bottom rear mittig,4.721795384353603
4119,TP_z17_01_1,8,ZYK, HM, HM034, z17, 06.11.21," BaSyTec, SN:1936", CH03, ATT DY200T, 45°C, bottom rear mittig,
4120,TP_z17_01_1,9,CU, HM, HM034, z17, 20.11.21," BaSyTec, SN:1936", CH03, ATT DY200T, 23°C, bottom rear mittig,4.673702586203322
4121,TP_z17_01_1,10,ZYK, HM, HM034, z17, 21.11.21," BaSyTec, SN:1936", CH03, ATT DY200T, 45°C, bottom rear mittig,
4122,TP_z17_01_1,11,CU, HM, HM034, z17, 05.12.21," BaSyTec, SN:1936", CH03, ATT DY200T, 23°C, bottom rear mittig,4.638002807482455
4123,TP_z17_01_1,12,ZYK, HM, HM034, z17, 06.12.21," BaSyTec, SN:1936", CH03, ATT DY200T, 45°C, bottom rear mittig,
4124,TP_z17_01_1,13,exCU, HM, HM034, z17, 20.12.21," BaSyTec, SN:1936", CH03, ATT DY200T, 23°C, bottom rear mittig,4.607520843747773
4125,TP_z17_01_1,14,ZYK, HM, HM034, z17, 22.12.21," BaSyTec, SN:1936", CH03, ATT DY200T, 45°C, bottom rear mittig,
4126,TP_z17_01_1,15,CU, HM, HM034, z17, 19.01.22," BaSyTec, SN:1936", CH03, ATT DY200T, 23°C, bottom rear mittig,4.552309561510387
4127,TP_z17_01_1,16,ZYK, HM, HM034, z17, 20.01.22," BaSyTec, SN:1936.0", CH03, ATT DY200T, 45.0°C, bottom rear mittig,
4128,TP_z17_01_1,17,CU, HM, HM034, z17, 15.02.22," BaSyTec, SN:1936.0", CH03, ATT DY200T, 23.0°C, bottom rear mittig,4.514633418622047
4129,TP_z17_01_1,18,ZYK, HM, HM034, z17, 16.02.22," BaSyTec, SN:1936.0", CH03, ATT DY200T, 45.0°C, bottom rear mittig,
4130,TP_z17_01_1,19,exCU, HM, HM034, z17, 16.03.22," BaSyTec, SN:1936.0", CH03, ATT DY200T, 23.0°C, bottom rear mittig,4.471009286335392
4131,TP_z17_01_1,20,ZYK, HM, HM034, z17, 17.03.22," BaSyTec, SN:1936.0", CH03, ATT DY200T, 45.0°C, bottom rear mittig,
4132,TP_z17_01_1,21,CU, HM, HM034, z17, 15.04.22," BaSyTec, SN:1936.0", CH03, ATT DY200T, 23.0°C, bottom rear mittig,4.430299033928232
4133,TP_z17_01_1,22,ZYK, HM, HM034, z17, 15.04.22," BaSyTec, SN:1936.0", CH03, ATT DY200T, 45.0°C, bottom rear mittig,
4134,TP_z17_01_1,23,CU, HM, HM034, z17, 14.05.22," BaSyTec, SN:1936.0", CH03, ATT DY200T, 23.0°C, bottom rear mittig,4.394205249271828
4135,TP_z17_01_1,24,ZYK, HM, HM034, z17, 15.05.22," BaSyTec, SN:1936.0", CH03, ATT DY200T, 45.0°C, bottom rear mittig,
4136,TP_z17_01_1,25,exCU, HM, HM034, z17, 12.06.22," BaSyTec, SN:1936.0", CH03, ATT DY200T, 23.0°C, bottom rear mittig,4.354921248288489
4137,TP_z17_01_1,26,ZYK, HM, HM034, z17, 14.06.22," BaSyTec, SN:1936.0", CH03, ATT DY200T, 45.0°C, bottom rear mittig,
4138,TP_z17_01_1,27,CU, HM, HM034, z17, 13.07.22," BaSyTec, SN:1936.0", CH03, ATT DY200T, 23.0°C, bottom rear mittig,4.316406072725147
4139,TP_z17_01_1,28,ZYK, HM, HM034, z17, 13.07.22," BaSyTec, SN:1936.0", CH03, ATT DY200T, 45.0°C, bottom rear mittig,
4140,TP_z17_01_1,29,CU, HM, HM034, z17, 11.08.22," BaSyTec, SN:1936.0", CH03, ATT DY200T, 23.0°C, bottom rear mittig,4.276095318977552
4141,TP_z17_01_1,30,ZYK, HM, HM034, z17, 12.08.22," BaSyTec, SN:1936.0", CH03, ATT DY200T, 45.0°C, bottom rear mittig,
4142,TP_z17_01_1,31,AT_T23, HM, HM034, z17, 12.09.2022," BaSyTec, SN:1936", CH03, ATT DY200T, 23°C, bottom rear mittig,4.235192581535193
4143,TP_z17_01_1,31,AT_T45, HM, HM034, z17, 12.09.2022," BaSyTec, SN:1936", CH03, ATT DY200T, 45°C, bottom rear mittig,4.355344462867652
4144,TP_z17_01_1,31,AT_T10, HM, HM034, z17, 12.09.2022," BaSyTec, SN:1936", CH03, ATT DY200T, 10°C, bottom rear mittig,4.121874174877413
4145,TP_z17_01_2,1,ET_T10, HM, TP_z17_01, z17, 02.02.23," BaSyTec, SN:1936", CH15, ATT DY200T, 10°C, bottom front mittig,4.7492200652845025
4146,TP_z17_01_2,1,ET_T23, HM, TP_z17_01, z17, 07.02.2023," BaSyTec, SN:1936", CH15, ATT DY200T, 23°C, bottom front mittig,4.873322352082525
4147,TP_z17_01_2,1,ET_T45, HM, TP_z17_01, z17, 04.02.2023," BaSyTec, SN:1936", CH15, ATT DY200T, 45°C, bottom front mittig,4.960222566293051
4148,TP_z17_01_2,2,ZYK, HM, TP_z17_01, z17, 12.02.23," BaSyTec, SN:1936", CH15, ATT DY200T, 45°C, bottom front mittig,
4149,TP_z17_01_2,3,CU, HM, TP_z17_01, z17, 19.02.23," BaSyTec, SN:1936", CH15, ATT DY200T, 23°C, bottom front mittig,4.8113060846274625
4150,TP_z17_01_2,4,ZYK, HM, TP_z17_01, z17, 20.02.23," BaSyTec, SN:1936", CH15, ATT DY200T, 45°C, bottom front mittig,
4151,TP_z17_01_2,5,CU, HM, TP_z17_01, z17, 27.02.23," BaSyTec, SN:1936", CH15, ATT DY200T, 23°C, bottom front mittig,4.767824543212137
4152,TP_z17_01_2,6,ZYK, HM, TP_z17_01, z17, 28.02.23," BaSyTec, SN:1936", CH15, ATT DY200T, 45°C, bottom front mittig,
4153,TP_z17_01_2,7,exCU, HM, TP_z17_01, z17, 07.03.23," BaSyTec, SN:1936", CH15, ATT DY200T, 23°C, bottom front mittig,4.737083017054143
4154,TP_z17_01_2,8,ZYK, HM, TP_z17_01, z17, 09.03.23," BaSyTec, SN:1936", CH15, ATT DY200T, 45°C, bottom front mittig,
4155,TP_z17_01_2,9,CU, HM, TP_z17_01, z17, 22.03.23," BaSyTec, SN:1936", CH15, ATT DY200T, 23°C, bottom front mittig,4.688814558210558
4156,TP_z17_01_2,10,ZYK, HM, TP_z17_01, z17, 24.03.23," BaSyTec, SN:1936", CH15, ATT DY200T, 45°C, bottom front mittig,
4157,TP_z17_01_2,11,CU, HM, TP_z17_01, z17, 07.04.23," BaSyTec, SN:1936", CH15, ATT DY200T, 23°C, bottom front mittig,4.652871212801999
4158,TP_z17_01_2,12,ZYK, HM, TP_z17_01, z17, 08.04.23," BaSyTec, SN:1936", CH15, ATT DY200T, 45°C, bottom front mittig,
4159,TP_z17_01_2,13,exCU, HM, TP_z17_01, z17, 22.04.23," BaSyTec, SN:1936", CH15, ATT DY200T, 23°C, bottom front mittig,4.620407081073489
4160,TP_z17_01_2,15,CU, HM, TP_z17_01, z17, 10.05.23," BaSyTec, SN:1936", CH15, ATT DY200T, 23°C, bottom front mittig,4.582243098562964
4161,TP_z17_01_2,16,ZYK, HM, TP_z17_01, z17, 11.05.23," BaSyTec, SN:1936", CH15, ATT DY200T, 45°C, bottom front mittig,
4162,TP_z17_01_2,17,CU, HM, TP_z17_01, z17, 08.06.23," BaSyTec, SN:1936", CH15, ATT DY200T, 23°C, bottom front mittig,4.522090243151039
4163,TP_z17_01_2,18,ZYK, HM, TP_z17_01, z17, 09.06.23," BaSyTec, SN:1936", CH15, ATT DY200T, 45°C, bottom front mittig,
4164,TP_z17_01_2,19,CU, HM, TP_z17_01, z17, 07.07.23," BaSyTec, SN:1936", CH15, ATT DY200T, 23°C, bottom front mittig,4.432006694276987
4165,TP_z17_01_2,20,ZYK, HM, TP_z17_01, z17, 08.07.23," BaSyTec, SN:1936", CH15, ATT DY200T, 45°C, bottom front mittig,
4166,TP_z17_01_2,21,exCU, HM, TP_z17_01, z17, 05.08.23," BaSyTec, SN:1936", CH15, ATT DY200T, 23°C, bottom front mittig,4.243803589362299
4167,TP_z17_01_2,22,ZYK, HM, TP_z17_01, z17, 07.08.23," BaSyTec, SN:1936", CH15, ATT DY200T, 45°C, bottom front mittig,
4168,TP_z17_01_2,23,CU, HM, TP_z17_01, z17, 23.09.23," BaSyTec, SN:1936", CH15, ATT DY200T, 23°C, bottom front mittig,4.720562129113447
4169,TP_z17_01_2,24,AT_T10, HM, TP_z17_01, z17, 23.10.23," BaSyTec, SN:1936", CH29, ATT DY200T, 10°C, top rear mittig,
4170,TP_z17_01_2,24,AT_T23, HM, TP_z17_01, z17, 23.10.23," BaSyTec, SN:1936", CH29, ATT DY200T, 23°C, top rear mittig,4.249656816964625
4171,TP_z17_01_2,24,AT_T45, HM, TP_z17_01, z17, 23.10.23," BaSyTec, SN:1936", CH29, ATT DY200T, 45°C, top rear mittig,
4172,TP_z17_02_1,1,ET_T10, HM, HM035, z17, 01.10.21," BaSyTec, SN:1936", CH04, ATT DY200T, 10°C, bottom rear mittig,4.832505603396056
4173,TP_z17_02_1,1,ET_T23, HM, HM035, z17, 07.10.2021," BaSyTec, SN:1936", CH04, ATT DY200T, 23°C, bottom rear mittig,4.879842115763465
4174,TP_z17_02_1,1,ET_T45, HM, HM035, z17, 03.10.2021," BaSyTec, SN:1936", CH04, ATT DY200T, 45°C, bottom rear mittig,4.982778094257088
4175,TP_z17_02_1,2,ZYK, HM, HM035, z17, 12.10.21," BaSyTec, SN:1936", CH04, ATT DY200T, 45°C, bottom rear mittig,
4176,TP_z17_02_1,3,CU, HM, HM035, z17, 12.10.21," BaSyTec, SN:1936", CH04, ATT DY200T, 23°C, bottom rear mittig,4.798286178863075
4177,TP_z17_02_1,4,ZYK, HM, HM035, z17, 20.10.21," BaSyTec, SN:1936", CH04, ATT DY200T, 45°C, bottom rear mittig,
4178,TP_z17_02_1,5,CU, HM, HM035, z17, 27.10.21," BaSyTec, SN:1936", CH04, ATT DY200T, 23°C, bottom rear mittig,4.752374177890209
4179,TP_z17_02_1,6,ZYK, HM, HM035, z17, 28.10.21," BaSyTec, SN:1936", CH04, ATT DY200T, 45°C, bottom rear mittig,
4180,TP_z17_02_1,7,exCU, HM, HM035, z17, 04.11.21," BaSyTec, SN:1936", CH04, ATT DY200T, 23°C, bottom rear mittig,4.721219638575381
4181,TP_z17_02_1,8,ZYK, HM, HM035, z17, 06.11.21," BaSyTec, SN:1936", CH04, ATT DY200T, 45°C, bottom rear mittig,
4182,TP_z17_02_1,9,CU, HM, HM035, z17, 20.11.21," BaSyTec, SN:1936", CH04, ATT DY200T, 23°C, bottom rear mittig,4.670514284338208
4183,TP_z17_02_1,10,ZYK, HM, HM035, z17, 21.11.21," BaSyTec, SN:1936", CH04, ATT DY200T, 45°C, bottom rear mittig,
4184,TP_z17_02_1,11,CU, HM, HM035, z17, 05.12.21," BaSyTec, SN:1936", CH04, ATT DY200T, 23°C, bottom rear mittig,4.636127924565823
4185,TP_z17_02_1,12,ZYK, HM, HM035, z17, 06.12.21," BaSyTec, SN:1936", CH04, ATT DY200T, 45°C, bottom rear mittig,
4186,TP_z17_02_1,13,exCU, HM, HM035, z17, 20.12.21," BaSyTec, SN:1936", CH04, ATT DY200T, 23°C, bottom rear mittig,4.606290830172763
4187,TP_z17_02_1,14,ZYK, HM, HM035, z17, 22.12.21," BaSyTec, SN:1936", CH04, ATT DY200T, 45°C, bottom rear mittig,
4188,TP_z17_02_1,15,CU, HM, HM035, z17, 19.01.22," BaSyTec, SN:1936", CH04, ATT DY200T, 23°C, bottom rear mittig,4.551376001246713
4189,TP_z17_02_1,16,ZYK, HM, HM035, z17, 20.01.22," BaSyTec, SN:1936.0", CH04, ATT DY200T, 45.0°C, bottom rear mittig,
4190,TP_z17_02_1,17,CU, HM, HM035, z17, 15.02.22," BaSyTec, SN:1936.0", CH04, ATT DY200T, 23.0°C, bottom rear mittig,4.510929443482722
4191,TP_z17_02_1,18,ZYK, HM, HM035, z17, 16.02.22," BaSyTec, SN:1936.0", CH04, ATT DY200T, 45.0°C, bottom rear mittig,
4192,TP_z17_02_1,19,exCU, HM, HM035, z17, 16.03.22," BaSyTec, SN:1936.0", CH04, ATT DY200T, 23.0°C, bottom rear mittig,4.467140184388789
4193,TP_z17_02_1,20,ZYK, HM, HM035, z17, 17.03.22," BaSyTec, SN:1936.0", CH04, ATT DY200T, 45.0°C, bottom rear mittig,
4194,TP_z17_02_1,21,CU, HM, HM035, z17, 15.04.22," BaSyTec, SN:1936.0", CH04, ATT DY200T, 23.0°C, bottom rear mittig,4.4298737357951445
4195,TP_z17_02_1,22,ZYK, HM, HM035, z17, 15.04.22," BaSyTec, SN:1936.0", CH04, ATT DY200T, 45.0°C, bottom rear mittig,
4196,TP_z17_02_1,23,CU, HM, HM035, z17, 14.05.22," BaSyTec, SN:1936.0", CH04, ATT DY200T, 23.0°C, bottom rear mittig,4.3893126111087675
4197,TP_z17_02_1,24,ZYK, HM, HM035, z17, 15.05.22," BaSyTec, SN:1936.0", CH04, ATT DY200T, 45.0°C, bottom rear mittig,
4198,TP_z17_02_1,25,exCU, HM, HM035, z17, 12.06.22," BaSyTec, SN:1936.0", CH04, ATT DY200T, 23.0°C, bottom rear mittig,4.347768390793116
4199,TP_z17_02_1,26,ZYK, HM, HM035, z17, 14.06.22," BaSyTec, SN:1936.0", CH04, ATT DY200T, 45.0°C, bottom rear mittig,
4200,TP_z17_02_1,27,CU, HM, HM035, z17, 13.07.22," BaSyTec, SN:1936.0", CH04, ATT DY200T, 23.0°C, bottom rear mittig,4.304150396346907
4201,TP_z17_02_1,28,ZYK, HM, HM035, z17, 13.07.22," BaSyTec, SN:1936.0", CH04, ATT DY200T, 45.0°C, bottom rear mittig,
4202,TP_z17_02_1,29,CU, HM, HM035, z17, 11.08.22," BaSyTec, SN:1936.0", CH04, ATT DY200T, 23.0°C, bottom rear mittig,4.2645623252728875
4203,TP_z17_02_1,30,ZYK, HM, HM035, z17, 12.08.22," BaSyTec, SN:1936.0", CH04, ATT DY200T, 45.0°C, bottom rear mittig,
4204,TP_z17_02_1,31,AT_T23, HM, HM035, z17, 12.09.2022," BaSyTec, SN:1936", CH04, ATT DY200T, 23°C, bottom rear mittig,4.220495393447418
4205,TP_z17_02_1,31,AT_T45, HM, HM035, z17, 12.09.2022," BaSyTec, SN:1936", CH04, ATT DY200T, 45°C, bottom rear mittig,4.338711753088379
4206,TP_z17_02_1,31,AT_T10, HM, HM035, z17, 12.09.2022," BaSyTec, SN:1936", CH04, ATT DY200T, 10°C, bottom rear mittig,4.118286167466689
4207,TP_z17_02_2,1,ET_T10, HM, TP_z17_02, z17, 02.02.23," BaSyTec, SN:1936", CH16, ATT DY200T, 10°C, bottom front mittig,4.734382102467059
4208,TP_z17_02_2,1,ET_T23, HM, TP_z17_02, z17, 07.02.2023," BaSyTec, SN:1936", CH16, ATT DY200T, 23°C, bottom front mittig,4.859033277522796
4209,TP_z17_02_2,1,ET_T45, HM, TP_z17_02, z17, 04.02.2023," BaSyTec, SN:1936", CH16, ATT DY200T, 45°C, bottom front mittig,4.947452368532566
4210,TP_z17_02_2,2,ZYK, HM, TP_z17_02, z17, 12.02.23," BaSyTec, SN:1936", CH16, ATT DY200T, 45°C, bottom front mittig,
4211,TP_z17_02_2,3,CU, HM, TP_z17_02, z17, 19.02.23," BaSyTec, SN:1936", CH16, ATT DY200T, 23°C, bottom front mittig,4.795877884620744
4212,TP_z17_02_2,4,ZYK, HM, TP_z17_02, z17, 20.02.23," BaSyTec, SN:1936", CH16, ATT DY200T, 45°C, bottom front mittig,
4213,TP_z17_02_2,5,CU, HM, TP_z17_02, z17, 27.02.23," BaSyTec, SN:1936", CH16, ATT DY200T, 23°C, bottom front mittig,4.752310877879708
4214,TP_z17_02_2,6,ZYK, HM, TP_z17_02, z17, 28.02.23," BaSyTec, SN:1936", CH16, ATT DY200T, 45°C, bottom front mittig,
4215,TP_z17_02_2,7,exCU, HM, TP_z17_02, z17, 07.03.23," BaSyTec, SN:1936", CH16, ATT DY200T, 23°C, bottom front mittig,4.719763154737984
4216,TP_z17_02_2,8,ZYK, HM, TP_z17_02, z17, 09.03.23," BaSyTec, SN:1936", CH16, ATT DY200T, 45°C, bottom front mittig,
4217,TP_z17_02_2,9,CU, HM, TP_z17_02, z17, 22.03.23," BaSyTec, SN:1936", CH16, ATT DY200T, 23°C, bottom front mittig,4.6645045333005655
4218,TP_z17_02_2,10,ZYK, HM, TP_z17_02, z17, 24.03.23," BaSyTec, SN:1936", CH16, ATT DY200T, 45°C, bottom front mittig,
4219,TP_z17_02_2,11,CU, HM, TP_z17_02, z17, 07.04.23," BaSyTec, SN:1936", CH16, ATT DY200T, 23°C, bottom front mittig,4.627825748225009
4220,TP_z17_02_2,12,ZYK, HM, TP_z17_02, z17, 08.04.23," BaSyTec, SN:1936", CH16, ATT DY200T, 45°C, bottom front mittig,
4221,TP_z17_02_2,13,exCU, HM, TP_z17_02, z17, 22.04.23," BaSyTec, SN:1936", CH16, ATT DY200T, 23°C, bottom front mittig,4.590208872988766
4222,TP_z17_02_2,15,CU, HM, TP_z17_02, z17, 10.05.23," BaSyTec, SN:1936", CH16, ATT DY200T, 23°C, bottom front mittig,4.564533912958179
4223,TP_z17_02_2,16,ZYK, HM, TP_z17_02, z17, 11.05.23," BaSyTec, SN:1936", CH16, ATT DY200T, 45°C, bottom front mittig,
4224,TP_z17_02_2,17,CU, HM, TP_z17_02, z17, 08.06.23," BaSyTec, SN:1936", CH16, ATT DY200T, 23°C, bottom front mittig,4.486604053452352
4225,TP_z17_02_2,18,ZYK, HM, TP_z17_02, z17, 09.06.23," BaSyTec, SN:1936", CH16, ATT DY200T, 45°C, bottom front mittig,
4226,TP_z17_02_2,19,CU, HM, TP_z17_02, z17, 07.07.23," BaSyTec, SN:1936", CH16, ATT DY200T, 23°C, bottom front mittig,4.375631412906036
4227,TP_z17_02_2,20,ZYK, HM, TP_z17_02, z17, 08.07.23," BaSyTec, SN:1936", CH16, ATT DY200T, 45°C, bottom front mittig,
4228,TP_z17_02_2,21,exCU, HM, TP_z17_02, z17, 05.08.23," BaSyTec, SN:1936", CH16, ATT DY200T, 23°C, bottom front mittig,4.212941689478425
4229,TP_z17_02_2,22,ZYK, HM, TP_z17_02, z17, 07.08.23," BaSyTec, SN:1936", CH16, ATT DY200T, 45°C, bottom front mittig,
4230,TP_z17_02_2,23,CU, HM, TP_z17_02, z17, 23.09.23," BaSyTec, SN:1936", CH16, ATT DY200T, 23°C, bottom front mittig,4.271630824009667
4231,TP_z17_02_2,24,AT_T10, HM, TP_z17_02, z17, 23.10.23," BaSyTec, SN:1936", CH30, ATT DY200T, 10°C, top rear right,
4232,TP_z17_02_2,24,AT_T23, HM, TP_z17_02, z17, 23.10.23," BaSyTec, SN:1936", CH30, ATT DY200T, 23°C, top rear right,4.262776036242998
4233,TP_z17_02_2,24,AT_T45, HM, TP_z17_02, z17, 23.10.23," BaSyTec, SN:1936", CH30, ATT DY200T, 45°C, top rear right,
4234,TP_z17_03_1,1,ET_T45, HM, HM036, z17, 03.10.2021," BaSyTec, SN:1936", CH05, ATT DY200T, 45°C, bottom rear mittig,4.97947704235537
4235,TP_z17_03_1,1,ET_T23, HM, HM036, z17, 07.10.2021," BaSyTec, SN:1936", CH05, ATT DY200T, 23°C, bottom rear mittig,4.875658822754271
4236,TP_z17_03_1,1,ET_T10, HM, HM036, z17, 01.10.21," BaSyTec, SN:1936", CH05, ATT DY200T, 10°C, bottom rear mittig,4.840467233908378
4237,TP_z17_03_1,2,ZYK, HM, HM036, z17, 12.10.21," BaSyTec, SN:1936", CH05, ATT DY200T, 45°C, bottom rear mittig,
4238,TP_z17_03_1,3,CU, HM, HM036, z17, 12.10.21," BaSyTec, SN:1936", CH05, ATT DY200T, 23°C, bottom rear mittig,4.802431016731621
4239,TP_z17_03_1,4,ZYK, HM, HM036, z17, 20.10.21," BaSyTec, SN:1936", CH05, ATT DY200T, 45°C, bottom rear mittig,
4240,TP_z17_03_1,5,CU, HM, HM036, z17, 27.10.21," BaSyTec, SN:1936", CH05, ATT DY200T, 23°C, bottom rear mittig,4.758121679124583
4241,TP_z17_03_1,6,ZYK, HM, HM036, z17, 28.10.21," BaSyTec, SN:1936", CH05, ATT DY200T, 45°C, bottom rear mittig,
4242,TP_z17_03_1,7,exCU, HM, HM036, z17, 04.11.21," BaSyTec, SN:1936", CH05, ATT DY200T, 23°C, bottom rear mittig,4.726667017222415
4243,TP_z17_03_1,8,ZYK, HM, HM036, z17, 06.11.21," BaSyTec, SN:1936", CH05, ATT DY200T, 45°C, bottom rear mittig,
4244,TP_z17_03_1,9,CU, HM, HM036, z17, 20.11.21," BaSyTec, SN:1936", CH05, ATT DY200T, 23°C, bottom rear mittig,4.672565104185088
4245,TP_z17_03_1,10,ZYK, HM, HM036, z17, 21.11.21," BaSyTec, SN:1936", CH05, ATT DY200T, 45°C, bottom rear mittig,
4246,TP_z17_03_1,11,CU, HM, HM036, z17, 05.12.21," BaSyTec, SN:1936", CH05, ATT DY200T, 23°C, bottom rear mittig,4.636012644587001
4247,TP_z17_03_1,12,ZYK, HM, HM036, z17, 06.12.21," BaSyTec, SN:1936", CH05, ATT DY200T, 45°C, bottom rear mittig,
4248,TP_z17_03_1,13,exCU, HM, HM036, z17, 20.12.21," BaSyTec, SN:1936", CH05, ATT DY200T, 23°C, bottom rear mittig,4.60391550382544
4249,TP_z17_03_1,14,ZYK, HM, HM036, z17, 22.12.21," BaSyTec, SN:1936", CH05, ATT DY200T, 45°C, bottom rear mittig,
4250,TP_z17_03_1,15,CU, HM, HM036, z17, 19.01.22," BaSyTec, SN:1936", CH05, ATT DY200T, 23°C, bottom rear mittig,4.542096181402904
4251,TP_z17_03_1,16,ZYK, HM, HM036, z17, 20.01.22," BaSyTec, SN:1936.0", CH05, ATT DY200T, 45.0°C, bottom rear mittig,
4252,TP_z17_03_1,17,CU, HM, HM036, z17, 15.02.22," BaSyTec, SN:1936.0", CH05, ATT DY200T, 23.0°C, bottom rear mittig,4.380243020422425
4253,TP_z17_03_1,18,ZYK, HM, HM036, z17, 16.02.22," BaSyTec, SN:1936.0", CH05, ATT DY200T, 45.0°C, bottom rear mittig,
4254,TP_z17_03_1,19,exCU, HM, HM036, z17, 16.03.22," BaSyTec, SN:1936.0", CH05, ATT DY200T, 23.0°C, bottom rear mittig,4.316397712128186
4255,TP_z17_03_1,20,ZYK, HM, HM036, z17, 17.03.22," BaSyTec, SN:1936.0", CH05, ATT DY200T, 45.0°C, bottom rear mittig,
4256,TP_z17_03_1,21,CU, HM, HM036, z17, 15.04.22," BaSyTec, SN:1936.0", CH05, ATT DY200T, 23.0°C, bottom rear mittig,4.267096717328818
4257,TP_z17_03_1,22,ZYK, HM, HM036, z17, 15.04.22," BaSyTec, SN:1936.0", CH05, ATT DY200T, 45.0°C, bottom rear mittig,
4258,TP_z17_03_1,23,CU, HM, HM036, z17, 14.05.22," BaSyTec, SN:1936.0", CH05, ATT DY200T, 23.0°C, bottom rear mittig,4.222151555286896
4259,TP_z17_03_1,24,ZYK, HM, HM036, z17, 15.05.22," BaSyTec, SN:1936.0", CH05, ATT DY200T, 45.0°C, bottom rear mittig,
4260,TP_z17_03_1,25,exCU, HM, HM036, z17, 12.06.22," BaSyTec, SN:1936.0", CH05, ATT DY200T, 23.0°C, bottom rear mittig,4.174398396353663
4261,TP_z17_03_1,26,ZYK, HM, HM036, z17, 14.06.22," BaSyTec, SN:1936.0", CH05, ATT DY200T, 45.0°C, bottom rear mittig,
4262,TP_z17_03_1,27,CU, HM, HM036, z17, 13.07.22," BaSyTec, SN:1936.0", CH05, ATT DY200T, 23.0°C, bottom rear mittig,4.12415044261772
4263,TP_z17_03_1,28,ZYK, HM, HM036, z17, 13.07.22," BaSyTec, SN:1936.0", CH05, ATT DY200T, 45.0°C, bottom rear mittig,
4264,TP_z17_03_1,29,CU, HM, HM036, z17, 11.08.22," BaSyTec, SN:1936.0", CH05, ATT DY200T, 23.0°C, bottom rear mittig,4.080996049979358
4265,TP_z17_03_1,30,ZYK, HM, HM036, z17, 12.08.22," BaSyTec, SN:1936.0", CH05, ATT DY200T, 45.0°C, bottom rear mittig,
4266,TP_z17_03_1,31,AT_T10, HM, HM036, z17, 12.09.2022," BaSyTec, SN:1936", CH05, ATT DY200T, 10°C, bottom rear mittig,3.9149444724838895
4267,TP_z17_03_1,31,AT_T45, HM, HM036, z17, 12.09.2022," BaSyTec, SN:1936", CH05, ATT DY200T, 45°C, bottom rear mittig,4.1705119778991255
4268,TP_z17_03_1,31,AT_T23, HM, HM036, z17, 12.09.2022," BaSyTec, SN:1936", CH05, ATT DY200T, 23°C, bottom rear mittig,4.034843873929922
4269,TP_z17_03_2,1,ET_T45, HM, TP_z17_03, z17, 04.02.2023," BaSyTec, SN:1936", CH17, ATT DY200T, 45°C, bottom front right,4.955342983599958
4270,TP_z17_03_2,1,ET_T23, HM, TP_z17_03, z17, 07.02.2023," BaSyTec, SN:1936", CH17, ATT DY200T, 23°C, bottom front right,4.87002160310348
4271,TP_z17_03_2,1,ET_T10, HM, TP_z17_03, z17, 02.02.23," BaSyTec, SN:1936", CH17, ATT DY200T, 10°C, bottom front right,4.754011943154857
4272,TP_z17_03_2,2,ZYK, HM, TP_z17_03, z17, 12.02.23," BaSyTec, SN:1936", CH17, ATT DY200T, 45°C, bottom front right,
4273,TP_z17_03_2,3,CU, HM, TP_z17_03, z17, 19.02.23," BaSyTec, SN:1936", CH17, ATT DY200T, 23°C, bottom front right,4.807287194567612
4274,TP_z17_03_2,4,ZYK, HM, TP_z17_03, z17, 20.02.23," BaSyTec, SN:1936", CH17, ATT DY200T, 45°C, bottom front right,
4275,TP_z17_03_2,5,CU, HM, TP_z17_03, z17, 27.02.23," BaSyTec, SN:1936", CH17, ATT DY200T, 23°C, bottom front right,4.76476251245249
4276,TP_z17_03_2,6,ZYK, HM, TP_z17_03, z17, 28.02.23," BaSyTec, SN:1936", CH17, ATT DY200T, 45°C, bottom front right,
4277,TP_z17_03_2,7,exCU, HM, TP_z17_03, z17, 07.03.23," BaSyTec, SN:1936", CH17, ATT DY200T, 23°C, bottom front right,4.734306783768375
4278,TP_z17_03_2,8,ZYK, HM, TP_z17_03, z17, 09.03.23," BaSyTec, SN:1936", CH17, ATT DY200T, 45°C, bottom front right,
4279,TP_z17_03_2,9,CU, HM, TP_z17_03, z17, 22.03.23," BaSyTec, SN:1936", CH17, ATT DY200T, 23°C, bottom front right,4.688470991192777
4280,TP_z17_03_2,10,ZYK, HM, TP_z17_03, z17, 24.03.23," BaSyTec, SN:1936", CH17, ATT DY200T, 45°C, bottom front right,
4281,TP_z17_03_2,11,CU, HM, TP_z17_03, z17, 07.04.23," BaSyTec, SN:1936", CH17, ATT DY200T, 23°C, bottom front right,4.650528867782122
4282,TP_z17_03_2,12,ZYK, HM, TP_z17_03, z17, 08.04.23," BaSyTec, SN:1936", CH17, ATT DY200T, 45°C, bottom front right,
4283,TP_z17_03_2,13,exCU, HM, TP_z17_03, z17, 22.04.23," BaSyTec, SN:1936", CH17, ATT DY200T, 23°C, bottom front right,4.6078847852301745
4284,TP_z17_03_2,15,CU, HM, TP_z17_03, z17, 10.05.23," BaSyTec, SN:1936", CH17, ATT DY200T, 23°C, bottom front right,4.5844899161442285
4285,TP_z17_03_2,16,ZYK, HM, TP_z17_03, z17, 11.05.23," BaSyTec, SN:1936", CH17, ATT DY200T, 45°C, bottom front right,
4286,TP_z17_03_2,17,CU, HM, TP_z17_03, z17, 08.06.23," BaSyTec, SN:1936", CH17, ATT DY200T, 23°C, bottom front right,4.499287184904343
4287,TP_z17_03_2,18,ZYK, HM, TP_z17_03, z17, 09.06.23," BaSyTec, SN:1936", CH17, ATT DY200T, 45°C, bottom front right,
4288,TP_z17_03_2,19,CU, HM, TP_z17_03, z17, 07.07.23," BaSyTec, SN:1936", CH17, ATT DY200T, 23°C, bottom front right,4.274142217265673
4289,TP_z17_03_2,20,ZYK, HM, TP_z17_03, z17, 08.07.23," BaSyTec, SN:1936", CH17, ATT DY200T, 45°C, bottom front right,
4290,TP_z17_03_2,21,exCU, HM, TP_z17_03, z17, 05.08.23," BaSyTec, SN:1936", CH17, ATT DY200T, 23°C, bottom front right,4.094919934438797
4291,TP_z17_03_2,22,ZYK, HM, TP_z17_03, z17, 07.08.23," BaSyTec, SN:1936", CH17, ATT DY200T, 45°C, bottom front right,
4292,TP_z17_03_2,23,CU, HM, TP_z17_03, z17, 23.09.23," BaSyTec, SN:1936", CH17, ATT DY200T, 23°C, bottom front right,4.716036179704506
4293,TP_z17_03_2,24,AT_T45, HM, TP_z17_03, z17, 23.10.23," BaSyTec, SN:1936", CH31, ATT DY200T, 45°C, top rear right,
4294,TP_z17_03_2,24,AT_T23, HM, TP_z17_03, z17, 23.10.23," BaSyTec, SN:1936", CH31, ATT DY200T, 23°C, top rear right,4.349112748375007
4295,TP_z17_03_2,24,AT_T10, HM, TP_z17_03, z17, 23.10.23," BaSyTec, SN:1936", CH31, ATT DY200T, 10°C, top rear right,
4296,TP_z18_01_1,1,ET_T10, HM, HM037, z18, 01.10.21," BaSyTec, SN:1936", CH06, ATT DY200T, 10°C, top front right,4.770299310317897
4297,TP_z18_01_1,1,ET_T23, HM, HM037, z18, 07.10.2021," BaSyTec, SN:1936", CH06, ATT DY200T, 23°C, top front right,4.85730241894407
4298,TP_z18_01_1,1,ET_T45, HM, HM037, z18, 04.10.2021," BaSyTec, SN:1936", CH06, ATT DY200T, 45°C, top front right,4.944403382540228
4299,TP_z18_01_1,2,ZYK, HM, HM037, z18, 12.10.21," BaSyTec, SN:1936", CH06, ATT DY200T, 45°C, top front right,
4300,TP_z18_01_1,3,CU, HM, HM037, z18, 12.10.21," BaSyTec, SN:1936", CH06, ATT DY200T, 23°C, top front right,4.785311697619768
4301,TP_z18_01_1,4,ZYK, HM, HM037, z18, 20.10.21," BaSyTec, SN:1936", CH06, ATT DY200T, 45°C, top front right,
4302,TP_z18_01_1,5,CU, HM, HM037, z18, 27.10.21," BaSyTec, SN:1936", CH06, ATT DY200T, 23°C, top front right,4.747322235392385
4303,TP_z18_01_1,6,ZYK, HM, HM037, z18, 28.10.21," BaSyTec, SN:1936", CH06, ATT DY200T, 45°C, top front right,
4304,TP_z18_01_1,7,exCU, HM, HM037, z18, 04.11.21," BaSyTec, SN:1936", CH06, ATT DY200T, 23°C, top front right,4.715651037488671
4305,TP_z18_01_1,8,ZYK, HM, HM037, z18, 06.11.21," BaSyTec, SN:1936", CH06, ATT DY200T, 45°C, top front right,
4306,TP_z18_01_1,9,CU, HM, HM037, z18, 20.11.21," BaSyTec, SN:1936", CH06, ATT DY200T, 23°C, top front right,4.668636851463832
4307,TP_z18_01_1,10,ZYK, HM, HM037, z18, 21.11.21," BaSyTec, SN:1936", CH06, ATT DY200T, 45°C, top front right,
4308,TP_z18_01_1,11,CU, HM, HM037, z18, 05.12.21," BaSyTec, SN:1936", CH06, ATT DY200T, 23°C, top front right,4.631326044119928
4309,TP_z18_01_1,12,ZYK, HM, HM037, z18, 06.12.21," BaSyTec, SN:1936", CH06, ATT DY200T, 45°C, top front right,
4310,TP_z18_01_1,13,exCU, HM, HM037, z18, 20.12.21," BaSyTec, SN:1936", CH06, ATT DY200T, 23°C, top front right,4.596616966751707
4311,TP_z18_01_1,14,ZYK, HM, HM037, z18, 22.12.21," BaSyTec, SN:1936", CH06, ATT DY200T, 45°C, top front right,
4312,TP_z18_01_1,15,CU, HM, HM037, z18, 19.01.22," BaSyTec, SN:1936", CH06, ATT DY200T, 23°C, top front right,4.529063339789948
4313,TP_z18_01_1,16,ZYK, HM, HM037, z18, 20.01.22," BaSyTec, SN:1936.0", CH06, ATT DY200T, 45.0°C, top front right,
4314,TP_z18_01_1,17,CU, HM, HM037, z18, 15.02.22," BaSyTec, SN:1936.0", CH06, ATT DY200T, 23.0°C, top front right,4.430742759242456
4315,TP_z18_01_1,18,ZYK, HM, HM037, z18, 16.02.22," BaSyTec, SN:1936.0", CH06, ATT DY200T, 45.0°C, top front right,
4316,TP_z18_01_1,19,exCU, HM, HM037, z18, 16.03.22," BaSyTec, SN:1936.0", CH06, ATT DY200T, 23.0°C, top front right,4.353245567912467
4317,TP_z18_01_1,20,ZYK, HM, HM037, z18, 17.03.22," BaSyTec, SN:1936.0", CH06, ATT DY200T, 45.0°C, top front right,
4318,TP_z18_01_1,21,CU, HM, HM037, z18, 15.04.22," BaSyTec, SN:1936.0", CH06, ATT DY200T, 23.0°C, top front right,4.284394298768701
4319,TP_z18_01_1,22,ZYK, HM, HM037, z18, 15.04.22," BaSyTec, SN:1936.0", CH06, ATT DY200T, 45.0°C, top front right,
4320,TP_z18_01_1,23,CU, HM, HM037, z18, 14.05.22," BaSyTec, SN:1936.0", CH06, ATT DY200T, 23.0°C, top front right,4.231763444135134
4321,TP_z18_01_1,24,ZYK, HM, HM037, z18, 15.05.22," BaSyTec, SN:1936.0", CH06, ATT DY200T, 45.0°C, top front right,
4322,TP_z18_01_1,25,exCU, HM, HM037, z18, 12.06.22," BaSyTec, SN:1936.0", CH06, ATT DY200T, 23.0°C, top front right,4.181187252060392
4323,TP_z18_01_1,26,ZYK, HM, HM037, z18, 14.06.22," BaSyTec, SN:1936.0", CH06, ATT DY200T, 45.0°C, top front right,
4324,TP_z18_01_1,27,CU, HM, HM037, z18, 13.07.22," BaSyTec, SN:1936.0", CH06, ATT DY200T, 23.0°C, top front right,4.136411923476489
4325,TP_z18_01_1,28,ZYK, HM, HM037, z18, 13.07.22," BaSyTec, SN:1936.0", CH06, ATT DY200T, 45.0°C, top front right,
4326,TP_z18_01_1,29,CU, HM, HM037, z18, 11.08.22," BaSyTec, SN:1936.0", CH06, ATT DY200T, 23.0°C, top front right,4.074033116134696
4327,TP_z18_01_1,30,ZYK, HM, HM037, z18, 12.08.22," BaSyTec, SN:1936.0", CH06, ATT DY200T, 45.0°C, top front right,
4328,TP_z18_01_1,31,AT_T23, HM, HM037, z18, 12.09.2022," BaSyTec, SN:1936", CH06, ATT DY200T, 23°C, top front right,4.008067302821959
4329,TP_z18_01_1,31,AT_T45, HM, HM037, z18, 12.09.2022," BaSyTec, SN:1936", CH06, ATT DY200T, 45°C, top front right,4.164125901315284
4330,TP_z18_01_1,31,AT_T10, HM, HM037, z18, 12.09.2022," BaSyTec, SN:1936", CH06, ATT DY200T, 10°C, top front right,3.9096630505608028
4331,TP_z18_01_2,1,ET_T10, HM, TP_z18_01, z18, 02.02.23," BaSyTec, SN:1936", CH18, Binder KT053, 10°C, middle left,4.71935443649577
4332,TP_z18_01_2,1,ET_T23, HM, TP_z18_01, z18, 07.02.2023," BaSyTec, SN:1936", CH18, Binder KT053, 23°C, middle left,4.856099268284906
4333,TP_z18_01_2,1,ET_T45, HM, TP_z18_01, z18, 04.02.2023," BaSyTec, SN:1936", CH18, Binder KT053, 45°C, middle left,4.94701902619887
4334,TP_z18_01_2,2,ZYK, HM, TP_z18_01, z18, 12.02.23," BaSyTec, SN:1936", CH18, Binder KT053, 45°C, middle left,
4335,TP_z18_01_2,3,CU, HM, TP_z18_01, z18, 19.02.23," BaSyTec, SN:1936", CH18, Binder KT053, 23°C, middle left,4.821784594533286
4336,TP_z18_01_2,4,ZYK, HM, TP_z18_01, z18, 20.02.23," BaSyTec, SN:1936", CH18, Binder KT053, 45°C, middle left,
4337,TP_z18_01_2,5,CU, HM, TP_z18_01, z18, 27.02.23," BaSyTec, SN:1936", CH18, Binder KT053, 23°C, middle left,4.782964781244367
4338,TP_z18_01_2,6,ZYK, HM, TP_z18_01, z18, 28.02.23," BaSyTec, SN:1936", CH18, Binder KT053, 45°C, middle left,
4339,TP_z18_01_2,7,exCU, HM, TP_z18_01, z18, 07.03.23," BaSyTec, SN:1936", CH18, Binder KT053, 23°C, middle left,4.763537940801241
4340,TP_z18_01_2,8,ZYK, HM, TP_z18_01, z18, 09.03.23," BaSyTec, SN:1936", CH18, Binder KT053, 45°C, middle left,
4341,TP_z18_01_2,9,CU, HM, TP_z18_01, z18, 22.03.23," BaSyTec, SN:1936", CH18, Binder KT053, 23°C, middle left,4.728684108494901
4342,TP_z18_01_2,10,ZYK, HM, TP_z18_01, z18, 24.03.23," BaSyTec, SN:1936", CH18, Binder KT053, 45°C, middle left,
4343,TP_z18_01_2,11,CU, HM, TP_z18_01, z18, 07.04.23," BaSyTec, SN:1936", CH18, Binder KT053, 23°C, middle left,4.710663968384937
4344,TP_z18_01_2,12,ZYK, HM, TP_z18_01, z18, 08.04.23," BaSyTec, SN:1936", CH18, Binder KT053, 45°C, middle left,
4345,TP_z18_01_2,13,exCU, HM, TP_z18_01, z18, 22.04.23," BaSyTec, SN:1936", CH18, Binder KT053, 23°C, middle left,4.688063026368397
4346,TP_z18_01_2,14,ZYK, HM, TP_z18_01, z18, 24.04.23," BaSyTec, SN:1936", CH18, Binder KT053, 23°C, middle left,
4347,TP_z18_01_2,15,CU, HM, TP_z18_01, z18, 22.05.23," BaSyTec, SN:1936", CH18, Binder KT053, 23°C, middle left,4.645728142358723
4348,TP_z18_01_2,16,ZYK, HM, TP_z18_01, z18, 23.05.23," BaSyTec, SN:1936", CH18, Binder KT053, 45°C, middle left,
4349,TP_z18_01_2,17,CU, HM, TP_z18_01, z18, 20.06.23," BaSyTec, SN:1936", CH18, Binder KT053, 23°C, middle left,4.6107852058863985
4350,TP_z18_01_2,18,ZYK, HM, TP_z18_01, z18, 21.06.23," BaSyTec, SN:1936", CH18, Binder KT053, 45°C, middle left,
4351,TP_z18_01_2,19,exCU, HM, TP_z18_01, z18, 19.07.23," BaSyTec, SN:1936", CH18, Binder KT053, 23°C, middle left,4.579446794032936
4352,TP_z18_01_2,20,ZYK, HM, TP_z18_01, z18, 21.07.23," BaSyTec, SN:1936", CH18, Binder KT053, 45°C, middle left,
4353,TP_z18_01_2,21,CU, HM, TP_z18_01, z18, 18.08.23," BaSyTec, SN:1936", CH18, Binder KT053, 23°C, middle left,4.553200861817176
4354,TP_z18_01_2,22,ZYK, HM, TP_z18_01, z18, 19.08.23," BaSyTec, SN:1936", CH18, Binder KT053, 45°C, middle left,
4355,TP_z18_01_2,23,CU, HM, TP_z18_01, z18, 20.09.23," BaSyTec, SN:1936", CH18, Binder KT053, 23°C, middle left,4.52284766045949
4356,TP_z18_01_2,24,ZYK, HM, TP_z18_01, z18, 21.09.23," BaSyTec, SN:1936", CH18, Binder KT053, 45°C, middle left,
4357,TP_z18_01_2,25,exCU, HM, TP_z18_01, z18, 19.10.23," BaSyTec, SN:1936", CH18, Binder KT053, 23°C, middle left,4.494745872937727
4358,TP_z18_01_2,26,ZYK, HM, TP_z18_01, z18, 21.10.23," BaSyTec, SN:1936", CH18, Binder KT053, 45°C, middle left,
4359,TP_z18_01_2,27,CU, HM, TP_z18_01, z18, 18.11.23," BaSyTec, SN:1936", CH18, Binder KT053, 23°C, middle left,4.466727681259915
4360,TP_z18_01_2,28,ZYK, HM, TP_z18_01, z18, 19.11.23," BaSyTec, SN:1936", CH18, Binder KT053, 45°C, middle left,
4361,TP_z18_01_2,29,CU, HM, TP_z18_01, z18, 17.12.23," BaSyTec, SN:1936", CH18, Binder KT053, 23°C, middle left,4.43902641560564
4362,TP_z18_01_2,30,ZYK, HM, TP_z18_01, z18, 18.12.23," BaSyTec, SN:1936", CH18, Binder KT053, 45°C, middle left,
4363,TP_z18_01_2,31,exCU, HM, TP_z18_01, z18, 15.01.24," BaSyTec, SN:1936", CH18, Binder KT053, 23°C, middle left,4.411114425623707
4364,TP_z18_01_2,32,ZYK, HM, TP_z18_01, z18, 17.01.24," BaSyTec, SN:1936", CH18, Binder KT053, 45°C, middle left,
4365,TP_z18_01_2,33,AT_T45, HM, TP_z18_01, z18, 13.02.24," BaSyTec, SN:1936", CH18, Binder KT053, 45°C, middle left,4.47342524755505
4366,TP_z18_01_2,33,AT_T23, HM, TP_z18_01, z18, 13.02.24," BaSyTec, SN:1936", CH18, Binder KT053, 23°C, middle left,4.370974030908438
4367,TP_z18_01_2,33,AT_T10, HM, TP_z18_01, z18, 13.02.24," BaSyTec, SN:1936", CH18, Binder KT053, 10°C, middle left,4.295766779891231
4368,TP_z18_02_1,1,ET_T10, HM, HM038, z18, 01.10.21," BaSyTec, SN:1936", CH07, ATT DY200T, 10°C, bottom rear right,4.841946486757725
4369,TP_z18_02_1,1,ET_T23, HM, HM038, z18, 07.10.2021," BaSyTec, SN:1936", CH07, ATT DY200T, 23°C, bottom rear right,4.880253318429513
4370,TP_z18_02_1,1,ET_T45, HM, HM038, z18, 03.10.2021," BaSyTec, SN:1936", CH07, ATT DY200T, 45°C, bottom rear right,4.985499449845948
4371,TP_z18_02_1,2,ZYK, HM, HM038, z18, 12.10.21," BaSyTec, SN:1936", CH07, ATT DY200T, 45°C, bottom rear right,
4372,TP_z18_02_1,3,CU, HM, HM038, z18, 12.10.21," BaSyTec, SN:1936", CH07, ATT DY200T, 23°C, bottom rear right,4.816602630223855
4373,TP_z18_02_1,4,ZYK, HM, HM038, z18, 20.10.21," BaSyTec, SN:1936", CH07, ATT DY200T, 45°C, bottom rear right,
4374,TP_z18_02_1,5,CU, HM, HM038, z18, 27.10.21," BaSyTec, SN:1936", CH07, ATT DY200T, 23°C, bottom rear right,4.773321246687646
4375,TP_z18_02_1,6,ZYK, HM, HM038, z18, 28.10.21," BaSyTec, SN:1936", CH07, ATT DY200T, 45°C, bottom rear right,
4376,TP_z18_02_1,7,exCU, HM, HM038, z18, 04.11.21," BaSyTec, SN:1936", CH07, ATT DY200T, 23°C, bottom rear right,4.7373649778543925
4377,TP_z18_02_1,8,ZYK, HM, HM038, z18, 06.11.21," BaSyTec, SN:1936", CH07, ATT DY200T, 45°C, bottom rear right,
4378,TP_z18_02_1,9,CU, HM, HM038, z18, 20.11.21," BaSyTec, SN:1936", CH07, ATT DY200T, 23°C, bottom rear right,4.6821918805465454
4379,TP_z18_02_1,10,ZYK, HM, HM038, z18, 21.11.21," BaSyTec, SN:1936", CH07, ATT DY200T, 45°C, bottom rear right,
4380,TP_z18_02_1,11,CU, HM, HM038, z18, 05.12.21," BaSyTec, SN:1936", CH07, ATT DY200T, 23°C, bottom rear right,4.645623610947004
4381,TP_z18_02_1,12,ZYK, HM, HM038, z18, 06.12.21," BaSyTec, SN:1936", CH07, ATT DY200T, 45°C, bottom rear right,
4382,TP_z18_02_1,13,exCU, HM, HM038, z18, 20.12.21," BaSyTec, SN:1936", CH07, ATT DY200T, 23°C, bottom rear right,4.607735807226812
4383,TP_z18_02_1,14,ZYK, HM, HM038, z18, 22.12.21," BaSyTec, SN:1936", CH07, ATT DY200T, 45°C, bottom rear right,
4384,TP_z18_02_1,15,CU, HM, HM038, z18, 19.01.22," BaSyTec, SN:1936", CH07, ATT DY200T, 23°C, bottom rear right,4.5399695216812885
4385,TP_z18_02_1,16,ZYK, HM, HM038, z18, 20.01.22," BaSyTec, SN:1936.0", CH07, ATT DY200T, 45.0°C, bottom rear right,
4386,TP_z18_02_1,17,CU, HM, HM038, z18, 15.02.22," BaSyTec, SN:1936.0", CH07, ATT DY200T, 23.0°C, bottom rear right,4.491979310307665
4387,TP_z18_02_1,18,ZYK, HM, HM038, z18, 16.02.22," BaSyTec, SN:1936.0", CH07, ATT DY200T, 45.0°C, bottom rear right,
4388,TP_z18_02_1,19,exCU, HM, HM038, z18, 16.03.22," BaSyTec, SN:1936.0", CH07, ATT DY200T, 23.0°C, bottom rear right,4.423638760794674
4389,TP_z18_02_1,20,ZYK, HM, HM038, z18, 17.03.22," BaSyTec, SN:1936.0", CH07, ATT DY200T, 45.0°C, bottom rear right,
4390,TP_z18_02_1,21,CU, HM, HM038, z18, 15.04.22," BaSyTec, SN:1936.0", CH07, ATT DY200T, 23.0°C, bottom rear right,4.357754626576906
4391,TP_z18_02_1,22,ZYK, HM, HM038, z18, 15.04.22," BaSyTec, SN:1936.0", CH07, ATT DY200T, 45.0°C, bottom rear right,
4392,TP_z18_02_1,23,CU, HM, HM038, z18, 14.05.22," BaSyTec, SN:1936.0", CH07, ATT DY200T, 23.0°C, bottom rear right,4.297807755654464
4393,TP_z18_02_1,24,ZYK, HM, HM038, z18, 15.05.22," BaSyTec, SN:1936.0", CH07, ATT DY200T, 45.0°C, bottom rear right,
4394,TP_z18_02_1,25,exCU, HM, HM038, z18, 12.06.22," BaSyTec, SN:1936.0", CH07, ATT DY200T, 23.0°C, bottom rear right,4.236749054476972
4395,TP_z18_02_1,26,ZYK, HM, HM038, z18, 14.06.22," BaSyTec, SN:1936.0", CH07, ATT DY200T, 45.0°C, bottom rear right,
4396,TP_z18_02_1,27,CU, HM, HM038, z18, 13.07.22," BaSyTec, SN:1936.0", CH07, ATT DY200T, 23.0°C, bottom rear right,4.1835390180586955
4397,TP_z18_02_1,28,ZYK, HM, HM038, z18, 13.07.22," BaSyTec, SN:1936.0", CH07, ATT DY200T, 45.0°C, bottom rear right,
4398,TP_z18_02_1,29,CU, HM, HM038, z18, 11.08.22," BaSyTec, SN:1936.0", CH07, ATT DY200T, 23.0°C, bottom rear right,4.122926152472736
4399,TP_z18_02_1,30,ZYK, HM, HM038, z18, 12.08.22," BaSyTec, SN:1936.0", CH07, ATT DY200T, 45.0°C, bottom rear right,
4400,TP_z18_02_1,31,AT_T23, HM, HM038, z18, 12.09.2022," BaSyTec, SN:1936", CH07, ATT DY200T, 23°C, bottom rear right,4.040996569622426
4401,TP_z18_02_1,31,AT_T45, HM, HM038, z18, 12.09.2022," BaSyTec, SN:1936", CH07, ATT DY200T, 45°C, bottom rear right,4.208206297725901
4402,TP_z18_02_1,31,AT_T10, HM, HM038, z18, 12.09.2022," BaSyTec, SN:1936", CH07, ATT DY200T, 10°C, bottom rear right,3.946915448967501
4403,TP_z18_02_2,1,ET_T10, HM, TP_z18_02, z18, 02.02.23," BaSyTec, SN:1936", CH19, Binder KT053, 10°C, middle left,4.751767556194411
4404,TP_z18_02_2,1,ET_T23, HM, TP_z18_02, z18, 07.02.2023," BaSyTec, SN:1936", CH19, Binder KT053, 23°C, middle left,4.860565241283305
4405,TP_z18_02_2,1,ET_T45, HM, TP_z18_02, z18, 04.02.2023," BaSyTec, SN:1936", CH19, Binder KT053, 45°C, middle left,4.949430764976256
4406,TP_z18_02_2,2,ZYK, HM, TP_z18_02, z18, 12.02.23," BaSyTec, SN:1936", CH19, Binder KT053, 45°C, middle left,
4407,TP_z18_02_2,3,CU, HM, TP_z18_02, z18, 19.02.23," BaSyTec, SN:1936", CH19, Binder KT053, 23°C, middle left,4.821616136386396
4408,TP_z18_02_2,4,ZYK, HM, TP_z18_02, z18, 20.02.23," BaSyTec, SN:1936", CH19, Binder KT053, 45°C, middle left,
4409,TP_z18_02_2,5,CU, HM, TP_z18_02, z18, 27.02.23," BaSyTec, SN:1936", CH19, Binder KT053, 23°C, middle left,4.784698768279699
4410,TP_z18_02_2,6,ZYK, HM, TP_z18_02, z18, 28.02.23," BaSyTec, SN:1936", CH19, Binder KT053, 45°C, middle left,
4411,TP_z18_02_2,7,exCU, HM, TP_z18_02, z18, 07.03.23," BaSyTec, SN:1936", CH19, Binder KT053, 23°C, middle left,4.765332227751226
4412,TP_z18_02_2,8,ZYK, HM, TP_z18_02, z18, 09.03.23," BaSyTec, SN:1936", CH19, Binder KT053, 45°C, middle left,
4413,TP_z18_02_2,9,CU, HM, TP_z18_02, z18, 22.03.23," BaSyTec, SN:1936", CH19, Binder KT053, 23°C, middle left,4.7301669374468265
4414,TP_z18_02_2,10,ZYK, HM, TP_z18_02, z18, 24.03.23," BaSyTec, SN:1936", CH19, Binder KT053, 45°C, middle left,
4415,TP_z18_02_2,11,CU, HM, TP_z18_02, z18, 07.04.23," BaSyTec, SN:1936", CH19, Binder KT053, 23°C, middle left,4.711766136816716
4416,TP_z18_02_2,12,ZYK, HM, TP_z18_02, z18, 08.04.23," BaSyTec, SN:1936", CH19, Binder KT053, 45°C, middle left,
4417,TP_z18_02_2,13,exCU, HM, TP_z18_02, z18, 22.04.23," BaSyTec, SN:1936", CH19, Binder KT053, 23°C, middle left,4.692006608445045
4418,TP_z18_02_2,14,ZYK, HM, TP_z18_02, z18, 24.04.23," BaSyTec, SN:1936", CH19, Binder KT053, 23°C, middle left,
4419,TP_z18_02_2,15,CU, HM, TP_z18_02, z18, 22.05.23," BaSyTec, SN:1936", CH19, Binder KT053, 23°C, middle left,4.650665414702686
4420,TP_z18_02_2,16,ZYK, HM, TP_z18_02, z18, 23.05.23," BaSyTec, SN:1936", CH19, Binder KT053, 45°C, middle left,
4421,TP_z18_02_2,17,CU, HM, TP_z18_02, z18, 20.06.23," BaSyTec, SN:1936", CH19, Binder KT053, 23°C, middle left,4.613355804411066
4422,TP_z18_02_2,18,ZYK, HM, TP_z18_02, z18, 21.06.23," BaSyTec, SN:1936", CH19, Binder KT053, 45°C, middle left,
4423,TP_z18_02_2,19,exCU, HM, TP_z18_02, z18, 19.07.23," BaSyTec, SN:1936", CH19, Binder KT053, 23°C, middle left,4.584895877073457
4424,TP_z18_02_2,20,ZYK, HM, TP_z18_02, z18, 21.07.23," BaSyTec, SN:1936", CH19, Binder KT053, 45°C, middle left,
4425,TP_z18_02_2,21,CU, HM, TP_z18_02, z18, 18.08.23," BaSyTec, SN:1936", CH19, Binder KT053, 23°C, middle left,4.552611786901537
4426,TP_z18_02_2,22,ZYK, HM, TP_z18_02, z18, 19.08.23," BaSyTec, SN:1936", CH19, Binder KT053, 45°C, middle left,
4427,TP_z18_02_2,23,CU, HM, TP_z18_02, z18, 20.09.23," BaSyTec, SN:1936", CH19, Binder KT053, 23°C, middle left,4.524915446044265
4428,TP_z18_02_2,24,ZYK, HM, TP_z18_02, z18, 21.09.23," BaSyTec, SN:1936", CH19, Binder KT053, 45°C, middle left,
4429,TP_z18_02_2,25,exCU, HM, TP_z18_02, z18, 19.10.23," BaSyTec, SN:1936", CH19, Binder KT053, 23°C, middle left,4.498659279463378
4430,TP_z18_02_2,26,ZYK, HM, TP_z18_02, z18, 21.10.23," BaSyTec, SN:1936", CH19, Binder KT053, 45°C, middle left,
4431,TP_z18_02_2,27,CU, HM, TP_z18_02, z18, 18.11.23," BaSyTec, SN:1936", CH19, Binder KT053, 23°C, middle left,4.468607890371491
4432,TP_z18_02_2,28,ZYK, HM, TP_z18_02, z18, 19.11.23," BaSyTec, SN:1936", CH19, Binder KT053, 45°C, middle left,
4433,TP_z18_02_2,29,CU, HM, TP_z18_02, z18, 17.12.23," BaSyTec, SN:1936", CH19, Binder KT053, 23°C, middle left,4.440454123985533
4434,TP_z18_02_2,30,ZYK, HM, TP_z18_02, z18, 18.12.23," BaSyTec, SN:1936", CH19, Binder KT053, 45°C, middle left,
4435,TP_z18_02_2,31,exCU, HM, TP_z18_02, z18, 15.01.24," BaSyTec, SN:1936", CH19, Binder KT053, 23°C, middle left,4.413875840611048
4436,TP_z18_02_2,32,ZYK, HM, TP_z18_02, z18, 17.01.24," BaSyTec, SN:1936", CH19, Binder KT053, 45°C, middle left,
4437,TP_z18_02_2,33,AT_T45, HM, TP_z18_02, z18, 13.02.24," BaSyTec, SN:1936", CH19, Binder KT053, 45°C, middle left,4.475180039786615
4438,TP_z18_02_2,33,AT_T23, HM, TP_z18_02, z18, 13.02.24," BaSyTec, SN:1936", CH19, Binder KT053, 23°C, middle left,4.375524141084342
4439,TP_z18_02_2,33,AT_T10, HM, TP_z18_02, z18, 13.02.24," BaSyTec, SN:1936", CH19, Binder KT053, 10°C, middle left,4.297792712588592
4440,TP_z18_03_1,1,ET_T45, HM, HM039, z18, 03.10.2021," BaSyTec, SN:1936", CH08, ATT DY200T, 45°C, bottom rear right,4.989997262670925
4441,TP_z18_03_1,1,ET_T23, HM, HM039, z18, 07.10.2021," BaSyTec, SN:1936", CH08, ATT DY200T, 23°C, bottom rear right,4.882852130059229
4442,TP_z18_03_1,1,ET_T10, HM, HM039, z18, 01.10.21," BaSyTec, SN:1936", CH08, ATT DY200T, 10°C, bottom rear right,4.843359914548305
4443,TP_z18_03_1,2,ZYK, HM, HM039, z18, 12.10.21," BaSyTec, SN:1936", CH08, ATT DY200T, 45°C, bottom rear right,
4444,TP_z18_03_1,3,CU, HM, HM039, z18, 12.10.21," BaSyTec, SN:1936", CH08, ATT DY200T, 23°C, bottom rear right,4.823640614022688
4445,TP_z18_03_1,4,ZYK, HM, HM039, z18, 20.10.21," BaSyTec, SN:1936", CH08, ATT DY200T, 45°C, bottom rear right,
4446,TP_z18_03_1,5,CU, HM, HM039, z18, 27.10.21," BaSyTec, SN:1936", CH08, ATT DY200T, 23°C, bottom rear right,4.783048214751546
4447,TP_z18_03_1,6,ZYK, HM, HM039, z18, 28.10.21," BaSyTec, SN:1936", CH08, ATT DY200T, 45°C, bottom rear right,
4448,TP_z18_03_1,7,exCU, HM, HM039, z18, 04.11.21," BaSyTec, SN:1936", CH08, ATT DY200T, 23°C, bottom rear right,4.7494036310793355
4449,TP_z18_03_1,8,ZYK, HM, HM039, z18, 06.11.21," BaSyTec, SN:1936", CH08, ATT DY200T, 45°C, bottom rear right,
4450,TP_z18_03_1,9,CU, HM, HM039, z18, 20.11.21," BaSyTec, SN:1936", CH08, ATT DY200T, 23°C, bottom rear right,4.698924706453403
4451,TP_z18_03_1,10,ZYK, HM, HM039, z18, 21.11.21," BaSyTec, SN:1936", CH08, ATT DY200T, 45°C, bottom rear right,
4452,TP_z18_03_1,11,CU, HM, HM039, z18, 05.12.21," BaSyTec, SN:1936", CH08, ATT DY200T, 23°C, bottom rear right,4.6606716957979835
4453,TP_z18_03_1,12,ZYK, HM, HM039, z18, 06.12.21," BaSyTec, SN:1936", CH08, ATT DY200T, 45°C, bottom rear right,
4454,TP_z18_03_1,13,exCU, HM, HM039, z18, 20.12.21," BaSyTec, SN:1936", CH08, ATT DY200T, 23°C, bottom rear right,4.6238393888567195
4455,TP_z18_03_1,14,ZYK, HM, HM039, z18, 22.12.21," BaSyTec, SN:1936", CH08, ATT DY200T, 45°C, bottom rear right,
4456,TP_z18_03_1,15,CU, HM, HM039, z18, 19.01.22," BaSyTec, SN:1936", CH08, ATT DY200T, 23°C, bottom rear right,4.5545207618773125
4457,TP_z18_03_1,16,ZYK, HM, HM039, z18, 20.01.22," BaSyTec, SN:1936.0", CH08, ATT DY200T, 45.0°C, bottom rear right,
4458,TP_z18_03_1,17,CU, HM, HM039, z18, 15.02.22," BaSyTec, SN:1936.0", CH08, ATT DY200T, 23.0°C, bottom rear right,4.507630206208665
4459,TP_z18_03_1,18,ZYK, HM, HM039, z18, 16.02.22," BaSyTec, SN:1936.0", CH08, ATT DY200T, 45.0°C, bottom rear right,
4460,TP_z18_03_1,19,exCU, HM, HM039, z18, 16.03.22," BaSyTec, SN:1936.0", CH08, ATT DY200T, 23.0°C, bottom rear right,4.443083086981802
4461,TP_z18_03_1,20,ZYK, HM, HM039, z18, 17.03.22," BaSyTec, SN:1936.0", CH08, ATT DY200T, 45.0°C, bottom rear right,
4462,TP_z18_03_1,21,CU, HM, HM039, z18, 15.04.22," BaSyTec, SN:1936.0", CH08, ATT DY200T, 23.0°C, bottom rear right,4.375496584237251
4463,TP_z18_03_1,22,ZYK, HM, HM039, z18, 15.04.22," BaSyTec, SN:1936.0", CH08, ATT DY200T, 45.0°C, bottom rear right,
4464,TP_z18_03_1,23,CU, HM, HM039, z18, 14.05.22," BaSyTec, SN:1936.0", CH08, ATT DY200T, 23.0°C, bottom rear right,4.315538396271357
4465,TP_z18_03_1,24,ZYK, HM, HM039, z18, 15.05.22," BaSyTec, SN:1936.0", CH08, ATT DY200T, 45.0°C, bottom rear right,
4466,TP_z18_03_1,25,exCU, HM, HM039, z18, 12.06.22," BaSyTec, SN:1936.0", CH08, ATT DY200T, 23.0°C, bottom rear right,4.260253271969821
4467,TP_z18_03_1,26,ZYK, HM, HM039, z18, 14.06.22," BaSyTec, SN:1936.0", CH08, ATT DY200T, 45.0°C, bottom rear right,
4468,TP_z18_03_1,27,CU, HM, HM039, z18, 13.07.22," BaSyTec, SN:1936.0", CH08, ATT DY200T, 23.0°C, bottom rear right,4.211021721560783
4469,TP_z18_03_1,28,ZYK, HM, HM039, z18, 13.07.22," BaSyTec, SN:1936.0", CH08, ATT DY200T, 45.0°C, bottom rear right,
4470,TP_z18_03_1,29,CU, HM, HM039, z18, 11.08.22," BaSyTec, SN:1936.0", CH08, ATT DY200T, 23.0°C, bottom rear right,4.154029243503601
4471,TP_z18_03_1,30,ZYK, HM, HM039, z18, 12.08.22," BaSyTec, SN:1936.0", CH08, ATT DY200T, 45.0°C, bottom rear right,
4472,TP_z18_03_1,31,AT_T10, HM, HM039, z18, 12.09.2022," BaSyTec, SN:1936", CH08, ATT DY200T, 10°C, bottom rear right,4.0271435392768415
4473,TP_z18_03_1,31,AT_T45, HM, HM039, z18, 12.09.2022," BaSyTec, SN:1936", CH08, ATT DY200T, 45°C, bottom rear right,4.239206085759004
4474,TP_z18_03_1,31,AT_T23, HM, HM039, z18, 12.09.2022," BaSyTec, SN:1936", CH08, ATT DY200T, 23°C, bottom rear right,4.079940771581324
4475,TP_z18_03_2,1,ET_T45, HM, TP_z18_03, z18, 04.02.2023," BaSyTec, SN:1936", CH20, Binder KT053, 45°C, middle mittig,4.944747484330669
4476,TP_z18_03_2,1,ET_T23, HM, TP_z18_03, z18, 07.02.2023," BaSyTec, SN:1936", CH20, Binder KT053, 23°C, middle mittig,4.863982409032392
4477,TP_z18_03_2,1,ET_T10, HM, TP_z18_03, z18, 02.02.23," BaSyTec, SN:1936", CH20, Binder KT053, 10°C, middle mittig,4.750593739392224
4478,TP_z18_03_2,2,ZYK, HM, TP_z18_03, z18, 12.02.23," BaSyTec, SN:1936", CH20, Binder KT053, 45°C, middle mittig,
4479,TP_z18_03_2,3,CU, HM, TP_z18_03, z18, 19.02.23," BaSyTec, SN:1936", CH20, Binder KT053, 23°C, middle mittig,4.821737899992215
4480,TP_z18_03_2,4,ZYK, HM, TP_z18_03, z18, 20.02.23," BaSyTec, SN:1936", CH20, Binder KT053, 45°C, middle mittig,
4481,TP_z18_03_2,5,CU, HM, TP_z18_03, z18, 27.02.23," BaSyTec, SN:1936", CH20, Binder KT053, 23°C, middle mittig,4.783247906054983
4482,TP_z18_03_2,6,ZYK, HM, TP_z18_03, z18, 28.02.23," BaSyTec, SN:1936", CH20, Binder KT053, 45°C, middle mittig,
4483,TP_z18_03_2,7,exCU, HM, TP_z18_03, z18, 07.03.23," BaSyTec, SN:1936", CH20, Binder KT053, 23°C, middle mittig,4.762260755263929
4484,TP_z18_03_2,8,ZYK, HM, TP_z18_03, z18, 09.03.23," BaSyTec, SN:1936", CH20, Binder KT053, 45°C, middle mittig,
4485,TP_z18_03_2,9,CU, HM, TP_z18_03, z18, 22.03.23," BaSyTec, SN:1936", CH20, Binder KT053, 23°C, middle mittig,4.7275884326058595
4486,TP_z18_03_2,10,ZYK, HM, TP_z18_03, z18, 24.03.23," BaSyTec, SN:1936", CH20, Binder KT053, 45°C, middle mittig,
4487,TP_z18_03_2,11,CU, HM, TP_z18_03, z18, 07.04.23," BaSyTec, SN:1936", CH20, Binder KT053, 23°C, middle mittig,4.70862093325381
4488,TP_z18_03_2,12,ZYK, HM, TP_z18_03, z18, 08.04.23," BaSyTec, SN:1936", CH20, Binder KT053, 45°C, middle mittig,
4489,TP_z18_03_2,13,exCU, HM, TP_z18_03, z18, 22.04.23," BaSyTec, SN:1936", CH20, Binder KT053, 23°C, middle mittig,4.687814613319059
4490,TP_z18_03_2,14,ZYK, HM, TP_z18_03, z18, 24.04.23," BaSyTec, SN:1936", CH20, Binder KT053, 23°C, middle mittig,
4491,TP_z18_03_2,15,CU, HM, TP_z18_03, z18, 22.05.23," BaSyTec, SN:1936", CH20, Binder KT053, 23°C, middle mittig,4.648519341388126
4492,TP_z18_03_2,16,ZYK, HM, TP_z18_03, z18, 23.05.23," BaSyTec, SN:1936", CH20, Binder KT053, 45°C, middle mittig,
4493,TP_z18_03_2,17,CU, HM, TP_z18_03, z18, 20.06.23," BaSyTec, SN:1936", CH20, Binder KT053, 23°C, middle mittig,4.611794499739086
4494,TP_z18_03_2,18,ZYK, HM, TP_z18_03, z18, 21.06.23," BaSyTec, SN:1936", CH20, Binder KT053, 45°C, middle mittig,
4495,TP_z18_03_2,19,exCU, HM, TP_z18_03, z18, 19.07.23," BaSyTec, SN:1936", CH20, Binder KT053, 23°C, middle mittig,4.581550924393316
4496,TP_z18_03_2,20,ZYK, HM, TP_z18_03, z18, 21.07.23," BaSyTec, SN:1936", CH20, Binder KT053, 45°C, middle mittig,
4497,TP_z18_03_2,21,CU, HM, TP_z18_03, z18, 18.08.23," BaSyTec, SN:1936", CH20, Binder KT053, 23°C, middle mittig,4.551565939977555
4498,TP_z18_03_2,22,ZYK, HM, TP_z18_03, z18, 19.08.23," BaSyTec, SN:1936", CH20, Binder KT053, 45°C, middle mittig,
4499,TP_z18_03_2,23,CU, HM, TP_z18_03, z18, 20.09.23," BaSyTec, SN:1936", CH20, Binder KT053, 23°C, middle mittig,4.524133534711154
4500,TP_z18_03_2,24,ZYK, HM, TP_z18_03, z18, 21.09.23," BaSyTec, SN:1936", CH20, Binder KT053, 45°C, middle mittig,
4501,TP_z18_03_2,25,exCU, HM, TP_z18_03, z18, 19.10.23," BaSyTec, SN:1936", CH20, Binder KT053, 23°C, middle mittig,4.496006379565728
4502,TP_z18_03_2,26,ZYK, HM, TP_z18_03, z18, 21.10.23," BaSyTec, SN:1936", CH20, Binder KT053, 45°C, middle mittig,
4503,TP_z18_03_2,27,CU, HM, TP_z18_03, z18, 18.11.23," BaSyTec, SN:1936", CH20, Binder KT053, 23°C, middle mittig,4.466117920892431
4504,TP_z18_03_2,28,ZYK, HM, TP_z18_03, z18, 19.11.23," BaSyTec, SN:1936", CH20, Binder KT053, 45°C, middle mittig,
4505,TP_z18_03_2,29,CU, HM, TP_z18_03, z18, 17.12.23," BaSyTec, SN:1936", CH20, Binder KT053, 23°C, middle mittig,4.4390830800495245
4506,TP_z18_03_2,30,ZYK, HM, TP_z18_03, z18, 18.12.23," BaSyTec, SN:1936", CH20, Binder KT053, 45°C, middle mittig,
4507,TP_z18_03_2,31,exCU, HM, TP_z18_03, z18, 15.01.24," BaSyTec, SN:1936", CH20, Binder KT053, 23°C, middle mittig,4.41358473937685
4508,TP_z18_03_2,32,ZYK, HM, TP_z18_03, z18, 17.01.24," BaSyTec, SN:1936", CH20, Binder KT053, 45°C, middle mittig,
4509,TP_z18_03_2,33,AT_T10, HM, TP_z18_03, z18, 13.02.24," BaSyTec, SN:1936", CH20, Binder KT053, 10°C, middle mittig,4.294777540101801
4510,TP_z18_03_2,33,AT_T23, HM, TP_z18_03, z18, 13.02.24," BaSyTec, SN:1936", CH20, Binder KT053, 23°C, middle mittig,4.37384617518411
4511,TP_z18_03_2,33,AT_T45, HM, TP_z18_03, z18, 13.02.24," BaSyTec, SN:1936", CH20, Binder KT053, 45°C, middle mittig,4.47242008918468
4512,TP_z19_01_1,1,ET_T10, HM, HM040, z19, 01.10.21," BaSyTec, SN:1936", CH09, ATT DY200T, 10°C, bottom front left,4.799866134586187
4513,TP_z19_01_1,1,ET_T45, HM, HM040, z19, 03.10.2021," BaSyTec, SN:1936", CH09, ATT DY200T, 45°C, bottom front left,4.994064133680611
4514,TP_z19_01_1,1,ET_T23, HM, HM040, z19, 07.10.2021," BaSyTec, SN:1936", CH09, ATT DY200T, 23°C, bottom front left,4.886536532811798
4515,TP_z19_01_1,2,ZYK, HM, HM040, z19, 12.10.21," BaSyTec, SN:1936", CH09, ATT DY200T, 45°C, bottom front left,
4516,TP_z19_01_1,3,CU, HM, HM040, z19, 12.10.21," BaSyTec, SN:1936", CH09, ATT DY200T, 23°C, bottom front left,4.875368294244557
4517,TP_z19_01_1,4,ZYK, HM, HM040, z19, 20.10.21," BaSyTec, SN:1936", CH09, ATT DY200T, 45°C, bottom front left,
4518,TP_z19_01_1,5,CU, HM, HM040, z19, 27.10.21," BaSyTec, SN:1936", CH09, ATT DY200T, 23°C, bottom front left,4.8630781753513705
4519,TP_z19_01_1,6,ZYK, HM, HM040, z19, 28.10.21," BaSyTec, SN:1936", CH09, ATT DY200T, 45°C, bottom front left,
4520,TP_z19_01_1,7,exCU, HM, HM040, z19, 04.11.21," BaSyTec, SN:1936", CH09, ATT DY200T, 23°C, bottom front left,4.853220891650918
4521,TP_z19_01_1,8,ZYK, HM, HM040, z19, 06.11.21," BaSyTec, SN:1936", CH09, ATT DY200T, 45°C, bottom front left,
4522,TP_z19_01_1,9,CU, HM, HM040, z19, 20.11.21," BaSyTec, SN:1936", CH09, ATT DY200T, 23°C, bottom front left,4.83096538236515
4523,TP_z19_01_1,10,ZYK, HM, HM040, z19, 21.11.21," BaSyTec, SN:1936", CH09, ATT DY200T, 45°C, bottom front left,
4524,TP_z19_01_1,11,CU, HM, HM040, z19, 05.12.21," BaSyTec, SN:1936", CH09, ATT DY200T, 23°C, bottom front left,4.81805968643628
4525,TP_z19_01_1,12,ZYK, HM, HM040, z19, 06.12.21," BaSyTec, SN:1936", CH09, ATT DY200T, 45°C, bottom front left,
4526,TP_z19_01_1,13,exCU, HM, HM040, z19, 20.12.21," BaSyTec, SN:1936", CH09, ATT DY200T, 23°C, bottom front left,4.80609972054744
4527,TP_z19_01_1,14,ZYK, HM, HM040, z19, 22.12.21," BaSyTec, SN:1936", CH09, ATT DY200T, 45°C, bottom front left,
4528,TP_z19_01_1,15,CU, HM, HM040, z19, 19.01.22," BaSyTec, SN:1936", CH09, ATT DY200T, 23°C, bottom front left,4.781988968807539
4529,TP_z19_01_1,16,ZYK, HM, HM040, z19, 20.01.22," BaSyTec, SN:1936.0", CH09, ATT DY200T, 45.0°C, bottom front left,
4530,TP_z19_01_1,17,CU, HM, HM040, z19, 15.02.22," BaSyTec, SN:1936.0", CH09, ATT DY200T, 23.0°C, bottom front left,4.7686210085111025
4531,TP_z19_01_1,18,ZYK, HM, HM040, z19, 16.02.22," BaSyTec, SN:1936.0", CH09, ATT DY200T, 45.0°C, bottom front left,
4532,TP_z19_01_1,19,exCU, HM, HM040, z19, 16.03.22," BaSyTec, SN:1936.0", CH09, ATT DY200T, 23.0°C, bottom front left,4.752451062992376
4533,TP_z19_01_1,20,ZYK, HM, HM040, z19, 17.03.22," BaSyTec, SN:1936.0", CH09, ATT DY200T, 45.0°C, bottom front left,
4534,TP_z19_01_1,21,CU, HM, HM040, z19, 15.04.22," BaSyTec, SN:1936.0", CH09, ATT DY200T, 23.0°C, bottom front left,4.73354941870018
4535,TP_z19_01_1,22,ZYK, HM, HM040, z19, 15.04.22," BaSyTec, SN:1936.0", CH09, ATT DY200T, 45.0°C, bottom front left,
4536,TP_z19_01_1,23,CU, HM, HM040, z19, 14.05.22," BaSyTec, SN:1936.0", CH09, ATT DY200T, 23.0°C, bottom front left,4.7211935680623265
4537,TP_z19_01_1,24,ZYK, HM, HM040, z19, 15.05.22," BaSyTec, SN:1936.0", CH09, ATT DY200T, 45.0°C, bottom front left,
4538,TP_z19_01_1,25,exCU, HM, HM040, z19, 12.06.22," BaSyTec, SN:1936.0", CH09, ATT DY200T, 23.0°C, bottom front left,4.705686407245623
4539,TP_z19_01_1,26,ZYK, HM, HM040, z19, 14.06.22," BaSyTec, SN:1936.0", CH09, ATT DY200T, 45.0°C, bottom front left,
4540,TP_z19_01_1,27,CU, HM, HM040, z19, 13.07.22," BaSyTec, SN:1936.0", CH09, ATT DY200T, 23.0°C, bottom front left,4.691836632009766
4541,TP_z19_01_1,28,ZYK, HM, HM040, z19, 13.07.22," BaSyTec, SN:1936.0", CH09, ATT DY200T, 45.0°C, bottom front left,
4542,TP_z19_01_1,29,CU, HM, HM040, z19, 11.08.22," BaSyTec, SN:1936.0", CH09, ATT DY200T, 23.0°C, bottom front left,4.676085927291492
4543,TP_z19_01_1,30,ZYK, HM, HM040, z19, 12.08.22," BaSyTec, SN:1936.0", CH09, ATT DY200T, 45.0°C, bottom front left,
4544,TP_z19_01_1,31,AT_T45, HM, HM040, z19, 12.09.2022," BaSyTec, SN:1936", CH09, ATT DY200T, 45°C, bottom front left,4.6921183685174945
4545,TP_z19_01_1,31,AT_T23, HM, HM040, z19, 12.09.2022," BaSyTec, SN:1936", CH09, ATT DY200T, 23°C, bottom front left,4.6118956177183765
4546,TP_z19_01_1,31,AT_T10, HM, HM040, z19, 12.09.2022," BaSyTec, SN:1936", CH09, ATT DY200T, 10°C, bottom front left,4.5838211672211955
4547,TP_z19_01_2,1,ET_T10, HM, TP_z19_01, z19, 02.02.23," BaSyTec, SN:1937", CH06/CH07, ATT DY200T, 10°C, top rear mittig,4.742795537544474
4548,TP_z19_01_2,1,ET_T45, HM, TP_z19_01, z19, 04.02.2023," BaSyTec, SN:1937", CH06/CH07, ATT DY200T, 45°C, top rear mittig,4.956065996084861
4549,TP_z19_01_2,1,ET_T23, HM, TP_z19_01, z19, 07.02.2023," BaSyTec, SN:1937", CH06/CH07, ATT DY200T, 23°C, top rear mittig,4.865692954225782
4550,TP_z19_01_2,2,ZYK, HM, TP_z19_01, z19, 12.02.23," BaSyTec, SN:1937", CH06/CH07, ATT DY200T, 45°C, top rear mittig,
4551,TP_z19_01_2,3,CU, HM, TP_z19_01, z19, 19.02.23," BaSyTec, SN:1937", CH06/CH07, ATT DY200T, 23°C, top rear mittig,4.807879613158617
4552,TP_z19_01_2,4,ZYK, HM, TP_z19_01, z19, 20.02.23," BaSyTec, SN:1937", CH06/CH07, ATT DY200T, 45°C, top rear mittig,
4553,TP_z19_01_2,5,CU, HM, TP_z19_01, z19, 27.02.23," BaSyTec, SN:1937", CH06/CH07, ATT DY200T, 23°C, top rear mittig,4.7664668988433885
4554,TP_z19_01_2,6,ZYK, HM, TP_z19_01, z19, 28.02.23," BaSyTec, SN:1937", CH06/CH07, ATT DY200T, 45°C, top rear mittig,
4555,TP_z19_01_2,7,exCU, HM, TP_z19_01, z19, 07.03.23," BaSyTec, SN:1937", CH06/CH07, ATT DY200T, 23°C, top rear mittig,4.738789471827393
4556,TP_z19_01_2,8,ZYK, HM, TP_z19_01, z19, 09.03.23," BaSyTec, SN:1937", CH06/CH07, ATT DY200T, 45°C, top rear mittig,
4557,TP_z19_01_2,9,CU, HM, TP_z19_01, z19, 22.03.23," BaSyTec, SN:1937", CH06/CH07, ATT DY200T, 23°C, top rear mittig,4.698174455452304
4558,TP_z19_01_2,10,ZYK, HM, TP_z19_01, z19, 24.03.23," BaSyTec, SN:1937", CH06/CH07, ATT DY200T, 45°C, top rear mittig,
4559,TP_z19_01_2,11,CU, HM, TP_z19_01, z19, 07.04.23," BaSyTec, SN:1937", CH06/CH07, ATT DY200T, 23°C, top rear mittig,4.6665846270931155
4560,TP_z19_01_2,12,ZYK, HM, TP_z19_01, z19, 08.04.23," BaSyTec, SN:1937", CH06/CH07, ATT DY200T, 45°C, top rear mittig,
4561,TP_z19_01_2,13,exCU, HM, TP_z19_01, z19, 22.04.23," BaSyTec, SN:1937", CH06/CH07, ATT DY200T, 23°C, top rear mittig,4.644733855945676
4562,TP_z19_01_2,15,CU, HM, TP_z19_01, z19, 10.05.23," BaSyTec, SN:1937", CH06/CH07, ATT DY200T, 23°C, top rear mittig,4.602292979261744
4563,TP_z19_01_2,16,ZYK, HM, TP_z19_01, z19, 11.05.23," BaSyTec, SN:1937", CH06/CH07, ATT DY200T, 45°C, top rear mittig,
4564,TP_z19_01_2,17,CU, HM, TP_z19_01, z19, 08.06.23," BaSyTec, SN:1937", CH06/CH07, ATT DY200T, 23°C, top rear mittig,4.567212645759179
4565,TP_z19_01_2,18,ZYK, HM, TP_z19_01, z19, 09.06.23," BaSyTec, SN:1937", CH06/CH07, ATT DY200T, 45°C, top rear mittig,
4566,TP_z19_01_2,19,CU, HM, TP_z19_01, z19, 07.07.23," BaSyTec, SN:1937", CH06/CH07, ATT DY200T, 23°C, top rear mittig,4.52523896543461
4567,TP_z19_01_2,20,ZYK, HM, TP_z19_01, z19, 08.07.23," BaSyTec, SN:1937", CH06/CH07, ATT DY200T, 45°C, top rear mittig,
4568,TP_z19_01_2,21,exCU, HM, TP_z19_01, z19, 05.08.23," BaSyTec, SN:1937", CH06/CH07, ATT DY200T, 23°C, top rear mittig,4.4806105824393985
4569,TP_z19_01_2,22,ZYK, HM, TP_z19_01, z19, 07.08.23," BaSyTec, SN:1937", CH06/CH07, ATT DY200T, 45°C, top rear mittig,
4570,TP_z19_01_2,23,CU, HM, TP_z19_01, z19, 23.09.23," BaSyTec, SN:1937", CH06/CH07, ATT DY200T, 23°C, top rear mittig,4.43567845211545
4571,TP_z19_01_2,24,ZYK, HM, TP_z19_01, z19, 24.09.23," BaSyTec, SN:1937", CH06/CH07, ATT DY200T, 45°C, top rear mittig,
4572,TP_z19_01_2,25,CU, HM, TP_z19_01, z19, 22.10.23," BaSyTec, SN:1937", CH06/CH07, ATT DY200T, 23°C, top rear mittig,4.394438283336147
4573,TP_z19_01_2,26,ZYK, HM, TP_z19_01, z19, 23.10.23," BaSyTec, SN:1937", CH06/CH07, ATT DY200T, 45°C, top rear mittig,
4574,TP_z19_01_2,27,exCU, HM, TP_z19_01, z19, 21.11.23," BaSyTec, SN:1937", CH06/CH07, ATT DY200T, 23°C, top rear mittig,4.3607283311437115
4575,TP_z19_01_2,28,ZYK, HM, TP_z19_01, z19, 23.11.23," BaSyTec, SN:1937", CH06/CH07, ATT DY200T, 45°C, top rear mittig,
4576,TP_z19_01_2,29,CU, HM, TP_z19_01, z19, 21.12.23," BaSyTec, SN:1937", CH06/CH07, ATT DY200T, 23°C, top rear mittig,4.308683884511225
4577,TP_z19_01_2,30,ZYK, HM, TP_z19_01, z19, 22.12.23," BaSyTec, SN:1937", CH06/CH07, ATT DY200T, 45°C, top rear mittig,
4578,TP_z19_01_2,31,CU, HM, TP_z19_01, z19, 22.10.222.12.233," BaSyTec, SN:1937", CH06/CH07, ATT DY200T, 23°C, top rear mittig,4.2627593167051465
4579,TP_z19_01_2,32,ZYK, HM, TP_z19_01, z19, 20.01.24," BaSyTec, SN:1937", CH06/CH07, ATT DY200T, 45°C, top rear mittig,
4580,TP_z19_01_2,33,AT_T23, HM, TP_z19_01, z19, 13.02.24," BaSyTec, SN:1937", CH06/CH07, ATT DY200T, 23°C, top rear mittig,4.2046908903157245
4581,TP_z19_01_2,33,AT_T45, HM, TP_z19_01, z19, 13.02.24," BaSyTec, SN:1937", CH06/CH07, ATT DY200T, 45°C, top rear mittig,4.327365865315137
4582,TP_z19_01_2,33,AT_T10, HM, TP_z19_01, z19, 13.02.24," BaSyTec, SN:1937", CH06/CH07, ATT DY200T, 10°C, top rear mittig,4.184041111863547
4583,TP_z19_02_1,1,ET_T10, HM, HM041, z19, 01.10.21," BaSyTec, SN:1936", CH10, ATT DY200T, 10°C, bottom front left,4.84365316801151
4584,TP_z19_02_1,1,ET_T45, HM, HM041, z19, 03.10.2021," BaSyTec, SN:1936", CH10, ATT DY200T, 45°C, bottom front left,5.008536437296957
4585,TP_z19_02_1,1,ET_T23, HM, HM041, z19, 07.10.2021," BaSyTec, SN:1936", CH10, ATT DY200T, 23°C, bottom front left,4.904682073176971
4586,TP_z19_02_1,2,ZYK, HM, HM041, z19, 12.10.21," BaSyTec, SN:1936", CH10, ATT DY200T, 45°C, bottom front left,
4587,TP_z19_02_1,3,CU, HM, HM041, z19, 12.10.21," BaSyTec, SN:1936", CH10, ATT DY200T, 23°C, bottom front left,4.892104330880011
4588,TP_z19_02_1,4,ZYK, HM, HM041, z19, 20.10.21," BaSyTec, SN:1936", CH10, ATT DY200T, 45°C, bottom front left,
4589,TP_z19_02_1,5,CU, HM, HM041, z19, 27.10.21," BaSyTec, SN:1936", CH10, ATT DY200T, 23°C, bottom front left,4.878082619705216
4590,TP_z19_02_1,6,ZYK, HM, HM041, z19, 28.10.21," BaSyTec, SN:1936", CH10, ATT DY200T, 45°C, bottom front left,
4591,TP_z19_02_1,7,exCU, HM, HM041, z19, 04.11.21," BaSyTec, SN:1936", CH10, ATT DY200T, 23°C, bottom front left,4.866906176211926
4592,TP_z19_02_1,8,ZYK, HM, HM041, z19, 06.11.21," BaSyTec, SN:1936", CH10, ATT DY200T, 45°C, bottom front left,
4593,TP_z19_02_1,9,CU, HM, HM041, z19, 20.11.21," BaSyTec, SN:1936", CH10, ATT DY200T, 23°C, bottom front left,4.844634279653743
4594,TP_z19_02_1,10,ZYK, HM, HM041, z19, 21.11.21," BaSyTec, SN:1936", CH10, ATT DY200T, 45°C, bottom front left,
4595,TP_z19_02_1,11,CU, HM, HM041, z19, 05.12.21," BaSyTec, SN:1936", CH10, ATT DY200T, 23°C, bottom front left,4.830780756121801
4596,TP_z19_02_1,12,ZYK, HM, HM041, z19, 06.12.21," BaSyTec, SN:1936", CH10, ATT DY200T, 45°C, bottom front left,
4597,TP_z19_02_1,13,exCU, HM, HM041, z19, 20.12.21," BaSyTec, SN:1936", CH10, ATT DY200T, 23°C, bottom front left,4.8181685737449165
4598,TP_z19_02_1,14,ZYK, HM, HM041, z19, 22.12.21," BaSyTec, SN:1936", CH10, ATT DY200T, 45°C, bottom front left,
4599,TP_z19_02_1,15,CU, HM, HM041, z19, 19.01.22," BaSyTec, SN:1936", CH10, ATT DY200T, 23°C, bottom front left,4.7895231854236435
4600,TP_z19_02_1,16,ZYK, HM, HM041, z19, 20.01.22," BaSyTec, SN:1936.0", CH10, ATT DY200T, 45.0°C, bottom front left,
4601,TP_z19_02_1,17,CU, HM, HM041, z19, 15.02.22," BaSyTec, SN:1936.0", CH10, ATT DY200T, 23.0°C, bottom front left,4.7759948159055465
4602,TP_z19_02_1,18,ZYK, HM, HM041, z19, 16.02.22," BaSyTec, SN:1936.0", CH10, ATT DY200T, 45.0°C, bottom front left,
4603,TP_z19_02_1,19,exCU, HM, HM041, z19, 16.03.22," BaSyTec, SN:1936.0", CH10, ATT DY200T, 23.0°C, bottom front left,4.7588186369698695
4604,TP_z19_02_1,20,ZYK, HM, HM041, z19, 17.03.22," BaSyTec, SN:1936.0", CH10, ATT DY200T, 45.0°C, bottom front left,
4605,TP_z19_02_1,21,CU, HM, HM041, z19, 15.04.22," BaSyTec, SN:1936.0", CH10, ATT DY200T, 23.0°C, bottom front left,4.7398539970995
4606,TP_z19_02_1,22,ZYK, HM, HM041, z19, 15.04.22," BaSyTec, SN:1936.0", CH10, ATT DY200T, 45.0°C, bottom front left,
4607,TP_z19_02_1,23,CU, HM, HM041, z19, 14.05.22," BaSyTec, SN:1936.0", CH10, ATT DY200T, 23.0°C, bottom front left,4.727222746370536
4608,TP_z19_02_1,24,ZYK, HM, HM041, z19, 15.05.22," BaSyTec, SN:1936.0", CH10, ATT DY200T, 45.0°C, bottom front left,
4609,TP_z19_02_1,25,exCU, HM, HM041, z19, 12.06.22," BaSyTec, SN:1936.0", CH10, ATT DY200T, 23.0°C, bottom front left,4.712046052321135
4610,TP_z19_02_1,26,ZYK, HM, HM041, z19, 14.06.22," BaSyTec, SN:1936.0", CH10, ATT DY200T, 45.0°C, bottom front left,
4611,TP_z19_02_1,27,CU, HM, HM041, z19, 13.07.22," BaSyTec, SN:1936.0", CH10, ATT DY200T, 23.0°C, bottom front left,4.695033079758607
4612,TP_z19_02_1,28,ZYK, HM, HM041, z19, 13.07.22," BaSyTec, SN:1936.0", CH10, ATT DY200T, 45.0°C, bottom front left,
4613,TP_z19_02_1,29,CU, HM, HM041, z19, 11.08.22," BaSyTec, SN:1936.0", CH10, ATT DY200T, 23.0°C, bottom front left,4.681222060374553
4614,TP_z19_02_1,30,ZYK, HM, HM041, z19, 12.08.22," BaSyTec, SN:1936.0", CH10, ATT DY200T, 45.0°C, bottom front left,
4615,TP_z19_02_1,31,AT_T45, HM, HM041, z19, 12.09.2022," BaSyTec, SN:1936", CH10, ATT DY200T, 45°C, bottom front left,4.712428402751765
4616,TP_z19_02_1,31,AT_T23, HM, HM041, z19, 12.09.2022," BaSyTec, SN:1936", CH10, ATT DY200T, 23°C, bottom front left,4.6296608667388774
4617,TP_z19_02_1,31,AT_T10, HM, HM041, z19, 12.09.2022," BaSyTec, SN:1936", CH10, ATT DY200T, 10°C, bottom front left,4.592260894995018
4618,TP_z19_02_2,1,ET_T10, HM, TP_z19_02, z19, 02.02.23," BaSyTec, SN:1937", CH08/CH09, ATT DY200T, 10°C, top rear mittig,4.760589385092516
4619,TP_z19_02_2,1,ET_T45, HM, TP_z19_02, z19, 04.02.2023," BaSyTec, SN:1937", CH08/CH09, ATT DY200T, 45°C, top rear mittig,4.960194991819025
4620,TP_z19_02_2,1,ET_T23, HM, TP_z19_02, z19, 07.02.2023," BaSyTec, SN:1937", CH08/CH09, ATT DY200T, 23°C, top rear mittig,4.874776133802136
4621,TP_z19_02_2,2,ZYK, HM, TP_z19_02, z19, 12.02.23," BaSyTec, SN:1937", CH08/CH09, ATT DY200T, 45°C, top rear mittig,
4622,TP_z19_02_2,3,CU, HM, TP_z19_02, z19, 19.02.23," BaSyTec, SN:1937", CH08/CH09, ATT DY200T, 23°C, top rear mittig,4.806017760245607
4623,TP_z19_02_2,4,ZYK, HM, TP_z19_02, z19, 20.02.23," BaSyTec, SN:1937", CH08/CH09, ATT DY200T, 45°C, top rear mittig,
4624,TP_z19_02_2,5,CU, HM, TP_z19_02, z19, 27.02.23," BaSyTec, SN:1937", CH08/CH09, ATT DY200T, 23°C, top rear mittig,4.762342996727717
4625,TP_z19_02_2,6,ZYK, HM, TP_z19_02, z19, 28.02.23," BaSyTec, SN:1937", CH08/CH09, ATT DY200T, 45°C, top rear mittig,
4626,TP_z19_02_2,7,exCU, HM, TP_z19_02, z19, 07.03.23," BaSyTec, SN:1937", CH08/CH09, ATT DY200T, 23°C, top rear mittig,4.7316213159838725
4627,TP_z19_02_2,8,ZYK, HM, TP_z19_02, z19, 09.03.23," BaSyTec, SN:1937", CH08/CH09, ATT DY200T, 45°C, top rear mittig,
4628,TP_z19_02_2,9,CU, HM, TP_z19_02, z19, 22.03.23," BaSyTec, SN:1937", CH08/CH09, ATT DY200T, 23°C, top rear mittig,4.691642196143778
4629,TP_z19_02_2,10,ZYK, HM, TP_z19_02, z19, 24.03.23," BaSyTec, SN:1937", CH08/CH09, ATT DY200T, 45°C, top rear mittig,
4630,TP_z19_02_2,11,CU, HM, TP_z19_02, z19, 07.04.23," BaSyTec, SN:1937", CH08/CH09, ATT DY200T, 23°C, top rear mittig,4.657422251087635
4631,TP_z19_02_2,12,ZYK, HM, TP_z19_02, z19, 08.04.23," BaSyTec, SN:1937", CH08/CH09, ATT DY200T, 45°C, top rear mittig,
4632,TP_z19_02_2,13,exCU, HM, TP_z19_02, z19, 22.04.23," BaSyTec, SN:1937", CH08/CH09, ATT DY200T, 23°C, top rear mittig,4.6300522777553565
4633,TP_z19_02_2,15,CU, HM, TP_z19_02, z19, 10.05.23," BaSyTec, SN:1937", CH08/CH09, ATT DY200T, 23°C, top rear mittig,4.59448080460847
4634,TP_z19_02_2,16,ZYK, HM, TP_z19_02, z19, 11.05.23," BaSyTec, SN:1937", CH08/CH09, ATT DY200T, 45°C, top rear mittig,
4635,TP_z19_02_2,17,CU, HM, TP_z19_02, z19, 08.06.23," BaSyTec, SN:1937", CH08/CH09, ATT DY200T, 23°C, top rear mittig,4.551131161241993
4636,TP_z19_02_2,18,ZYK, HM, TP_z19_02, z19, 09.06.23," BaSyTec, SN:1937", CH08/CH09, ATT DY200T, 45°C, top rear mittig,
4637,TP_z19_02_2,19,CU, HM, TP_z19_02, z19, 07.07.23," BaSyTec, SN:1937", CH08/CH09, ATT DY200T, 23°C, top rear mittig,4.499630750478819
4638,TP_z19_02_2,20,ZYK, HM, TP_z19_02, z19, 08.07.23," BaSyTec, SN:1937", CH08/CH09, ATT DY200T, 45°C, top rear mittig,
4639,TP_z19_02_2,21,exCU, HM, TP_z19_02, z19, 05.08.23," BaSyTec, SN:1937", CH08/CH09, ATT DY200T, 23°C, top rear mittig,4.451163922399693
4640,TP_z19_02_2,22,ZYK, HM, TP_z19_02, z19, 07.08.23," BaSyTec, SN:1937", CH08/CH09, ATT DY200T, 45°C, top rear mittig,
4641,TP_z19_02_2,23,CU, HM, TP_z19_02, z19, 23.09.23," BaSyTec, SN:1937", CH08/CH09, ATT DY200T, 23°C, top rear mittig,4.404054142031195
4642,TP_z19_02_2,24,ZYK, HM, TP_z19_02, z19, 24.09.23," BaSyTec, SN:1937", CH08/CH09, ATT DY200T, 45°C, top rear mittig,
4643,TP_z19_02_2,25,CU, HM, TP_z19_02, z19, 22.10.23," BaSyTec, SN:1937", CH08/CH09, ATT DY200T, 23°C, top rear mittig,4.3579147931163
4644,TP_z19_02_2,26,ZYK, HM, TP_z19_02, z19, 23.10.23," BaSyTec, SN:1937", CH08/CH09, ATT DY200T, 45°C, top rear mittig,
4645,TP_z19_02_2,27,exCU, HM, TP_z19_02, z19, 21.11.23," BaSyTec, SN:1937", CH08/CH09, ATT DY200T, 23°C, top rear mittig,4.312455493251324
4646,TP_z19_02_2,28,ZYK, HM, TP_z19_02, z19, 23.11.23," BaSyTec, SN:1937", CH08/CH09, ATT DY200T, 45°C, top rear mittig,
4647,TP_z19_02_2,29,CU, HM, TP_z19_02, z19, 21.12.23," BaSyTec, SN:1937", CH08/CH09, ATT DY200T, 23°C, top rear mittig,4.241642983927962
4648,TP_z19_02_2,30,ZYK, HM, TP_z19_02, z19, 22.12.23," BaSyTec, SN:1937", CH08/CH09, ATT DY200T, 45°C, top rear mittig,
4649,TP_z19_02_2,31,CU, HM, TP_z19_02, z19, 19.01.24," BaSyTec, SN:1937", CH08/CH09, ATT DY200T, 23°C, top rear mittig,4.188498959452243
4650,TP_z19_02_2,32,ZYK, HM, TP_z19_02, z19, 20.01.24," BaSyTec, SN:1937", CH08/CH09, ATT DY200T, 45°C, top rear mittig,
4651,TP_z19_02_2,33,AT_T23, HM, TP_z19_02, z19, 13.02.24," BaSyTec, SN:1937", CH08/CH09, ATT DY200T, 23°C, top rear mittig,4.116712522706934
4652,TP_z19_02_2,33,AT_T45, HM, TP_z19_02, z19, 13.02.24," BaSyTec, SN:1937", CH08/CH09, ATT DY200T, 45°C, top rear mittig,4.25518815103997
4653,TP_z19_02_2,33,AT_T10, HM, TP_z19_02, z19, 13.02.24," BaSyTec, SN:1937", CH08/CH09, ATT DY200T, 10°C, top rear mittig,4.11293701651047
4654,TP_z19_03_1,1,ET_T23, HM, HM042, z19, 07.10.2021," BaSyTec, SN:1936", CH11, ATT DY200T, 23°C, bottom front mittig,4.897656880606629
4655,TP_z19_03_1,1,ET_T45, HM, HM042, z19, 03.10.2021," BaSyTec, SN:1936", CH11, ATT DY200T, 45°C, bottom front mittig,5.003832502500696
4656,TP_z19_03_1,1,ET_T10, HM, HM042, z19, 01.10.21," BaSyTec, SN:1936", CH11, ATT DY200T, 10°C, bottom front mittig,4.830684506147716
4657,TP_z19_03_1,2,ZYK, HM, HM042, z19, 12.10.21," BaSyTec, SN:1936", CH11, ATT DY200T, 45°C, bottom front mittig,
4658,TP_z19_03_1,3,CU, HM, HM042, z19, 12.10.21," BaSyTec, SN:1936", CH11, ATT DY200T, 23°C, bottom front mittig,4.89024560115516
4659,TP_z19_03_1,4,ZYK, HM, HM042, z19, 20.10.21," BaSyTec, SN:1936", CH11, ATT DY200T, 45°C, bottom front mittig,
4660,TP_z19_03_1,5,CU, HM, HM042, z19, 27.10.21," BaSyTec, SN:1936", CH11, ATT DY200T, 23°C, bottom front mittig,4.875767954124551
4661,TP_z19_03_1,6,ZYK, HM, HM042, z19, 28.10.21," BaSyTec, SN:1936", CH11, ATT DY200T, 45°C, bottom front mittig,
4662,TP_z19_03_1,7,exCU, HM, HM042, z19, 04.11.21," BaSyTec, SN:1936", CH11, ATT DY200T, 23°C, bottom front mittig,4.863975622584504
4663,TP_z19_03_1,8,ZYK, HM, HM042, z19, 06.11.21," BaSyTec, SN:1936", CH11, ATT DY200T, 45°C, bottom front mittig,
4664,TP_z19_03_1,9,CU, HM, HM042, z19, 20.11.21," BaSyTec, SN:1936", CH11, ATT DY200T, 23°C, bottom front mittig,4.844312361309483
4665,TP_z19_03_1,10,ZYK, HM, HM042, z19, 21.11.21," BaSyTec, SN:1936", CH11, ATT DY200T, 45°C, bottom front mittig,
4666,TP_z19_03_1,11,CU, HM, HM042, z19, 05.12.21," BaSyTec, SN:1936", CH11, ATT DY200T, 23°C, bottom front mittig,4.830700720276732
4667,TP_z19_03_1,12,ZYK, HM, HM042, z19, 06.12.21," BaSyTec, SN:1936", CH11, ATT DY200T, 45°C, bottom front mittig,
4668,TP_z19_03_1,13,exCU, HM, HM042, z19, 20.12.21," BaSyTec, SN:1936", CH11, ATT DY200T, 23°C, bottom front mittig,4.819137482155249
4669,TP_z19_03_1,14,ZYK, HM, HM042, z19, 22.12.21," BaSyTec, SN:1936", CH11, ATT DY200T, 45°C, bottom front mittig,
4670,TP_z19_03_1,15,CU, HM, HM042, z19, 19.01.22," BaSyTec, SN:1936", CH11, ATT DY200T, 23°C, bottom front mittig,4.790997489113188
4671,TP_z19_03_1,16,ZYK, HM, HM042, z19, 20.01.22," BaSyTec, SN:1936.0", CH11, ATT DY200T, 45.0°C, bottom front mittig,
4672,TP_z19_03_1,17,CU, HM, HM042, z19, 15.02.22," BaSyTec, SN:1936.0", CH11, ATT DY200T, 23.0°C, bottom front mittig,4.778171577077423
4673,TP_z19_03_1,18,ZYK, HM, HM042, z19, 16.02.22," BaSyTec, SN:1936.0", CH11, ATT DY200T, 45.0°C, bottom front mittig,
4674,TP_z19_03_1,19,exCU, HM, HM042, z19, 16.03.22," BaSyTec, SN:1936.0", CH11, ATT DY200T, 23.0°C, bottom front mittig,4.762151475395636
4675,TP_z19_03_1,20,ZYK, HM, HM042, z19, 17.03.22," BaSyTec, SN:1936.0", CH11, ATT DY200T, 45.0°C, bottom front mittig,
4676,TP_z19_03_1,21,CU, HM, HM042, z19, 15.04.22," BaSyTec, SN:1936.0", CH11, ATT DY200T, 23.0°C, bottom front mittig,4.7395495609962355
4677,TP_z19_03_1,22,ZYK, HM, HM042, z19, 15.04.22," BaSyTec, SN:1936.0", CH11, ATT DY200T, 45.0°C, bottom front mittig,
4678,TP_z19_03_1,23,CU, HM, HM042, z19, 14.05.22," BaSyTec, SN:1936.0", CH11, ATT DY200T, 23.0°C, bottom front mittig,4.72506256520143
4679,TP_z19_03_1,24,ZYK, HM, HM042, z19, 15.05.22," BaSyTec, SN:1936.0", CH11, ATT DY200T, 45.0°C, bottom front mittig,
4680,TP_z19_03_1,25,exCU, HM, HM042, z19, 12.06.22," BaSyTec, SN:1936.0", CH11, ATT DY200T, 23.0°C, bottom front mittig,4.708970796908412
4681,TP_z19_03_1,26,ZYK, HM, HM042, z19, 14.06.22," BaSyTec, SN:1936.0", CH11, ATT DY200T, 45.0°C, bottom front mittig,
4682,TP_z19_03_1,27,CU, HM, HM042, z19, 13.07.22," BaSyTec, SN:1936.0", CH11, ATT DY200T, 23.0°C, bottom front mittig,4.690753114917193
4683,TP_z19_03_1,28,ZYK, HM, HM042, z19, 13.07.22," BaSyTec, SN:1936.0", CH11, ATT DY200T, 45.0°C, bottom front mittig,
4684,TP_z19_03_1,29,CU, HM, HM042, z19, 11.08.22," BaSyTec, SN:1936.0", CH11, ATT DY200T, 23.0°C, bottom front mittig,4.676786819853696
4685,TP_z19_03_1,30,ZYK, HM, HM042, z19, 12.08.22," BaSyTec, SN:1936.0", CH11, ATT DY200T, 45.0°C, bottom front mittig,
4686,TP_z19_03_1,31,AT_T10, HM, HM042, z19, 12.09.2022," BaSyTec, SN:1936", CH11, ATT DY200T, 10°C, bottom front mittig,4.587555404240892
4687,TP_z19_03_1,31,AT_T23, HM, HM042, z19, 12.09.2022," BaSyTec, SN:1936", CH11, ATT DY200T, 23°C, bottom front mittig,4.624480863773467
4688,TP_z19_03_1,31,AT_T45, HM, HM042, z19, 12.09.2022," BaSyTec, SN:1936", CH11, ATT DY200T, 45°C, bottom front mittig,4.70544812382909
4689,TP_z19_03_2,1,ET_T23, HM, TP_z19_03, z19, 07.02.2023," BaSyTec, SN:1937", CH10/CH11, ATT DY200T, 23°C, top rear mittig,4.881803435153553
4690,TP_z19_03_2,1,ET_T45, HM, TP_z19_03, z19, 04.02.2023," BaSyTec, SN:1937", CH10/CH11, ATT DY200T, 45°C, top rear mittig,4.965728335767202
4691,TP_z19_03_2,1,ET_T10, HM, TP_z19_03, z19, 02.02.23," BaSyTec, SN:1937", CH10/CH11, ATT DY200T, 10°C, top rear mittig,4.777438269167427
4692,TP_z19_03_2,2,ZYK, HM, TP_z19_03, z19, 12.02.23," BaSyTec, SN:1937", CH10/CH11, ATT DY200T, 45°C, top rear mittig,
4693,TP_z19_03_2,3,CU, HM, TP_z19_03, z19, 19.02.23," BaSyTec, SN:1937", CH10/CH11, ATT DY200T, 23°C, top rear mittig,4.8105084366370345
4694,TP_z19_03_2,4,ZYK, HM, TP_z19_03, z19, 20.02.23," BaSyTec, SN:1937", CH10/CH11, ATT DY200T, 45°C, top rear mittig,
4695,TP_z19_03_2,5,CU, HM, TP_z19_03, z19, 27.02.23," BaSyTec, SN:1937", CH10/CH11, ATT DY200T, 23°C, top rear mittig,4.76704099101181
4696,TP_z19_03_2,6,ZYK, HM, TP_z19_03, z19, 28.02.23," BaSyTec, SN:1937", CH10/CH11, ATT DY200T, 45°C, top rear mittig,
4697,TP_z19_03_2,7,exCU, HM, TP_z19_03, z19, 07.03.23," BaSyTec, SN:1937", CH10/CH11, ATT DY200T, 23°C, top rear mittig,4.738694139721236
4698,TP_z19_03_2,8,ZYK, HM, TP_z19_03, z19, 09.03.23," BaSyTec, SN:1937", CH10/CH11, ATT DY200T, 45°C, top rear mittig,
4699,TP_z19_03_2,9,CU, HM, TP_z19_03, z19, 22.03.23," BaSyTec, SN:1937", CH10/CH11, ATT DY200T, 23°C, top rear mittig,4.690021451440873
4700,TP_z19_03_2,10,ZYK, HM, TP_z19_03, z19, 24.03.23," BaSyTec, SN:1937", CH10/CH11, ATT DY200T, 45°C, top rear mittig,
4701,TP_z19_03_2,11,CU, HM, TP_z19_03, z19, 07.04.23," BaSyTec, SN:1937", CH10/CH11, ATT DY200T, 23°C, top rear mittig,4.657843791255726
4702,TP_z19_03_2,12,ZYK, HM, TP_z19_03, z19, 08.04.23," BaSyTec, SN:1937", CH10/CH11, ATT DY200T, 45°C, top rear mittig,
4703,TP_z19_03_2,13,exCU, HM, TP_z19_03, z19, 22.04.23," BaSyTec, SN:1937", CH10/CH11, ATT DY200T, 23°C, top rear mittig,4.634201823864929
4704,TP_z19_03_2,15,CU, HM, TP_z19_03, z19, 10.05.23," BaSyTec, SN:1937", CH10/CH11, ATT DY200T, 23°C, top rear mittig,4.585196261983153
4705,TP_z19_03_2,16,ZYK, HM, TP_z19_03, z19, 11.05.23," BaSyTec, SN:1937", CH10/CH11, ATT DY200T, 45°C, top rear mittig,
4706,TP_z19_03_2,17,CU, HM, TP_z19_03, z19, 08.06.23," BaSyTec, SN:1937", CH10/CH11, ATT DY200T, 23°C, top rear mittig,4.554949343456243
4707,TP_z19_03_2,18,ZYK, HM, TP_z19_03, z19, 09.06.23," BaSyTec, SN:1937", CH10/CH11, ATT DY200T, 45°C, top rear mittig,
4708,TP_z19_03_2,19,CU, HM, TP_z19_03, z19, 07.07.23," BaSyTec, SN:1937", CH10/CH11, ATT DY200T, 23°C, top rear mittig,4.515947564379066
4709,TP_z19_03_2,20,ZYK, HM, TP_z19_03, z19, 08.07.23," BaSyTec, SN:1937", CH10/CH11, ATT DY200T, 45°C, top rear mittig,
4710,TP_z19_03_2,21,exCU, HM, TP_z19_03, z19, 05.08.23," BaSyTec, SN:1937", CH10/CH11, ATT DY200T, 23°C, top rear mittig,4.470947540494388
4711,TP_z19_03_2,22,ZYK, HM, TP_z19_03, z19, 07.08.23," BaSyTec, SN:1937", CH10/CH11, ATT DY200T, 45°C, top rear mittig,
4712,TP_z19_03_2,23,CU, HM, TP_z19_03, z19, 23.09.23," BaSyTec, SN:1937", CH10/CH11, ATT DY200T, 23°C, top rear mittig,4.422828537206442
4713,TP_z19_03_2,24,ZYK, HM, TP_z19_03, z19, 24.09.23," BaSyTec, SN:1937", CH10/CH11, ATT DY200T, 45°C, top rear mittig,
4714,TP_z19_03_2,25,CU, HM, TP_z19_03, z19, 22.10.23," BaSyTec, SN:1937", CH10/CH11, ATT DY200T, 23°C, top rear mittig,4.379331312673227
4715,TP_z19_03_2,26,ZYK, HM, TP_z19_03, z19, 23.10.23," BaSyTec, SN:1937", CH10/CH11, ATT DY200T, 45°C, top rear mittig,
4716,TP_z19_03_2,27,exCU, HM, TP_z19_03, z19, 21.11.23," BaSyTec, SN:1937", CH10/CH11, ATT DY200T, 23°C, top rear mittig,4.3393428861221555
4717,TP_z19_03_2,28,ZYK, HM, TP_z19_03, z19, 23.11.23," BaSyTec, SN:1937", CH10/CH11, ATT DY200T, 45°C, top rear mittig,
4718,TP_z19_03_2,29,CU, HM, TP_z19_03, z19, 21.12.23," BaSyTec, SN:1937", CH10/CH11, ATT DY200T, 23°C, top rear mittig,4.293571166870455
4719,TP_z19_03_2,30,ZYK, HM, TP_z19_03, z19, 22.12.23," BaSyTec, SN:1937", CH10/CH11, ATT DY200T, 45°C, top rear mittig,
4720,TP_z19_03_2,31,CU, HM, TP_z19_03, z19, 19.01.24," BaSyTec, SN:1937", CH10/CH11, ATT DY200T, 23°C, top rear mittig,4.253240164649535
4721,TP_z19_03_2,32,ZYK, HM, TP_z19_03, z19, 20.01.24," BaSyTec, SN:1937", CH10/CH11, ATT DY200T, 45°C, top rear mittig,
4722,TP_z19_03_2,33,AT_T10, HM, TP_z19_03, z19, 13.02.24," BaSyTec, SN:1937", CH10/CH11, ATT DY200T, 10°C, top rear mittig,4.1629090979625305
4723,TP_z19_03_2,33,AT_T45, HM, TP_z19_03, z19, 13.02.24," BaSyTec, SN:1937", CH10/CH11, ATT DY200T, 45°C, top rear mittig,4.321726394553344
4724,TP_z19_03_2,33,AT_T23, HM, TP_z19_03, z19, 13.02.24," BaSyTec, SN:1937", CH10/CH11, ATT DY200T, 23°C, top rear mittig,4.19968020005533
4725,TP_z20_01_1,1,ET_T23, HM, HM043, z20, 07.10.2021," BaSyTec, SN:1936", CH12, ATT DY200T, 23°C, bottom front mittig,4.89537152748014
4726,TP_z20_01_1,1,ET_T45, HM, HM043, z20, 03.10.2021," BaSyTec, SN:1936", CH12, ATT DY200T, 45°C, bottom front mittig,4.998197023484751
4727,TP_z20_01_1,1,ET_T10, HM, HM043, z20, 01.10.21," BaSyTec, SN:1936", CH12, ATT DY200T, 10°C, bottom front mittig,4.821871694603019
4728,TP_z20_01_1,2,ZYK, HM, HM043, z20, 12.10.21," BaSyTec, SN:1936", CH12, ATT DY200T, 45°C, bottom front mittig,
4729,TP_z20_01_1,3,CU, HM, HM043, z20, 12.10.21," BaSyTec, SN:1936", CH12, ATT DY200T, 23°C, bottom front mittig,4.827773126043266
4730,TP_z20_01_1,4,ZYK, HM, HM043, z20, 20.10.21," BaSyTec, SN:1936", CH12, ATT DY200T, 45°C, bottom front mittig,
4731,TP_z20_01_1,5,CU, HM, HM043, z20, 27.10.21," BaSyTec, SN:1936", CH12, ATT DY200T, 23°C, bottom front mittig,4.796564792486904
4732,TP_z20_01_1,6,ZYK, HM, HM043, z20, 28.10.21," BaSyTec, SN:1936", CH12, ATT DY200T, 45°C, bottom front mittig,
4733,TP_z20_01_1,7,exCU, HM, HM043, z20, 04.11.21," BaSyTec, SN:1936", CH12, ATT DY200T, 23°C, bottom front mittig,4.770890238911787
4734,TP_z20_01_1,8,ZYK, HM, HM043, z20, 06.11.21," BaSyTec, SN:1936", CH12, ATT DY200T, 45°C, bottom front mittig,
4735,TP_z20_01_1,9,CU, HM, HM043, z20, 20.11.21," BaSyTec, SN:1936", CH12, ATT DY200T, 23°C, bottom front mittig,4.731341445300593
4736,TP_z20_01_1,10,ZYK, HM, HM043, z20, 21.11.21," BaSyTec, SN:1936", CH12, ATT DY200T, 45°C, bottom front mittig,
4737,TP_z20_01_1,11,CU, HM, HM043, z20, 05.12.21," BaSyTec, SN:1936", CH12, ATT DY200T, 23°C, bottom front mittig,4.7034969208518
4738,TP_z20_01_1,12,ZYK, HM, HM043, z20, 06.12.21," BaSyTec, SN:1936", CH12, ATT DY200T, 45°C, bottom front mittig,
4739,TP_z20_01_1,13,exCU, HM, HM043, z20, 20.12.21," BaSyTec, SN:1936", CH12, ATT DY200T, 23°C, bottom front mittig,4.678839601944766
4740,TP_z20_01_1,14,ZYK, HM, HM043, z20, 22.12.21," BaSyTec, SN:1936", CH12, ATT DY200T, 45°C, bottom front mittig,
4741,TP_z20_01_1,15,CU, HM, HM043, z20, 19.01.22," BaSyTec, SN:1936", CH12, ATT DY200T, 23°C, bottom front mittig,4.634878375562735
4742,TP_z20_01_1,16,ZYK, HM, HM043, z20, 20.01.22," BaSyTec, SN:1936.0", CH12, ATT DY200T, 45.0°C, bottom front mittig,
4743,TP_z20_01_1,17,CU, HM, HM043, z20, 15.02.22," BaSyTec, SN:1936.0", CH12, ATT DY200T, 23.0°C, bottom front mittig,4.605552722709799
4744,TP_z20_01_1,18,ZYK, HM, HM043, z20, 16.02.22," BaSyTec, SN:1936.0", CH12, ATT DY200T, 45.0°C, bottom front mittig,
4745,TP_z20_01_1,19,exCU, HM, HM043, z20, 16.03.22," BaSyTec, SN:1936.0", CH12, ATT DY200T, 23.0°C, bottom front mittig,4.576103293927249
4746,TP_z20_01_1,20,ZYK, HM, HM043, z20, 17.03.22," BaSyTec, SN:1936.0", CH12, ATT DY200T, 45.0°C, bottom front mittig,
4747,TP_z20_01_1,21,CU, HM, HM043, z20, 15.04.22," BaSyTec, SN:1936.0", CH12, ATT DY200T, 23.0°C, bottom front mittig,4.552278889855634
4748,TP_z20_01_1,22,ZYK, HM, HM043, z20, 15.04.22," BaSyTec, SN:1936.0", CH12, ATT DY200T, 45.0°C, bottom front mittig,
4749,TP_z20_01_1,23,CU, HM, HM043, z20, 14.05.22," BaSyTec, SN:1936.0", CH12, ATT DY200T, 23.0°C, bottom front mittig,4.528922512666353
4750,TP_z20_01_1,24,ZYK, HM, HM043, z20, 15.05.22," BaSyTec, SN:1936.0", CH12, ATT DY200T, 45.0°C, bottom front mittig,
4751,TP_z20_01_1,25,exCU, HM, HM043, z20, 12.06.22," BaSyTec, SN:1936.0", CH12, ATT DY200T, 23.0°C, bottom front mittig,4.503925462347786
4752,TP_z20_01_1,26,ZYK, HM, HM043, z20, 14.06.22," BaSyTec, SN:1936.0", CH12, ATT DY200T, 45.0°C, bottom front mittig,
4753,TP_z20_01_1,27,CU, HM, HM043, z20, 13.07.22," BaSyTec, SN:1936.0", CH12, ATT DY200T, 23.0°C, bottom front mittig,4.482890399904794
4754,TP_z20_01_1,28,ZYK, HM, HM043, z20, 13.07.22," BaSyTec, SN:1936.0", CH12, ATT DY200T, 45.0°C, bottom front mittig,
4755,TP_z20_01_1,29,CU, HM, HM043, z20, 11.08.22," BaSyTec, SN:1936.0", CH12, ATT DY200T, 23.0°C, bottom front mittig,4.460557297171505
4756,TP_z20_01_1,30,ZYK, HM, HM043, z20, 12.08.22," BaSyTec, SN:1936.0", CH12, ATT DY200T, 45.0°C, bottom front mittig,
4757,TP_z20_01_1,31,AT_T10, HM, HM043, z20, 12.09.2022," BaSyTec, SN:1936", CH12, ATT DY200T, 10°C, bottom front mittig,4.345468933791867
4758,TP_z20_01_1,31,AT_T23, HM, HM043, z20, 12.09.2022," BaSyTec, SN:1936", CH12, ATT DY200T, 23°C, bottom front mittig,4.46050579175524
4759,TP_z20_01_1,31,AT_T45, HM, HM043, z20, 12.09.2022," BaSyTec, SN:1936", CH12, ATT DY200T, 45°C, bottom front mittig,4.536637634753048
4760,TP_z20_01_2,1,ET_T23, HM, TP_z20_01, z20, 07.02.2023," BaSyTec, SN:1937", CH12/CH13, ATT DY200T, 23°C, top rear right,4.877159262833553
4761,TP_z20_01_2,1,ET_T45, HM, TP_z20_01, z20, 04.02.2023," BaSyTec, SN:1937", CH12/CH13, ATT DY200T, 45°C, top rear right,4.960631632841152
4762,TP_z20_01_2,1,ET_T10, HM, TP_z20_01, z20, 02.02.23," BaSyTec, SN:1937", CH12/CH13, ATT DY200T, 10°C, top rear right,4.766844780970903
4763,TP_z20_01_2,2,ZYK, HM, TP_z20_01, z20, 12.02.23," BaSyTec, SN:1937", CH12/CH13, ATT DY200T, 45°C, top rear right,
4764,TP_z20_01_2,3,CU, HM, TP_z20_01, z20, 19.02.23," BaSyTec, SN:1937", CH12/CH13, ATT DY200T, 23°C, top rear right,4.74780042897636
4765,TP_z20_01_2,4,ZYK, HM, TP_z20_01, z20, 20.02.23," BaSyTec, SN:1937", CH12/CH13, ATT DY200T, 45°C, top rear right,
4766,TP_z20_01_2,5,CU, HM, TP_z20_01, z20, 27.02.23," BaSyTec, SN:1937", CH12/CH13, ATT DY200T, 23°C, top rear right,4.675182601654972
4767,TP_z20_01_2,6,ZYK, HM, TP_z20_01, z20, 28.02.23," BaSyTec, SN:1937", CH12/CH13, ATT DY200T, 45°C, top rear right,
4768,TP_z20_01_2,7,exCU, HM, TP_z20_01, z20, 07.03.23," BaSyTec, SN:1937", CH12/CH13, ATT DY200T, 23°C, top rear right,4.621554684998953
4769,TP_z20_01_2,8,ZYK, HM, TP_z20_01, z20, 09.03.23," BaSyTec, SN:1937", CH12/CH13, ATT DY200T, 45°C, top rear right,
4770,TP_z20_01_2,9,CU, HM, TP_z20_01, z20, 22.03.23," BaSyTec, SN:1937", CH12/CH13, ATT DY200T, 23°C, top rear right,4.52991815145855
4771,TP_z20_01_2,10,ZYK, HM, TP_z20_01, z20, 24.03.23," BaSyTec, SN:1937", CH12/CH13, ATT DY200T, 45°C, top rear right,
4772,TP_z20_01_2,11,CU, HM, TP_z20_01, z20, 07.04.23," BaSyTec, SN:1937", CH12/CH13, ATT DY200T, 23°C, top rear right,4.373445201378931
4773,TP_z20_01_2,12,ZYK, HM, TP_z20_01, z20, 08.04.23," BaSyTec, SN:1937", CH12/CH13, ATT DY200T, 45°C, top rear right,
4774,TP_z20_01_2,13,exCU, HM, TP_z20_01, z20, 22.04.23," BaSyTec, SN:1937", CH12/CH13, ATT DY200T, 23°C, top rear right,4.36829995726216
4775,TP_z20_01_2,14,AT_T45, HM, TP_z20_01, z20, 25.04.23," BaSyTec, SN:1936", CH26, ATT DY200T, 45°C, top rear left,
4776,TP_z20_01_2,14,AT_T23, HM, TP_z20_01, z20, 25.04.23," BaSyTec, SN:1936", CH26, ATT DY200T, 23°C, top rear left,4.2120172744699245
4777,TP_z20_01_2,14,AT_T10, HM, TP_z20_01, z20, 25.04.23," BaSyTec, SN:1936", CH26, ATT DY200T, 10°C, top rear left,
4778,TP_z20_02_1,1,ET_T23, HM, HM044, z20, 07.10.2021," BaSyTec, SN:1936", CH13, ATT DY200T, 23°C, bottom front mittig,4.858752374385753
4779,TP_z20_02_1,1,ET_T45, HM, HM044, z20, 03.10.2021," BaSyTec, SN:1936", CH13, ATT DY200T, 45°C, bottom front mittig,4.951442849967226
4780,TP_z20_02_1,1,ET_T10, HM, HM044, z20, 01.10.21," BaSyTec, SN:1936", CH13, ATT DY200T, 10°C, bottom front mittig,4.764388855992472
4781,TP_z20_02_1,2,ZYK, HM, HM044, z20, 12.10.21," BaSyTec, SN:1936", CH13, ATT DY200T, 45°C, bottom front mittig,
4782,TP_z20_02_1,3,CU, HM, HM044, z20, 12.10.21," BaSyTec, SN:1936", CH13, ATT DY200T, 23°C, bottom front mittig,4.798202413984992
4783,TP_z20_02_1,4,ZYK, HM, HM044, z20, 20.10.21," BaSyTec, SN:1936", CH13, ATT DY200T, 45°C, bottom front mittig,
4784,TP_z20_02_1,5,CU, HM, HM044, z20, 27.10.21," BaSyTec, SN:1936", CH13, ATT DY200T, 23°C, bottom front mittig,4.769933952649584
4785,TP_z20_02_1,6,ZYK, HM, HM044, z20, 28.10.21," BaSyTec, SN:1936", CH13, ATT DY200T, 45°C, bottom front mittig,
4786,TP_z20_02_1,7,exCU, HM, HM044, z20, 04.11.21," BaSyTec, SN:1936", CH13, ATT DY200T, 23°C, bottom front mittig,4.747131537641684
4787,TP_z20_02_1,8,ZYK, HM, HM044, z20, 06.11.21," BaSyTec, SN:1936", CH13, ATT DY200T, 45°C, bottom front mittig,
4788,TP_z20_02_1,9,CU, HM, HM044, z20, 20.11.21," BaSyTec, SN:1936", CH13, ATT DY200T, 23°C, bottom front mittig,4.707415854972053
4789,TP_z20_02_1,10,ZYK, HM, HM044, z20, 21.11.21," BaSyTec, SN:1936", CH13, ATT DY200T, 45°C, bottom front mittig,
4790,TP_z20_02_1,11,CU, HM, HM044, z20, 05.12.21," BaSyTec, SN:1936", CH13, ATT DY200T, 23°C, bottom front mittig,4.681610048929054
4791,TP_z20_02_1,12,ZYK, HM, HM044, z20, 06.12.21," BaSyTec, SN:1936", CH13, ATT DY200T, 45°C, bottom front mittig,
4792,TP_z20_02_1,13,exCU, HM, HM044, z20, 20.12.21," BaSyTec, SN:1936", CH13, ATT DY200T, 23°C, bottom front mittig,4.658702630574265
4793,TP_z20_02_1,14,ZYK, HM, HM044, z20, 22.12.21," BaSyTec, SN:1936", CH13, ATT DY200T, 45°C, bottom front mittig,
4794,TP_z20_02_1,15,CU, HM, HM044, z20, 19.01.22," BaSyTec, SN:1936", CH13, ATT DY200T, 23°C, bottom front mittig,4.616674212779452
4795,TP_z20_02_1,16,ZYK, HM, HM044, z20, 20.01.22," BaSyTec, SN:1936.0", CH13, ATT DY200T, 45.0°C, bottom front mittig,
4796,TP_z20_02_1,17,CU, HM, HM044, z20, 15.02.22," BaSyTec, SN:1936.0", CH13, ATT DY200T, 23.0°C, bottom front mittig,4.587491070437494
4797,TP_z20_02_1,18,ZYK, HM, HM044, z20, 16.02.22," BaSyTec, SN:1936.0", CH13, ATT DY200T, 45.0°C, bottom front mittig,
4798,TP_z20_02_1,19,exCU, HM, HM044, z20, 16.03.22," BaSyTec, SN:1936.0", CH13, ATT DY200T, 23.0°C, bottom front mittig,4.559349258782146
4799,TP_z20_02_1,20,ZYK, HM, HM044, z20, 17.03.22," BaSyTec, SN:1936.0", CH13, ATT DY200T, 45.0°C, bottom front mittig,
4800,TP_z20_02_1,21,CU, HM, HM044, z20, 15.04.22," BaSyTec, SN:1936.0", CH13, ATT DY200T, 23.0°C, bottom front mittig,4.5358845891428885
4801,TP_z20_02_1,22,ZYK, HM, HM044, z20, 15.04.22," BaSyTec, SN:1936.0", CH13, ATT DY200T, 45.0°C, bottom front mittig,
4802,TP_z20_02_1,23,CU, HM, HM044, z20, 14.05.22," BaSyTec, SN:1936.0", CH13, ATT DY200T, 23.0°C, bottom front mittig,4.512597061514667
4803,TP_z20_02_1,24,ZYK, HM, HM044, z20, 15.05.22," BaSyTec, SN:1936.0", CH13, ATT DY200T, 45.0°C, bottom front mittig,
4804,TP_z20_02_1,25,exCU, HM, HM044, z20, 12.06.22," BaSyTec, SN:1936.0", CH13, ATT DY200T, 23.0°C, bottom front mittig,4.489119177481676
4805,TP_z20_02_1,26,ZYK, HM, HM044, z20, 14.06.22," BaSyTec, SN:1936.0", CH13, ATT DY200T, 45.0°C, bottom front mittig,
4806,TP_z20_02_1,27,CU, HM, HM044, z20, 13.07.22," BaSyTec, SN:1936.0", CH13, ATT DY200T, 23.0°C, bottom front mittig,4.468032555677453
4807,TP_z20_02_1,28,ZYK, HM, HM044, z20, 13.07.22," BaSyTec, SN:1936.0", CH13, ATT DY200T, 45.0°C, bottom front mittig,
4808,TP_z20_02_1,29,CU, HM, HM044, z20, 11.08.22," BaSyTec, SN:1936.0", CH13, ATT DY200T, 23.0°C, bottom front mittig,4.444229656333468
4809,TP_z20_02_1,30,ZYK, HM, HM044, z20, 12.08.22," BaSyTec, SN:1936.0", CH13, ATT DY200T, 45.0°C, bottom front mittig,
4810,TP_z20_02_1,31,AT_T10, HM, HM044, z20, 12.09.2022," BaSyTec, SN:1936", CH13, ATT DY200T, 10°C, bottom front mittig,4.327626855763025
4811,TP_z20_02_1,31,AT_T23, HM, HM044, z20, 12.09.2022," BaSyTec, SN:1936", CH13, ATT DY200T, 23°C, bottom front mittig,4.4344348967580665
4812,TP_z20_02_1,31,AT_T45, HM, HM044, z20, 12.09.2022," BaSyTec, SN:1936", CH13, ATT DY200T, 45°C, bottom front mittig,4.5121441870377605
4813,TP_z20_02_2,1,ET_T23, HM, TP_z20_02, z20, 07.02.2023," BaSyTec, SN:1937", CH14/CH15, ATT DY200T, 23°C, top rear right,4.8406042479617994
4814,TP_z20_02_2,1,ET_T45, HM, TP_z20_02, z20, 04.02.2023," BaSyTec, SN:1937", CH14/CH15, ATT DY200T, 45°C, top rear right,4.932099875380528
4815,TP_z20_02_2,1,ET_T10, HM, TP_z20_02, z20, 02.02.23," BaSyTec, SN:1937", CH14/CH15, ATT DY200T, 10°C, top rear right,4.707827437488338
4816,TP_z20_02_2,2,ZYK, HM, TP_z20_02, z20, 12.02.23," BaSyTec, SN:1937", CH14/CH15, ATT DY200T, 45°C, top rear right,
4817,TP_z20_02_2,3,CU, HM, TP_z20_02, z20, 19.02.23," BaSyTec, SN:1937", CH14/CH15, ATT DY200T, 23°C, top rear right,4.734547223368254
4818,TP_z20_02_2,4,ZYK, HM, TP_z20_02, z20, 20.02.23," BaSyTec, SN:1937", CH14/CH15, ATT DY200T, 45°C, top rear right,
4819,TP_z20_02_2,5,CU, HM, TP_z20_02, z20, 27.02.23," BaSyTec, SN:1937", CH14/CH15, ATT DY200T, 23°C, top rear right,4.665813017027128
4820,TP_z20_02_2,6,ZYK, HM, TP_z20_02, z20, 28.02.23," BaSyTec, SN:1937", CH14/CH15, ATT DY200T, 45°C, top rear right,
4821,TP_z20_02_2,7,exCU, HM, TP_z20_02, z20, 07.03.23," BaSyTec, SN:1937", CH14/CH15, ATT DY200T, 23°C, top rear right,4.924457152205001
4822,TP_z20_02_2,8,AT_T45, HM, TP_z20_02, z20, 13.03.23," BaSyTec, SN:1936", CH26, ATT DY200T, 45°C, top rear left,
4823,TP_z20_02_2,8,AT_T23, HM, TP_z20_02, z20, 13.03.23," BaSyTec, SN:1936", CH26, ATT DY200T, 23°C, top rear left,4.598134088811569
4824,TP_z20_02_2,8,AT_T10, HM, TP_z20_02, z20, 13.03.23," BaSyTec, SN:1936", CH26, ATT DY200T, 10°C, top rear left,
4825,TP_z20_03_1,1,ET_T10, HM, HM045, z20, 01.10.21," BaSyTec, SN:1936", CH14, ATT DY200T, 10°C, bottom front mittig,4.821002998935682
4826,TP_z20_03_1,1,ET_T45, HM, HM045, z20, 03.10.2021," BaSyTec, SN:1936", CH14, ATT DY200T, 45°C, bottom front mittig,4.998333037487855
4827,TP_z20_03_1,1,ET_T23, HM, HM045, z20, 07.10.2021," BaSyTec, SN:1936", CH14, ATT DY200T, 23°C, bottom front mittig,4.896301366779014
4828,TP_z20_03_1,2,ZYK, HM, HM045, z20, 12.10.21," BaSyTec, SN:1936", CH14, ATT DY200T, 45°C, bottom front mittig,
4829,TP_z20_03_1,3,CU, HM, HM045, z20, 12.10.21," BaSyTec, SN:1936", CH14, ATT DY200T, 23°C, bottom front mittig,4.827622385229777
4830,TP_z20_03_1,4,ZYK, HM, HM045, z20, 20.10.21," BaSyTec, SN:1936", CH14, ATT DY200T, 45°C, bottom front mittig,
4831,TP_z20_03_1,5,CU, HM, HM045, z20, 27.10.21," BaSyTec, SN:1936", CH14, ATT DY200T, 23°C, bottom front mittig,4.795992601223916
4832,TP_z20_03_1,6,ZYK, HM, HM045, z20, 28.10.21," BaSyTec, SN:1936", CH14, ATT DY200T, 45°C, bottom front mittig,
4833,TP_z20_03_1,7,exCU, HM, HM045, z20, 04.11.21," BaSyTec, SN:1936", CH14, ATT DY200T, 23°C, bottom front mittig,4.767509653612416
4834,TP_z20_03_1,8,ZYK, HM, HM045, z20, 06.11.21," BaSyTec, SN:1936", CH14, ATT DY200T, 45°C, bottom front mittig,
4835,TP_z20_03_1,9,CU, HM, HM045, z20, 20.11.21," BaSyTec, SN:1936", CH14, ATT DY200T, 23°C, bottom front mittig,4.721196541094923
4836,TP_z20_03_1,10,ZYK, HM, HM045, z20, 21.11.21," BaSyTec, SN:1936", CH14, ATT DY200T, 45°C, bottom front mittig,
4837,TP_z20_03_1,11,CU, HM, HM045, z20, 05.12.21," BaSyTec, SN:1936", CH14, ATT DY200T, 23°C, bottom front mittig,4.691056862442938
4838,TP_z20_03_1,12,ZYK, HM, HM045, z20, 06.12.21," BaSyTec, SN:1936", CH14, ATT DY200T, 45°C, bottom front mittig,
4839,TP_z20_03_1,13,exCU, HM, HM045, z20, 20.12.21," BaSyTec, SN:1936", CH14, ATT DY200T, 23°C, bottom front mittig,4.665722874334996
4840,TP_z20_03_1,14,ZYK, HM, HM045, z20, 22.12.21," BaSyTec, SN:1936", CH14, ATT DY200T, 45°C, bottom front mittig,
4841,TP_z20_03_1,15,CU, HM, HM045, z20, 19.01.22," BaSyTec, SN:1936", CH14, ATT DY200T, 23°C, bottom front mittig,4.6291106661790415
4842,TP_z20_03_1,16,ZYK, HM, HM045, z20, 20.01.22," BaSyTec, SN:1936.0", CH14, ATT DY200T, 45.0°C, bottom front mittig,
4843,TP_z20_03_1,17,CU, HM, HM045, z20, 15.02.22," BaSyTec, SN:1936.0", CH14, ATT DY200T, 23.0°C, bottom front mittig,4.692543422523578
4844,TP_z20_03_1,18,ZYK, HM, HM045, z20, 16.02.22," BaSyTec, SN:1936.0", CH14, ATT DY200T, 45.0°C, bottom front mittig,
4845,TP_z20_03_1,19,exCU, HM, HM045, z20, 16.03.22," BaSyTec, SN:1936.0", CH14, ATT DY200T, 23.0°C, bottom front mittig,4.552306667528509
4846,TP_z20_03_1,20,ZYK, HM, HM045, z20, 17.03.22," BaSyTec, SN:1936.0", CH14, ATT DY200T, 45.0°C, bottom front mittig,
4847,TP_z20_03_1,21,CU, HM, HM045, z20, 15.04.22," BaSyTec, SN:1936.0", CH14, ATT DY200T, 23.0°C, bottom front mittig,4.514907251555735
4848,TP_z20_03_1,22,ZYK, HM, HM045, z20, 15.04.22," BaSyTec, SN:1936.0", CH14, ATT DY200T, 45.0°C, bottom front mittig,
4849,TP_z20_03_1,23,CU, HM, HM045, z20, 14.05.22," BaSyTec, SN:1936.0", CH14, ATT DY200T, 23.0°C, bottom front mittig,4.485112600239793
4850,TP_z20_03_1,24,ZYK, HM, HM045, z20, 15.05.22," BaSyTec, SN:1936.0", CH14, ATT DY200T, 45.0°C, bottom front mittig,
4851,TP_z20_03_1,25,exCU, HM, HM045, z20, 12.06.22," BaSyTec, SN:1936.0", CH14, ATT DY200T, 23.0°C, bottom front mittig,4.457016897464197
4852,TP_z20_03_1,26,ZYK, HM, HM045, z20, 14.06.22," BaSyTec, SN:1936.0", CH14, ATT DY200T, 45.0°C, bottom front mittig,
4853,TP_z20_03_1,27,CU, HM, HM045, z20, 13.07.22," BaSyTec, SN:1936.0", CH14, ATT DY200T, 23.0°C, bottom front mittig,4.4338135358502875
4854,TP_z20_03_1,28,ZYK, HM, HM045, z20, 13.07.22," BaSyTec, SN:1936.0", CH14, ATT DY200T, 45.0°C, bottom front mittig,
4855,TP_z20_03_1,29,CU, HM, HM045, z20, 11.08.22," BaSyTec, SN:1936.0", CH14, ATT DY200T, 23.0°C, bottom front mittig,4.409673750572434
4856,TP_z20_03_1,30,ZYK, HM, HM045, z20, 12.08.22," BaSyTec, SN:1936.0", CH14, ATT DY200T, 45.0°C, bottom front mittig,
4857,TP_z20_03_1,31,AT_T45, HM, HM045, z20, 12.09.2022," BaSyTec, SN:1936", CH14, ATT DY200T, 45°C, bottom front mittig,4.480628388599043
4858,TP_z20_03_1,31,AT_T23, HM, HM045, z20, 12.09.2022," BaSyTec, SN:1936", CH14, ATT DY200T, 23°C, bottom front mittig,4.398157314365169
4859,TP_z20_03_1,31,AT_T10, HM, HM045, z20, 12.09.2022," BaSyTec, SN:1936", CH14, ATT DY200T, 10°C, bottom front mittig,4.286816290180562
4860,TP_z20_03_2,1,ET_T10, HM, TP_z20_03, z20, 02.02.23," BaSyTec, SN:1937", CH16/CH17, ATT DY200T, 10°C, top front left,4.717894374552978
4861,TP_z20_03_2,1,ET_T45, HM, TP_z20_03, z20, 04.02.2023," BaSyTec, SN:1937", CH16/CH17, ATT DY200T, 45°C, top front left,4.94908210757051
4862,TP_z20_03_2,1,ET_T23, HM, TP_z20_03, z20, 07.02.2023," BaSyTec, SN:1937", CH16/CH17, ATT DY200T, 23°C, top front left,4.855425552994209
4863,TP_z20_03_2,2,ZYK, HM, TP_z20_03, z20, 12.02.23," BaSyTec, SN:1937", CH16/CH17, ATT DY200T, 45°C, top front left,
4864,TP_z20_03_2,3,CU, HM, TP_z20_03, z20, 19.02.23," BaSyTec, SN:1937", CH16/CH17, ATT DY200T, 23°C, top front left,4.736275993448045
4865,TP_z20_03_2,4,ZYK, HM, TP_z20_03, z20, 20.02.23," BaSyTec, SN:1937", CH16/CH17, ATT DY200T, 45°C, top front left,
4866,TP_z20_03_2,5,CU, HM, TP_z20_03, z20, 27.02.23," BaSyTec, SN:1937", CH16/CH17, ATT DY200T, 23°C, top front left,4.673748019674575
4867,TP_z20_03_2,6,ZYK, HM, TP_z20_03, z20, 28.02.23," BaSyTec, SN:1937", CH16/CH17, ATT DY200T, 45°C, top front left,
4868,TP_z20_03_2,7,exCU, HM, TP_z20_03, z20, 07.03.23," BaSyTec, SN:1937", CH16/CH17, ATT DY200T, 23°C, top front left,4.625068207626015
4869,TP_z20_03_2,8,ZYK, HM, TP_z20_03, z20, 09.03.23," BaSyTec, SN:1937", CH16/CH17, ATT DY200T, 45°C, top front left,
4870,TP_z20_03_2,9,CU, HM, TP_z20_03, z20, 22.03.23," BaSyTec, SN:1937", CH16/CH17, ATT DY200T, 23°C, top front left,4.537546725013877
4871,TP_z20_03_2,10,ZYK, HM, TP_z20_03, z20, 24.03.23," BaSyTec, SN:1937", CH16/CH17, ATT DY200T, 45°C, top front left,
4872,TP_z20_03_2,11,CU, HM, TP_z20_03, z20, 07.04.23," BaSyTec, SN:1937", CH16/CH17, ATT DY200T, 23°C, top front left,4.557385840656856
4873,TP_z20_03_2,12,ZYK, HM, TP_z20_03, z20, 08.04.23," BaSyTec, SN:1937", CH16/CH17, ATT DY200T, 45°C, top front left,
4874,TP_z20_03_2,13,exCU, HM, TP_z20_03, z20, 22.04.23," BaSyTec, SN:1937", CH16/CH17, ATT DY200T, 23°C, top front left,4.373075742991613
4875,TP_z20_03_2,14,AT_T10, HM, TP_z20_03, z20, 25.04.23," BaSyTec, SN:1936", CH27, ATT DY200T, 10°C, top rear left,
4876,TP_z20_03_2,14,AT_T23, HM, TP_z20_03, z20, 25.04.23," BaSyTec, SN:1936", CH27, ATT DY200T, 23°C, top rear left,4.242650592237499
4877,TP_z20_03_2,14,AT_T45, HM, TP_z20_03, z20, 25.04.23," BaSyTec, SN:1936", CH27, ATT DY200T, 45°C, top rear left,
4878,TP_z21_01_1,1,ET_T45, HM, HM046, z21, 03.10.2021," BaSyTec, SN:1937", CH00/CH01, ATT DY200T, 45°C, top rear left,4.978925723639045
4879,TP_z21_01_1,1,ET_T23, HM, HM046, z21, 07.10.2021," BaSyTec, SN:1937", CH00/CH01, ATT DY200T, 23°C, top rear left,4.870032535204177
4880,TP_z21_01_1,1,ET_T10, HM, HM046, z21, 01.10.21," BaSyTec, SN:1937", CH00/CH01, ATT DY200T, 10°C, top rear left,4.787686909723217
4881,TP_z21_01_1,2,ZYK, HM, HM046, z21, 12.10.21," BaSyTec, SN:1937", CH00/CH01, ATT DY200T, 45°C, top rear left,
4882,TP_z21_01_1,3,CU, HM, HM046, z21, 12.10.21," BaSyTec, SN:1937", CH00/CH01, ATT DY200T, 23°C, top rear left,4.828489706681711
4883,TP_z21_01_1,4,ZYK, HM, HM046, z21, 20.10.21," BaSyTec, SN:1937", CH00/CH01, ATT DY200T, 45°C, top rear left,
4884,TP_z21_01_1,5,CU, HM, HM046, z21, 27.10.21," BaSyTec, SN:1937", CH00/CH01, ATT DY200T, 23°C, top rear left,4.802265318813346
4885,TP_z21_01_1,6,ZYK, HM, HM046, z21, 28.10.21," BaSyTec, SN:1937", CH00/CH01, ATT DY200T, 45°C, top rear left,
4886,TP_z21_01_1,7,exCU, HM, HM046, z21, 04.11.21," BaSyTec, SN:1937", CH00/CH01, ATT DY200T, 23°C, top rear left,4.780989982885725
4887,TP_z21_01_1,8,ZYK, HM, HM046, z21, 06.11.21," BaSyTec, SN:1937", CH00/CH01, ATT DY200T, 45°C, top rear left,
4888,TP_z21_01_1,9,CU, HM, HM046, z21, 20.11.21," BaSyTec, SN:1937", CH00/CH01, ATT DY200T, 23°C, top rear left,4.743604862417507
4889,TP_z21_01_1,10,ZYK, HM, HM046, z21, 21.11.21," BaSyTec, SN:1937", CH00/CH01, ATT DY200T, 45°C, top rear left,
4890,TP_z21_01_1,11,CU, HM, HM046, z21, 05.12.21," BaSyTec, SN:1937", CH00/CH01, ATT DY200T, 23°C, top rear left,4.718313029029204
4891,TP_z21_01_1,12,ZYK, HM, HM046, z21, 06.12.21," BaSyTec, SN:1937", CH00/CH01, ATT DY200T, 45°C, top rear left,
4892,TP_z21_01_1,13,exCU, HM, HM046, z21, 20.12.21," BaSyTec, SN:1937", CH00/CH01, ATT DY200T, 23°C, top rear left,4.695666044743232
4893,TP_z21_01_1,14,ZYK, HM, HM046, z21, 22.12.21," BaSyTec, SN:1937", CH00/CH01, ATT DY200T, 45°C, top rear left,
4894,TP_z21_01_1,15,CU, HM, HM046, z21, 19.01.22," BaSyTec, SN:1937", CH00/CH01, ATT DY200T, 23°C, top rear left,4.657764639818927
4895,TP_z21_01_1,16,ZYK, HM, HM046, z21, 20.01.22," BaSyTec, SN:1937.0", CH00/CH01, ATT DY200T, 45.0°C, top rear left,
4896,TP_z21_01_1,17,CU, HM, HM046, z21, 15.02.22," BaSyTec, SN:1937.0", CH00/CH01, ATT DY200T, 23.0°C, top rear left,4.6289366639913485
4897,TP_z21_01_1,18,ZYK, HM, HM046, z21, 16.02.22," BaSyTec, SN:1937.0", CH00/CH01, ATT DY200T, 45.0°C, top rear left,
4898,TP_z21_01_1,19,exCU, HM, HM046, z21, 16.03.22," BaSyTec, SN:1937.0", CH00/CH01, ATT DY200T, 23.0°C, top rear left,4.599410459252496
4899,TP_z21_01_1,20,ZYK, HM, HM046, z21, 17.03.22," BaSyTec, SN:1937.0", CH00/CH01, ATT DY200T, 45.0°C, top rear left,
4900,TP_z21_01_1,21,CU, HM, HM046, z21, 15.04.22," BaSyTec, SN:1937.0", CH00/CH01, ATT DY200T, 23.0°C, top rear left,4.572278318479331
4901,TP_z21_01_1,22,ZYK, HM, HM046, z21, 15.04.22," BaSyTec, SN:1937.0", CH00/CH01, ATT DY200T, 45.0°C, top rear left,
4902,TP_z21_01_1,23,CU, HM, HM046, z21, 14.05.22," BaSyTec, SN:1937.0", CH00/CH01, ATT DY200T, 23.0°C, top rear left,4.547672436242036
4903,TP_z21_01_1,24,ZYK, HM, HM046, z21, 15.05.22," BaSyTec, SN:1937.0", CH00/CH01, ATT DY200T, 45.0°C, top rear left,
4904,TP_z21_01_1,25,exCU, HM, HM046, z21, 12.06.22," BaSyTec, SN:1937.0", CH00/CH01, ATT DY200T, 23.0°C, top rear left,4.524000081552853
4905,TP_z21_01_1,26,ZYK, HM, HM046, z21, 14.06.22," BaSyTec, SN:1937.0", CH00/CH01, ATT DY200T, 45.0°C, top rear left,
4906,TP_z21_01_1,27,CU, HM, HM046, z21, 13.07.22," BaSyTec, SN:1937.0", CH00/CH01, ATT DY200T, 23.0°C, top rear left,4.498258110782005
4907,TP_z21_01_1,28,ZYK, HM, HM046, z21, 13.07.22," BaSyTec, SN:1937.0", CH00/CH01, ATT DY200T, 45.0°C, top rear left,
4908,TP_z21_01_1,29,CU, HM, HM046, z21, 11.08.22," BaSyTec, SN:1937.0", CH00/CH01, ATT DY200T, 23.0°C, top rear left,4.476159873807163
4909,TP_z21_01_1,30,ZYK, HM, HM046, z21, 12.08.22," BaSyTec, SN:1937.0", CH00/CH01, ATT DY200T, 45.0°C, top rear left,
4910,TP_z21_01_1,31,AT_T10, HM, HM046, z21, 12.09.2022," BaSyTec, SN:1937", CH00/CH01, ATT DY200T, 10°C, top rear left,4.363811438811415
4911,TP_z21_01_1,31,AT_T45, HM, HM046, z21, 12.09.2022," BaSyTec, SN:1937", CH00/CH01, ATT DY200T, 45°C, top rear left,4.533904720964987
4912,TP_z21_01_1,31,AT_T23, HM, HM046, z21, 12.09.2022," BaSyTec, SN:1937", CH00/CH01, ATT DY200T, 23°C, top rear left,4.449039485629085
4913,TP_z21_01_2,1,ET_T45, HM, TP_z21_01, z21, 04.02.2023," BaSyTec, SN:1936", CH21, Binder KT053, 45°C, middle mittig,4.964146026529352
4914,TP_z21_01_2,1,ET_T23, HM, TP_z21_01, z21, 07.02.2023," BaSyTec, SN:1936", CH21, Binder KT053, 23°C, middle mittig,4.886408707448051
4915,TP_z21_01_2,1,ET_T10, HM, TP_z21_01, z21, 02.02.23," BaSyTec, SN:1936", CH21, Binder KT053, 10°C, middle mittig,4.78704649338183
4916,TP_z21_01_2,2,ZYK, HM, TP_z21_01, z21, 12.02.23," BaSyTec, SN:1936", CH21, Binder KT053, 45°C, middle mittig,
4917,TP_z21_01_2,3,CU, HM, TP_z21_01, z21, 19.02.23," BaSyTec, SN:1936", CH21, Binder KT053, 23°C, middle mittig,4.844577690291181
4918,TP_z21_01_2,4,ZYK, HM, TP_z21_01, z21, 20.02.23," BaSyTec, SN:1936", CH21, Binder KT053, 45°C, middle mittig,
4919,TP_z21_01_2,5,CU, HM, TP_z21_01, z21, 27.02.23," BaSyTec, SN:1936", CH21, Binder KT053, 23°C, middle mittig,4.812117208010461
4920,TP_z21_01_2,6,ZYK, HM, TP_z21_01, z21, 28.02.23," BaSyTec, SN:1936", CH21, Binder KT053, 45°C, middle mittig,
4921,TP_z21_01_2,7,exCU, HM, TP_z21_01, z21, 07.03.23," BaSyTec, SN:1936", CH21, Binder KT053, 23°C, middle mittig,4.783714200933618
4922,TP_z21_01_2,8,ZYK, HM, TP_z21_01, z21, 09.03.23," BaSyTec, SN:1936", CH21, Binder KT053, 45°C, middle mittig,
4923,TP_z21_01_2,9,CU, HM, TP_z21_01, z21, 22.03.23," BaSyTec, SN:1936", CH21, Binder KT053, 23°C, middle mittig,4.751992152180703
4924,TP_z21_01_2,10,ZYK, HM, TP_z21_01, z21, 24.03.23," BaSyTec, SN:1936", CH21, Binder KT053, 45°C, middle mittig,
4925,TP_z21_01_2,11,CU, HM, TP_z21_01, z21, 07.04.23," BaSyTec, SN:1936", CH21, Binder KT053, 23°C, middle mittig,4.73135049688803
4926,TP_z21_01_2,12,ZYK, HM, TP_z21_01, z21, 08.04.23," BaSyTec, SN:1936", CH21, Binder KT053, 45°C, middle mittig,
4927,TP_z21_01_2,13,exCU, HM, TP_z21_01, z21, 22.04.23," BaSyTec, SN:1936", CH21, Binder KT053, 23°C, middle mittig,4.708668841678063
4928,TP_z21_01_2,14,ZYK, HM, TP_z21_01, z21, 24.04.23," BaSyTec, SN:1936", CH21, Binder KT053, 23°C, middle mittig,
4929,TP_z21_01_2,15,CU, HM, TP_z21_01, z21, 22.05.23," BaSyTec, SN:1936", CH21, Binder KT053, 23°C, middle mittig,4.662917681283423
4930,TP_z21_01_2,16,ZYK, HM, TP_z21_01, z21, 23.05.23," BaSyTec, SN:1936", CH21, Binder KT053, 45°C, middle mittig,
4931,TP_z21_01_2,17,CU, HM, TP_z21_01, z21, 08.06.23," BaSyTec, SN:1936", CH21, Binder KT053, 23°C, middle mittig,4.629705697375299
4932,TP_z21_01_2,18,ZYK, HM, TP_z21_01, z21, 21.06.23," BaSyTec, SN:1936", CH21, Binder KT053, 45°C, middle mittig,
4933,TP_z21_01_2,19,exCU, HM, TP_z21_01, z21, 07.07.23," BaSyTec, SN:1936", CH21, Binder KT053, 23°C, middle mittig,4.598458995750246
4934,TP_z21_01_2,20,ZYK, HM, TP_z21_01, z21, 21.07.23," BaSyTec, SN:1936", CH21, Binder KT053, 45°C, middle mittig,
4935,TP_z21_01_2,21,CU, HM, TP_z21_01, z21, 05.08.23," BaSyTec, SN:1936", CH21, Binder KT053, 23°C, middle mittig,4.567148746660017
4936,TP_z21_01_2,22,ZYK, HM, TP_z21_01, z21, 19.08.23," BaSyTec, SN:1936", CH21, Binder KT053, 45°C, middle mittig,
4937,TP_z21_01_2,23,CU, HM, TP_z21_01, z21, 23.09.23," BaSyTec, SN:1936", CH21, Binder KT053, 23°C, middle mittig,4.536516543642261
4938,TP_z21_01_2,24,ZYK, HM, TP_z21_01, z21, 21.09.23," BaSyTec, SN:1936", CH21, Binder KT053, 45°C, middle mittig,
4939,TP_z21_01_2,25,exCU, HM, TP_z21_01, z21, 22.10.23," BaSyTec, SN:1936", CH21, Binder KT053, 23°C, middle mittig,4.509317802523232
4940,TP_z21_01_2,26,ZYK, HM, TP_z21_01, z21, 21.10.23," BaSyTec, SN:1936", CH21, Binder KT053, 45°C, middle mittig,
4941,TP_z21_01_2,27,CU, HM, TP_z21_01, z21, 21.11.23," BaSyTec, SN:1936", CH21, Binder KT053, 23°C, middle mittig,4.480681443121224
4942,TP_z21_01_2,28,ZYK, HM, TP_z21_01, z21, 19.11.23," BaSyTec, SN:1936", CH21, Binder KT053, 45°C, middle mittig,
4943,TP_z21_01_2,29,CU, HM, TP_z21_01, z21, 21.12.23," BaSyTec, SN:1936", CH21, Binder KT053, 23°C, middle mittig,4.453748080005989
4944,TP_z21_01_2,30,ZYK, HM, TP_z21_01, z21, 18.12.23," BaSyTec, SN:1936", CH21, Binder KT053, 45°C, middle mittig,
4945,TP_z21_01_2,31,exCU, HM, TP_z21_01, z21, 19.01.24," BaSyTec, SN:1936", CH21, Binder KT053, 23°C, middle mittig,4.429385259550417
4946,TP_z21_01_2,32,ZYK, HM, TP_z21_01, z21, 17.01.24," BaSyTec, SN:1936", CH21, Binder KT053, 45°C, middle mittig,
4947,TP_z21_01_2,33,AT_T10, HM, TP_z21_01, z21, 13.02.24," BaSyTec, SN:1936", CH21, Binder KT053, 10°C, middle mittig,4.302857478888906
4948,TP_z21_01_2,33,AT_T23, HM, TP_z21_01, z21, 13.02.24," BaSyTec, SN:1936", CH21, Binder KT053, 23°C, middle mittig,4.392052170495592
4949,TP_z21_01_2,33,AT_T45, HM, TP_z21_01, z21, 13.02.24," BaSyTec, SN:1936", CH21, Binder KT053, 45°C, middle mittig,4.491542749254469
4950,TP_z21_02_1,1,ET_T45, HM, HM047, z21, 03.10.2021," BaSyTec, SN:1937", CH02/CH03, ATT DY200T, 45°C, top rear left,4.991851409162317
4951,TP_z21_02_1,1,ET_T23, HM, HM047, z21, 07.10.2021," BaSyTec, SN:1937", CH02/CH03, ATT DY200T, 23°C, top rear left,4.882468129926412
4952,TP_z21_02_1,1,ET_T10, HM, HM047, z21, 01.10.21," BaSyTec, SN:1937", CH02/CH03, ATT DY200T, 10°C, top rear left,4.827015924356883
4953,TP_z21_02_1,2,ZYK, HM, HM047, z21, 12.10.21," BaSyTec, SN:1937", CH02/CH03, ATT DY200T, 45°C, top rear left,
4954,TP_z21_02_1,3,CU, HM, HM047, z21, 12.10.21," BaSyTec, SN:1937", CH02/CH03, ATT DY200T, 23°C, top rear left,4.843651488126827
4955,TP_z21_02_1,4,ZYK, HM, HM047, z21, 20.10.21," BaSyTec, SN:1937", CH02/CH03, ATT DY200T, 45°C, top rear left,
4956,TP_z21_02_1,5,CU, HM, HM047, z21, 27.10.21," BaSyTec, SN:1937", CH02/CH03, ATT DY200T, 23°C, top rear left,4.816620753628964
4957,TP_z21_02_1,6,ZYK, HM, HM047, z21, 28.10.21," BaSyTec, SN:1937", CH02/CH03, ATT DY200T, 45°C, top rear left,
4958,TP_z21_02_1,7,exCU, HM, HM047, z21, 04.11.21," BaSyTec, SN:1937", CH02/CH03, ATT DY200T, 23°C, top rear left,4.794770275425769
4959,TP_z21_02_1,8,ZYK, HM, HM047, z21, 06.11.21," BaSyTec, SN:1937", CH02/CH03, ATT DY200T, 45°C, top rear left,
4960,TP_z21_02_1,9,CU, HM, HM047, z21, 20.11.21," BaSyTec, SN:1937", CH02/CH03, ATT DY200T, 23°C, top rear left,4.756380055441561
4961,TP_z21_02_1,10,ZYK, HM, HM047, z21, 21.11.21," BaSyTec, SN:1937", CH02/CH03, ATT DY200T, 45°C, top rear left,
4962,TP_z21_02_1,11,CU, HM, HM047, z21, 05.12.21," BaSyTec, SN:1937", CH02/CH03, ATT DY200T, 23°C, top rear left,4.729931159910735
4963,TP_z21_02_1,12,ZYK, HM, HM047, z21, 06.12.21," BaSyTec, SN:1937", CH02/CH03, ATT DY200T, 45°C, top rear left,
4964,TP_z21_02_1,13,exCU, HM, HM047, z21, 20.12.21," BaSyTec, SN:1937", CH02/CH03, ATT DY200T, 23°C, top rear left,4.705940426040044
4965,TP_z21_02_1,14,ZYK, HM, HM047, z21, 22.12.21," BaSyTec, SN:1937", CH02/CH03, ATT DY200T, 45°C, top rear left,
4966,TP_z21_02_1,15,CU, HM, HM047, z21, 19.01.22," BaSyTec, SN:1937", CH02/CH03, ATT DY200T, 23°C, top rear left,4.665319381312399
4967,TP_z21_02_1,16,ZYK, HM, HM047, z21, 20.01.22," BaSyTec, SN:1937.0", CH02/CH03, ATT DY200T, 45.0°C, top rear left,
4968,TP_z21_02_1,17,CU, HM, HM047, z21, 15.02.22," BaSyTec, SN:1937.0", CH02/CH03, ATT DY200T, 23.0°C, top rear left,4.637057026410201
4969,TP_z21_02_1,18,ZYK, HM, HM047, z21, 16.02.22," BaSyTec, SN:1937.0", CH02/CH03, ATT DY200T, 45.0°C, top rear left,
4970,TP_z21_02_1,19,exCU, HM, HM047, z21, 16.03.22," BaSyTec, SN:1937.0", CH02/CH03, ATT DY200T, 23.0°C, top rear left,4.607148655811933
4971,TP_z21_02_1,20,ZYK, HM, HM047, z21, 17.03.22," BaSyTec, SN:1937.0", CH02/CH03, ATT DY200T, 45.0°C, top rear left,
4972,TP_z21_02_1,21,CU, HM, HM047, z21, 15.04.22," BaSyTec, SN:1937.0", CH02/CH03, ATT DY200T, 23.0°C, top rear left,4.580305105637521
4973,TP_z21_02_1,22,ZYK, HM, HM047, z21, 15.04.22," BaSyTec, SN:1937.0", CH02/CH03, ATT DY200T, 45.0°C, top rear left,
4974,TP_z21_02_1,23,CU, HM, HM047, z21, 14.05.22," BaSyTec, SN:1937.0", CH02/CH03, ATT DY200T, 23.0°C, top rear left,4.554894660552833
4975,TP_z21_02_1,24,ZYK, HM, HM047, z21, 15.05.22," BaSyTec, SN:1937.0", CH02/CH03, ATT DY200T, 45.0°C, top rear left,
4976,TP_z21_02_1,25,exCU, HM, HM047, z21, 12.06.22," BaSyTec, SN:1937.0", CH02/CH03, ATT DY200T, 23.0°C, top rear left,4.530016875313928
4977,TP_z21_02_1,26,ZYK, HM, HM047, z21, 14.06.22," BaSyTec, SN:1937.0", CH02/CH03, ATT DY200T, 45.0°C, top rear left,
4978,TP_z21_02_1,27,CU, HM, HM047, z21, 13.07.22," BaSyTec, SN:1937.0", CH02/CH03, ATT DY200T, 23.0°C, top rear left,4.503614346312282
4979,TP_z21_02_1,28,ZYK, HM, HM047, z21, 13.07.22," BaSyTec, SN:1937.0", CH02/CH03, ATT DY200T, 45.0°C, top rear left,
4980,TP_z21_02_1,29,CU, HM, HM047, z21, 11.08.22," BaSyTec, SN:1937.0", CH02/CH03, ATT DY200T, 23.0°C, top rear left,4.4812732313289505
4981,TP_z21_02_1,30,ZYK, HM, HM047, z21, 12.08.22," BaSyTec, SN:1937.0", CH02/CH03, ATT DY200T, 45.0°C, top rear left,
4982,TP_z21_02_1,31,AT_T10, HM, HM047, z21, 12.09.2022," BaSyTec, SN:1937", CH02/CH03, ATT DY200T, 10°C, top rear left,4.366032837500674
4983,TP_z21_02_1,31,AT_T45, HM, HM047, z21, 12.09.2022," BaSyTec, SN:1937", CH02/CH03, ATT DY200T, 45°C, top rear left,4.542766001537907
4984,TP_z21_02_1,31,AT_T23, HM, HM047, z21, 12.09.2022," BaSyTec, SN:1937", CH02/CH03, ATT DY200T, 23°C, top rear left,4.451022660902653
4985,TP_z21_02_2,1,ET_T45, HM, TP_z21_02, z21, 04.02.2023," BaSyTec, SN:1936", CH22, Binder KT053, 45°C, middle right,4.9579849716562245
4986,TP_z21_02_2,1,ET_T23, HM, TP_z21_02, z21, 07.02.2023," BaSyTec, SN:1936", CH22, Binder KT053, 23°C, middle right,4.8767636742157805
4987,TP_z21_02_2,1,ET_T10, HM, TP_z21_02, z21, 02.02.23," BaSyTec, SN:1936", CH22, Binder KT053, 10°C, middle right,4.777361826769415
4988,TP_z21_02_2,2,ZYK, HM, TP_z21_02, z21, 12.02.23," BaSyTec, SN:1936", CH22, Binder KT053, 45°C, middle right,
4989,TP_z21_02_2,3,CU, HM, TP_z21_02, z21, 19.02.23," BaSyTec, SN:1936", CH22, Binder KT053, 23°C, middle right,4.835896524131736
4990,TP_z21_02_2,4,ZYK, HM, TP_z21_02, z21, 20.02.23," BaSyTec, SN:1936", CH22, Binder KT053, 45°C, middle right,
4991,TP_z21_02_2,5,CU, HM, TP_z21_02, z21, 27.02.23," BaSyTec, SN:1936", CH22, Binder KT053, 23°C, middle right,4.805679248416656
4992,TP_z21_02_2,6,ZYK, HM, TP_z21_02, z21, 28.02.23," BaSyTec, SN:1936", CH22, Binder KT053, 45°C, middle right,
4993,TP_z21_02_2,7,exCU, HM, TP_z21_02, z21, 07.03.23," BaSyTec, SN:1936", CH22, Binder KT053, 23°C, middle right,4.777446579673628
4994,TP_z21_02_2,8,ZYK, HM, TP_z21_02, z21, 09.03.23," BaSyTec, SN:1936", CH22, Binder KT053, 45°C, middle right,
4995,TP_z21_02_2,9,CU, HM, TP_z21_02, z21, 22.03.23," BaSyTec, SN:1936", CH22, Binder KT053, 23°C, middle right,4.7481175571743135
4996,TP_z21_02_2,10,ZYK, HM, TP_z21_02, z21, 24.03.23," BaSyTec, SN:1936", CH22, Binder KT053, 45°C, middle right,
4997,TP_z21_02_2,11,CU, HM, TP_z21_02, z21, 07.04.23," BaSyTec, SN:1936", CH22, Binder KT053, 23°C, middle right,4.725922110874663
4998,TP_z21_02_2,12,ZYK, HM, TP_z21_02, z21, 08.04.23," BaSyTec, SN:1936", CH22, Binder KT053, 45°C, middle right,
4999,TP_z21_02_2,13,exCU, HM, TP_z21_02, z21, 22.04.23," BaSyTec, SN:1936", CH22, Binder KT053, 23°C, middle right,4.704134993428104
5000,TP_z21_02_2,14,ZYK, HM, TP_z21_02, z21, 24.04.23," BaSyTec, SN:1936", CH22, Binder KT053, 23°C, middle right,
5001,TP_z21_02_2,15,CU, HM, TP_z21_02, z21, 22.05.23," BaSyTec, SN:1936", CH22, Binder KT053, 23°C, middle right,4.657724169922334
5002,TP_z21_02_2,16,ZYK, HM, TP_z21_02, z21, 23.05.23," BaSyTec, SN:1936", CH22, Binder KT053, 45°C, middle right,
5003,TP_z21_02_2,17,CU, HM, TP_z21_02, z21, 08.06.23," BaSyTec, SN:1936", CH22, Binder KT053, 23°C, middle right,4.628178907715311
5004,TP_z21_02_2,18,ZYK, HM, TP_z21_02, z21, 21.06.23," BaSyTec, SN:1936", CH22, Binder KT053, 45°C, middle right,
5005,TP_z21_02_2,19,exCU, HM, TP_z21_02, z21, 07.07.23," BaSyTec, SN:1936", CH22, Binder KT053, 23°C, middle right,4.5964848179916125
5006,TP_z21_02_2,20,ZYK, HM, TP_z21_02, z21, 21.07.23," BaSyTec, SN:1936", CH22, Binder KT053, 45°C, middle right,
5007,TP_z21_02_2,21,CU, HM, TP_z21_02, z21, 05.08.23," BaSyTec, SN:1936", CH22, Binder KT053, 23°C, middle right,4.566281294813531
5008,TP_z21_02_2,22,ZYK, HM, TP_z21_02, z21, 19.08.23," BaSyTec, SN:1936", CH22, Binder KT053, 45°C, middle right,
5009,TP_z21_02_2,23,CU, HM, TP_z21_02, z21, 23.09.23," BaSyTec, SN:1936", CH22, Binder KT053, 23°C, middle right,4.533561752210261
5010,TP_z21_02_2,24,ZYK, HM, TP_z21_02, z21, 21.09.23," BaSyTec, SN:1936", CH22, Binder KT053, 45°C, middle right,
5011,TP_z21_02_2,25,exCU, HM, TP_z21_02, z21, 22.10.23," BaSyTec, SN:1936", CH22, Binder KT053, 23°C, middle right,4.50707605085886
5012,TP_z21_02_2,26,ZYK, HM, TP_z21_02, z21, 21.10.23," BaSyTec, SN:1936", CH22, Binder KT053, 45°C, middle right,
5013,TP_z21_02_2,27,CU, HM, TP_z21_02, z21, 21.11.23," BaSyTec, SN:1936", CH22, Binder KT053, 23°C, middle right,4.478650753148848
5014,TP_z21_02_2,28,ZYK, HM, TP_z21_02, z21, 19.11.23," BaSyTec, SN:1936", CH22, Binder KT053, 45°C, middle right,
5015,TP_z21_02_2,29,CU, HM, TP_z21_02, z21, 21.12.23," BaSyTec, SN:1936", CH22, Binder KT053, 23°C, middle right,4.449447394475011
5016,TP_z21_02_2,30,ZYK, HM, TP_z21_02, z21, 18.12.23," BaSyTec, SN:1936", CH22, Binder KT053, 45°C, middle right,
5017,TP_z21_02_2,31,exCU, HM, TP_z21_02, z21, 19.01.24," BaSyTec, SN:1936", CH22, Binder KT053, 23°C, middle right,4.421298775560386
5018,TP_z21_02_2,32,ZYK, HM, TP_z21_02, z21, 17.01.24," BaSyTec, SN:1936", CH22, Binder KT053, 45°C, middle right,
5019,TP_z21_02_2,33,AT_T10, HM, TP_z21_02, z21, 13.02.24," BaSyTec, SN:1936", CH22, Binder KT053, 10°C, middle right,4.3160924764715425
5020,TP_z21_02_2,33,AT_T23, HM, TP_z21_02, z21, 13.02.24," BaSyTec, SN:1936", CH22, Binder KT053, 23°C, middle right,4.3843554606362645
5021,TP_z21_02_2,33,AT_T45, HM, TP_z21_02, z21, 13.02.24," BaSyTec, SN:1936", CH22, Binder KT053, 45°C, middle right,4.483718531568757
5022,TP_z21_03_1,1,ET_T10, HM, HM048, z21, 01.10.21," BaSyTec, SN:1937", CH04/CH05, ATT DY200T, 10°C, top rear left,4.864851529868566
5023,TP_z21_03_1,1,ET_T23, HM, HM048, z21, 07.10.2021," BaSyTec, SN:1937", CH04/CH05, ATT DY200T, 23°C, top rear left,4.898592303579683
5024,TP_z21_03_1,1,ET_T45, HM, HM048, z21, 03.10.2021," BaSyTec, SN:1937", CH04/CH05, ATT DY200T, 45°C, top rear left,5.009755922715665
5025,TP_z21_03_1,2,ZYK, HM, HM048, z21, 12.10.21," BaSyTec, SN:1937", CH04/CH05, ATT DY200T, 45°C, top rear left,
5026,TP_z21_03_1,3,CU, HM, HM048, z21, 12.10.21," BaSyTec, SN:1937", CH04/CH05, ATT DY200T, 23°C, top rear left,4.857556918525743
5027,TP_z21_03_1,4,ZYK, HM, HM048, z21, 20.10.21," BaSyTec, SN:1937", CH04/CH05, ATT DY200T, 45°C, top rear left,
5028,TP_z21_03_1,5,CU, HM, HM048, z21, 27.10.21," BaSyTec, SN:1937", CH04/CH05, ATT DY200T, 23°C, top rear left,4.8300733533045435
5029,TP_z21_03_1,6,ZYK, HM, HM048, z21, 28.10.21," BaSyTec, SN:1937", CH04/CH05, ATT DY200T, 45°C, top rear left,
5030,TP_z21_03_1,7,exCU, HM, HM048, z21, 04.11.21," BaSyTec, SN:1937", CH04/CH05, ATT DY200T, 23°C, top rear left,4.8071028533242455
5031,TP_z21_03_1,8,ZYK, HM, HM048, z21, 06.11.21," BaSyTec, SN:1937", CH04/CH05, ATT DY200T, 45°C, top rear left,
5032,TP_z21_03_1,9,CU, HM, HM048, z21, 20.11.21," BaSyTec, SN:1937", CH04/CH05, ATT DY200T, 23°C, top rear left,4.766264104517598
5033,TP_z21_03_1,10,ZYK, HM, HM048, z21, 21.11.21," BaSyTec, SN:1937", CH04/CH05, ATT DY200T, 45°C, top rear left,
5034,TP_z21_03_1,11,CU, HM, HM048, z21, 05.12.21," BaSyTec, SN:1937", CH04/CH05, ATT DY200T, 23°C, top rear left,4.740150684973102
5035,TP_z21_03_1,12,ZYK, HM, HM048, z21, 06.12.21," BaSyTec, SN:1937", CH04/CH05, ATT DY200T, 45°C, top rear left,
5036,TP_z21_03_1,13,exCU, HM, HM048, z21, 20.12.21," BaSyTec, SN:1937", CH04/CH05, ATT DY200T, 23°C, top rear left,4.716177852277355
5037,TP_z21_03_1,14,ZYK, HM, HM048, z21, 22.12.21," BaSyTec, SN:1937", CH04/CH05, ATT DY200T, 45°C, top rear left,
5038,TP_z21_03_1,15,CU, HM, HM048, z21, 19.01.22," BaSyTec, SN:1937", CH04/CH05, ATT DY200T, 23°C, top rear left,4.6755809510761015
5039,TP_z21_03_1,16,ZYK, HM, HM048, z21, 20.01.22," BaSyTec, SN:1937.0", CH04/CH05, ATT DY200T, 45.0°C, top rear left,
5040,TP_z21_03_1,17,CU, HM, HM048, z21, 15.02.22," BaSyTec, SN:1937.0", CH04/CH05, ATT DY200T, 23.0°C, top rear left,4.646357368253175
5041,TP_z21_03_1,18,ZYK, HM, HM048, z21, 16.02.22," BaSyTec, SN:1937.0", CH04/CH05, ATT DY200T, 45.0°C, top rear left,
5042,TP_z21_03_1,19,exCU, HM, HM048, z21, 16.03.22," BaSyTec, SN:1937.0", CH04/CH05, ATT DY200T, 23.0°C, top rear left,4.615550531870712
5043,TP_z21_03_1,20,ZYK, HM, HM048, z21, 17.03.22," BaSyTec, SN:1937.0", CH04/CH05, ATT DY200T, 45.0°C, top rear left,
5044,TP_z21_03_1,21,CU, HM, HM048, z21, 15.04.22," BaSyTec, SN:1937.0", CH04/CH05, ATT DY200T, 23.0°C, top rear left,4.588045293540299
5045,TP_z21_03_1,22,ZYK, HM, HM048, z21, 15.04.22," BaSyTec, SN:1937.0", CH04/CH05, ATT DY200T, 45.0°C, top rear left,
5046,TP_z21_03_1,23,CU, HM, HM048, z21, 14.05.22," BaSyTec, SN:1937.0", CH04/CH05, ATT DY200T, 23.0°C, top rear left,4.563409880222333
5047,TP_z21_03_1,24,ZYK, HM, HM048, z21, 15.05.22," BaSyTec, SN:1937.0", CH04/CH05, ATT DY200T, 45.0°C, top rear left,
5048,TP_z21_03_1,25,exCU, HM, HM048, z21, 12.06.22," BaSyTec, SN:1937.0", CH04/CH05, ATT DY200T, 23.0°C, top rear left,4.538776290844746
5049,TP_z21_03_1,26,ZYK, HM, HM048, z21, 14.06.22," BaSyTec, SN:1937.0", CH04/CH05, ATT DY200T, 45.0°C, top rear left,
5050,TP_z21_03_1,27,CU, HM, HM048, z21, 13.07.22," BaSyTec, SN:1937.0", CH04/CH05, ATT DY200T, 23.0°C, top rear left,4.511026591878806
5051,TP_z21_03_1,28,ZYK, HM, HM048, z21, 13.07.22," BaSyTec, SN:1937.0", CH04/CH05, ATT DY200T, 45.0°C, top rear left,
5052,TP_z21_03_1,29,CU, HM, HM048, z21, 11.08.22," BaSyTec, SN:1937.0", CH04/CH05, ATT DY200T, 23.0°C, top rear left,4.488180851334681
5053,TP_z21_03_1,30,ZYK, HM, HM048, z21, 12.08.22," BaSyTec, SN:1937.0", CH04/CH05, ATT DY200T, 45.0°C, top rear left,
5054,TP_z21_03_1,31,AT_T23, HM, HM048, z21, 12.09.2022," BaSyTec, SN:1937", CH04/CH05, ATT DY200T, 23°C, top rear left,4.46226865590659
5055,TP_z21_03_1,31,AT_T45, HM, HM048, z21, 12.09.2022," BaSyTec, SN:1937", CH04/CH05, ATT DY200T, 45°C, top rear left,4.548259638105684
5056,TP_z21_03_1,31,AT_T10, HM, HM048, z21, 12.09.2022," BaSyTec, SN:1937", CH04/CH05, ATT DY200T, 10°C, top rear left,4.374399771314967
5057,TP_z21_03_2,1,ET_T10, HM, TP_z21_03, z21, 02.02.23," BaSyTec, SN:1936", CH23, Binder KT053, 10°C, middle right,4.732567155627974
5058,TP_z21_03_2,1,ET_T23, HM, TP_z21_03, z21, 07.02.2023," BaSyTec, SN:1936", CH23, Binder KT053, 23°C, middle right,4.860363799020639
5059,TP_z21_03_2,1,ET_T45, HM, TP_z21_03, z21, 04.02.2023," BaSyTec, SN:1936", CH23, Binder KT053, 45°C, middle right,4.948256598702722
5060,TP_z21_03_2,2,ZYK, HM, TP_z21_03, z21, 12.02.23," BaSyTec, SN:1936", CH23, Binder KT053, 45°C, middle right,
5061,TP_z21_03_2,3,CU, HM, TP_z21_03, z21, 19.02.23," BaSyTec, SN:1936", CH23, Binder KT053, 23°C, middle right,4.825681363049162
5062,TP_z21_03_2,4,ZYK, HM, TP_z21_03, z21, 20.02.23," BaSyTec, SN:1936", CH23, Binder KT053, 45°C, middle right,
5063,TP_z21_03_2,5,CU, HM, TP_z21_03, z21, 27.02.23," BaSyTec, SN:1936", CH23, Binder KT053, 23°C, middle right,4.786311260239753
5064,TP_z21_03_2,6,ZYK, HM, TP_z21_03, z21, 28.02.23," BaSyTec, SN:1936", CH23, Binder KT053, 45°C, middle right,
5065,TP_z21_03_2,7,exCU, HM, TP_z21_03, z21, 07.03.23," BaSyTec, SN:1936", CH23, Binder KT053, 23°C, middle right,4.766317425545573
5066,TP_z21_03_2,8,ZYK, HM, TP_z21_03, z21, 09.03.23," BaSyTec, SN:1936", CH23, Binder KT053, 45°C, middle right,
5067,TP_z21_03_2,9,CU, HM, TP_z21_03, z21, 22.03.23," BaSyTec, SN:1936", CH23, Binder KT053, 23°C, middle right,4.72939428380189
5068,TP_z21_03_2,10,ZYK, HM, TP_z21_03, z21, 24.03.23," BaSyTec, SN:1936", CH23, Binder KT053, 45°C, middle right,
5069,TP_z21_03_2,11,CU, HM, TP_z21_03, z21, 07.04.23," BaSyTec, SN:1936", CH23, Binder KT053, 23°C, middle right,4.7161697150113255
5070,TP_z21_03_2,12,ZYK, HM, TP_z21_03, z21, 08.04.23," BaSyTec, SN:1936", CH23, Binder KT053, 45°C, middle right,
5071,TP_z21_03_2,13,exCU, HM, TP_z21_03, z21, 22.04.23," BaSyTec, SN:1936", CH23, Binder KT053, 23°C, middle right,4.696502994001303
5072,TP_z21_03_2,14,ZYK, HM, TP_z21_03, z21, 24.04.23," BaSyTec, SN:1936", CH23, Binder KT053, 23°C, middle right,
5073,TP_z21_03_2,15,CU, HM, TP_z21_03, z21, 22.05.23," BaSyTec, SN:1936", CH23, Binder KT053, 23°C, middle right,4.652061125220202
5074,TP_z21_03_2,16,ZYK, HM, TP_z21_03, z21, 23.05.23," BaSyTec, SN:1936", CH23, Binder KT053, 45°C, middle right,
5075,TP_z21_03_2,17,CU, HM, TP_z21_03, z21, 08.06.23," BaSyTec, SN:1936", CH23, Binder KT053, 23°C, middle right,4.61391144666806
5076,TP_z21_03_2,18,ZYK, HM, TP_z21_03, z21, 21.06.23," BaSyTec, SN:1936", CH23, Binder KT053, 45°C, middle right,
5077,TP_z21_03_2,19,exCU, HM, TP_z21_03, z21, 07.07.23," BaSyTec, SN:1936", CH23, Binder KT053, 23°C, middle right,4.58512056352159
5078,TP_z21_03_2,20,ZYK, HM, TP_z21_03, z21, 21.07.23," BaSyTec, SN:1936", CH23, Binder KT053, 45°C, middle right,
5079,TP_z21_03_2,21,CU, HM, TP_z21_03, z21, 05.08.23," BaSyTec, SN:1936", CH23, Binder KT053, 23°C, middle right,4.554936346056999
5080,TP_z21_03_2,22,ZYK, HM, TP_z21_03, z21, 19.08.23," BaSyTec, SN:1936", CH23, Binder KT053, 45°C, middle right,
5081,TP_z21_03_2,23,CU, HM, TP_z21_03, z21, 23.09.23," BaSyTec, SN:1936", CH23, Binder KT053, 23°C, middle right,4.5295183888182375
5082,TP_z21_03_2,24,ZYK, HM, TP_z21_03, z21, 21.09.23," BaSyTec, SN:1936", CH23, Binder KT053, 45°C, middle right,
5083,TP_z21_03_2,25,exCU, HM, TP_z21_03, z21, 22.10.23," BaSyTec, SN:1936", CH23, Binder KT053, 23°C, middle right,4.5011453074215595
5084,TP_z21_03_2,26,ZYK, HM, TP_z21_03, z21, 21.10.23," BaSyTec, SN:1936", CH23, Binder KT053, 45°C, middle right,
5085,TP_z21_03_2,27,CU, HM, TP_z21_03, z21, 21.11.23," BaSyTec, SN:1936", CH23, Binder KT053, 23°C, middle right,4.472407192124228
5086,TP_z21_03_2,28,ZYK, HM, TP_z21_03, z21, 19.11.23," BaSyTec, SN:1936", CH23, Binder KT053, 45°C, middle right,
5087,TP_z21_03_2,29,CU, HM, TP_z21_03, z21, 21.12.23," BaSyTec, SN:1936", CH23, Binder KT053, 23°C, middle right,4.446263831452936
5088,TP_z21_03_2,30,ZYK, HM, TP_z21_03, z21, 18.12.23," BaSyTec, SN:1936", CH23, Binder KT053, 45°C, middle right,
5089,TP_z21_03_2,31,exCU, HM, TP_z21_03, z21, 19.01.24," BaSyTec, SN:1936", CH23, Binder KT053, 23°C, middle right,4.417909546596486
5090,TP_z21_03_2,32,ZYK, HM, TP_z21_03, z21, 17.01.24," BaSyTec, SN:1936", CH23, Binder KT053, 45°C, middle right,
5091,TP_z21_03_2,33,AT_T45, HM, TP_z21_03, z21, 13.02.24," BaSyTec, SN:1936", CH23, Binder KT053, 45°C, middle right,4.480644748662792
5092,TP_z21_03_2,33,AT_T23, HM, TP_z21_03, z21, 13.02.24," BaSyTec, SN:1936", CH23, Binder KT053, 23°C, middle right,4.380915496237856
5093,TP_z21_03_2,33,AT_T10, HM, TP_z21_03, z21, 13.02.24," BaSyTec, SN:1936", CH23, Binder KT053, 10°C, middle right,4.293401767581676
5094,TP_z22_01_1,1,ET_T10, HM, HM049, z22, 01.10.21," BaSyTec, SN:1937", CH06/CH07, ATT DY200T, 10°C, top rear mittig,4.773037833745403
5095,TP_z22_01_1,1,ET_T23, HM, HM049, z22, 07.10.2021," BaSyTec, SN:1937", CH06/CH07, ATT DY200T, 23°C, top rear mittig,4.831198876671067
5096,TP_z22_01_1,1,ET_T45, HM, HM049, z22, 03.10.2021," BaSyTec, SN:1937", CH06/CH07, ATT DY200T, 45°C, top rear mittig,4.933611917856934
5097,TP_z22_01_1,2,ZYK, HM, HM049, z22, 12.10.21," BaSyTec, SN:1937", CH06/CH07, ATT DY200T, 45°C, top rear mittig,
5098,TP_z22_01_1,3,CU, HM, HM049, z22, 12.10.21," BaSyTec, SN:1937", CH06/CH07, ATT DY200T, 23°C, top rear mittig,4.795894814850109
5099,TP_z22_01_1,4,ZYK, HM, HM049, z22, 20.10.21," BaSyTec, SN:1937", CH06/CH07, ATT DY200T, 45°C, top rear mittig,
5100,TP_z22_01_1,5,CU, HM, HM049, z22, 27.10.21," BaSyTec, SN:1937", CH06/CH07, ATT DY200T, 23°C, top rear mittig,4.766641972674757
5101,TP_z22_01_1,6,ZYK, HM, HM049, z22, 28.10.21," BaSyTec, SN:1937", CH06/CH07, ATT DY200T, 45°C, top rear mittig,
5102,TP_z22_01_1,7,exCU, HM, HM049, z22, 04.11.21," BaSyTec, SN:1937", CH06/CH07, ATT DY200T, 23°C, top rear mittig,4.742987002470953
5103,TP_z22_01_1,8,ZYK, HM, HM049, z22, 06.11.21," BaSyTec, SN:1937", CH06/CH07, ATT DY200T, 45°C, top rear mittig,
5104,TP_z22_01_1,9,CU, HM, HM049, z22, 20.11.21," BaSyTec, SN:1937", CH06/CH07, ATT DY200T, 23°C, top rear mittig,4.705563908129682
5105,TP_z22_01_1,10,ZYK, HM, HM049, z22, 21.11.21," BaSyTec, SN:1937", CH06/CH07, ATT DY200T, 45°C, top rear mittig,
5106,TP_z22_01_1,11,CU, HM, HM049, z22, 05.12.21," BaSyTec, SN:1937", CH06/CH07, ATT DY200T, 23°C, top rear mittig,4.677250423251461
5107,TP_z22_01_1,12,ZYK, HM, HM049, z22, 06.12.21," BaSyTec, SN:1937", CH06/CH07, ATT DY200T, 45°C, top rear mittig,
5108,TP_z22_01_1,13,exCU, HM, HM049, z22, 20.12.21," BaSyTec, SN:1937", CH06/CH07, ATT DY200T, 23°C, top rear mittig,4.651488723228964
5109,TP_z22_01_1,14,ZYK, HM, HM049, z22, 22.12.21," BaSyTec, SN:1937", CH06/CH07, ATT DY200T, 45°C, top rear mittig,
5110,TP_z22_01_1,15,CU, HM, HM049, z22, 19.01.22," BaSyTec, SN:1937", CH06/CH07, ATT DY200T, 23°C, top rear mittig,4.602140776733622
5111,TP_z22_01_1,16,ZYK, HM, HM049, z22, 20.01.22," BaSyTec, SN:1937.0", CH06/CH07, ATT DY200T, 45.0°C, top rear mittig,
5112,TP_z22_01_1,17,CU, HM, HM049, z22, 15.02.22," BaSyTec, SN:1937.0", CH06/CH07, ATT DY200T, 23.0°C, top rear mittig,4.563692884164153
5113,TP_z22_01_1,18,ZYK, HM, HM049, z22, 16.02.22," BaSyTec, SN:1937.0", CH06/CH07, ATT DY200T, 45.0°C, top rear mittig,
5114,TP_z22_01_1,19,exCU, HM, HM049, z22, 16.03.22," BaSyTec, SN:1937.0", CH06/CH07, ATT DY200T, 23.0°C, top rear mittig,4.519574342322931
5115,TP_z22_01_1,20,ZYK, HM, HM049, z22, 17.03.22," BaSyTec, SN:1937.0", CH06/CH07, ATT DY200T, 45.0°C, top rear mittig,
5116,TP_z22_01_1,21,CU, HM, HM049, z22, 15.04.22," BaSyTec, SN:1937.0", CH06/CH07, ATT DY200T, 23.0°C, top rear mittig,4.475769310908061
5117,TP_z22_01_1,22,ZYK, HM, HM049, z22, 15.04.22," BaSyTec, SN:1937.0", CH06/CH07, ATT DY200T, 45.0°C, top rear mittig,
5118,TP_z22_01_1,23,CU, HM, HM049, z22, 14.05.22," BaSyTec, SN:1937.0", CH06/CH07, ATT DY200T, 23.0°C, top rear mittig,4.438445596193263
5119,TP_z22_01_1,24,ZYK, HM, HM049, z22, 15.05.22," BaSyTec, SN:1937.0", CH06/CH07, ATT DY200T, 45.0°C, top rear mittig,
5120,TP_z22_01_1,25,exCU, HM, HM049, z22, 12.06.22," BaSyTec, SN:1937.0", CH06/CH07, ATT DY200T, 23.0°C, top rear mittig,4.398938173277351
5121,TP_z22_01_1,26,ZYK, HM, HM049, z22, 14.06.22," BaSyTec, SN:1937.0", CH06/CH07, ATT DY200T, 45.0°C, top rear mittig,
5122,TP_z22_01_1,27,CU, HM, HM049, z22, 13.07.22," BaSyTec, SN:1937.0", CH06/CH07, ATT DY200T, 23.0°C, top rear mittig,4.362768604339164
5123,TP_z22_01_1,28,ZYK, HM, HM049, z22, 13.07.22," BaSyTec, SN:1937.0", CH06/CH07, ATT DY200T, 45.0°C, top rear mittig,
5124,TP_z22_01_1,29,CU, HM, HM049, z22, 11.08.22," BaSyTec, SN:1937.0", CH06/CH07, ATT DY200T, 23.0°C, top rear mittig,4.322784037587707
5125,TP_z22_01_1,30,ZYK, HM, HM049, z22, 12.08.22," BaSyTec, SN:1937.0", CH06/CH07, ATT DY200T, 45.0°C, top rear mittig,
5126,TP_z22_01_1,31,AT_T23, HM, HM049, z22, 12.09.2022," BaSyTec, SN:1937", CH06/CH07, ATT DY200T, 23°C, top rear mittig,4.254346016948013
5127,TP_z22_01_1,31,AT_T45, HM, HM049, z22, 12.09.2022," BaSyTec, SN:1937", CH06/CH07, ATT DY200T, 45°C, top rear mittig,4.352651446450592
5128,TP_z22_01_1,31,AT_T10, HM, HM049, z22, 12.09.2022," BaSyTec, SN:1937", CH06/CH07, ATT DY200T, 10°C, top rear mittig,4.282427628164808
5129,TP_z22_01_2,1,ET_T10, HM, TP_z22_01, z22, 02.02.23," BaSyTec, SN:1936", CH24, ATT DY200T, 10°C, bottom front left,4.732406181563654
5130,TP_z22_01_2,1,ET_T23, HM, TP_z22_01, z22, 07.02.2023," BaSyTec, SN:1936", CH24, ATT DY200T, 23°C, bottom front left,4.860227015271013
5131,TP_z22_01_2,1,ET_T45, HM, TP_z22_01, z22, 04.02.2023," BaSyTec, SN:1936", CH24, ATT DY200T, 45°C, bottom front left,4.949026789007208
5132,TP_z22_01_2,2,ZYK, HM, TP_z22_01, z22, 12.02.23," BaSyTec, SN:1936", CH24, ATT DY200T, 45°C, bottom front left,
5133,TP_z22_01_2,3,CU, HM, TP_z22_01, z22, 19.02.23," BaSyTec, SN:1936", CH24, ATT DY200T, 23°C, bottom front left,4.821017831656464
5134,TP_z22_01_2,4,ZYK, HM, TP_z22_01, z22, 20.02.23," BaSyTec, SN:1936", CH24, ATT DY200T, 45°C, bottom front left,
5135,TP_z22_01_2,5,CU, HM, TP_z22_01, z22, 27.02.23," BaSyTec, SN:1936", CH24, ATT DY200T, 23°C, bottom front left,4.780943496308021
5136,TP_z22_01_2,6,ZYK, HM, TP_z22_01, z22, 28.02.23," BaSyTec, SN:1936", CH24, ATT DY200T, 45°C, bottom front left,
5137,TP_z22_01_2,7,exCU, HM, TP_z22_01, z22, 07.03.23," BaSyTec, SN:1936", CH24, ATT DY200T, 23°C, bottom front left,4.760118335417955
5138,TP_z22_01_2,8,ZYK, HM, TP_z22_01, z22, 09.03.23," BaSyTec, SN:1936", CH24, ATT DY200T, 45°C, bottom front left,
5139,TP_z22_01_2,9,CU, HM, TP_z22_01, z22, 22.03.23," BaSyTec, SN:1936", CH24, ATT DY200T, 23°C, bottom front left,4.723533923120669
5140,TP_z22_01_2,10,ZYK, HM, TP_z22_01, z22, 24.03.23," BaSyTec, SN:1936", CH24, ATT DY200T, 45°C, bottom front left,
5141,TP_z22_01_2,11,CU, HM, TP_z22_01, z22, 07.04.23," BaSyTec, SN:1936", CH24, ATT DY200T, 23°C, bottom front left,4.7070818667463925
5142,TP_z22_01_2,12,ZYK, HM, TP_z22_01, z22, 08.04.23," BaSyTec, SN:1936", CH24, ATT DY200T, 45°C, bottom front left,
5143,TP_z22_01_2,13,exCU, HM, TP_z22_01, z22, 22.04.23," BaSyTec, SN:1936", CH24, ATT DY200T, 23°C, bottom front left,4.68802679554291
5144,TP_z22_01_2,15,CU, HM, TP_z22_01, z22, 10.05.23," BaSyTec, SN:1936", CH24, ATT DY200T, 23°C, bottom front left,4.648819870638393
5145,TP_z22_01_2,16,ZYK, HM, TP_z22_01, z22, 11.05.23," BaSyTec, SN:1936", CH24, ATT DY200T, 45°C, bottom front left,
5146,TP_z22_01_2,17,CU, HM, TP_z22_01, z22, 20.06.23," BaSyTec, SN:1936", CH24, ATT DY200T, 23°C, bottom front left,4.627862372521904
5147,TP_z22_01_2,18,ZYK, HM, TP_z22_01, z22, 09.06.23," BaSyTec, SN:1936", CH24, ATT DY200T, 45°C, bottom front left,
5148,TP_z22_01_2,19,CU, HM, TP_z22_01, z22, 19.07.23," BaSyTec, SN:1936", CH24, ATT DY200T, 23°C, bottom front left,4.603018568107216
5149,TP_z22_01_2,20,ZYK, HM, TP_z22_01, z22, 08.07.23," BaSyTec, SN:1936", CH24, ATT DY200T, 45°C, bottom front left,
5150,TP_z22_01_2,21,exCU, HM, TP_z22_01, z22, 18.08.23," BaSyTec, SN:1936", CH24, ATT DY200T, 23°C, bottom front left,4.576976584951323
5151,TP_z22_01_2,22,ZYK, HM, TP_z22_01, z22, 07.08.23," BaSyTec, SN:1936", CH24, ATT DY200T, 45°C, bottom front left,
5152,TP_z22_01_2,23,CU, HM, TP_z22_01, z22, 20.09.23," BaSyTec, SN:1936", CH24, ATT DY200T, 23°C, bottom front left,4.53450878700146
5153,TP_z22_01_2,24,ZYK, HM, TP_z22_01, z22, 24.09.23," BaSyTec, SN:1936", CH24, ATT DY200T, 45°C, bottom front left,
5154,TP_z22_01_2,25,CU, HM, TP_z22_01, z22, 19.10.23," BaSyTec, SN:1936", CH24, ATT DY200T, 23°C, bottom front left,4.504562407533546
5155,TP_z22_01_2,26,ZYK, HM, TP_z22_01, z22, 23.10.23," BaSyTec, SN:1936", CH24, ATT DY200T, 45°C, bottom front left,
5156,TP_z22_01_2,27,exCU, HM, TP_z22_01, z22, 18.11.23," BaSyTec, SN:1936", CH24, ATT DY200T, 23°C, bottom front left,4.485579256294152
5157,TP_z22_01_2,28,ZYK, HM, TP_z22_01, z22, 23.11.23," BaSyTec, SN:1936", CH24, ATT DY200T, 45°C, bottom front left,
5158,TP_z22_01_2,29,CU, HM, TP_z22_01, z22, 17.12.23," BaSyTec, SN:1936", CH24, ATT DY200T, 23°C, bottom front left,4.450467214489014
5159,TP_z22_01_2,30,ZYK, HM, TP_z22_01, z22, 22.12.23," BaSyTec, SN:1936", CH24, ATT DY200T, 45°C, bottom front left,
5160,TP_z22_01_2,31,CU, HM, TP_z22_01, z22, 15.01.24," BaSyTec, SN:1936", CH24, ATT DY200T, 23°C, bottom front left,4.424384497622422
5161,TP_z22_01_2,32,ZYK, HM, TP_z22_01, z22, 20.01.24," BaSyTec, SN:1936", CH24, ATT DY200T, 45°C, bottom front left,
5162,TP_z22_01_2,33,AT_T45, HM, TP_z22_01, z22, 13.02.24," BaSyTec, SN:1936", CH24, ATT DY200T, 45°C, bottom front left,4.480035565734906
5163,TP_z22_01_2,33,AT_T23, HM, TP_z22_01, z22, 13.02.24," BaSyTec, SN:1936", CH24, ATT DY200T, 23°C, bottom front left,4.382589881735387
5164,TP_z22_01_2,33,AT_T10, HM, TP_z22_01, z22, 13.02.24," BaSyTec, SN:1936", CH24, ATT DY200T, 10°C, bottom front left,4.256074052319295
5165,TP_z22_02_1,1,ET_T10, HM, HM050, z22, 01.10.21," BaSyTec, SN:1937", CH08/CH09, ATT DY200T, 10°C, top rear mittig,4.801470842749147
5166,TP_z22_02_1,1,ET_T23, HM, HM050, z22, 07.10.2021," BaSyTec, SN:1937", CH08/CH09, ATT DY200T, 23°C, top rear mittig,4.8563828491776775
5167,TP_z22_02_1,1,ET_T45, HM, HM050, z22, 03.10.2021," BaSyTec, SN:1937", CH08/CH09, ATT DY200T, 45°C, top rear mittig,4.9572681314097125
5168,TP_z22_02_1,2,ZYK, HM, HM050, z22, 12.10.21," BaSyTec, SN:1937", CH08/CH09, ATT DY200T, 45°C, top rear mittig,
5169,TP_z22_02_1,3,CU, HM, HM050, z22, 12.10.21," BaSyTec, SN:1937", CH08/CH09, ATT DY200T, 23°C, top rear mittig,4.8240927184089415
5170,TP_z22_02_1,4,ZYK, HM, HM050, z22, 20.10.21," BaSyTec, SN:1937", CH08/CH09, ATT DY200T, 45°C, top rear mittig,
5171,TP_z22_02_1,5,CU, HM, HM050, z22, 27.10.21," BaSyTec, SN:1937", CH08/CH09, ATT DY200T, 23°C, top rear mittig,4.7986276864909865
5172,TP_z22_02_1,6,ZYK, HM, HM050, z22, 28.10.21," BaSyTec, SN:1937", CH08/CH09, ATT DY200T, 45°C, top rear mittig,
5173,TP_z22_02_1,7,exCU, HM, HM050, z22, 04.11.21," BaSyTec, SN:1937", CH08/CH09, ATT DY200T, 23°C, top rear mittig,4.7776654522796385
5174,TP_z22_02_1,8,ZYK, HM, HM050, z22, 06.11.21," BaSyTec, SN:1937", CH08/CH09, ATT DY200T, 45°C, top rear mittig,
5175,TP_z22_02_1,9,CU, HM, HM050, z22, 20.11.21," BaSyTec, SN:1937", CH08/CH09, ATT DY200T, 23°C, top rear mittig,4.743762363761623
5176,TP_z22_02_1,10,ZYK, HM, HM050, z22, 21.11.21," BaSyTec, SN:1937", CH08/CH09, ATT DY200T, 45°C, top rear mittig,
5177,TP_z22_02_1,11,CU, HM, HM050, z22, 05.12.21," BaSyTec, SN:1937", CH08/CH09, ATT DY200T, 23°C, top rear mittig,4.716766918703968
5178,TP_z22_02_1,12,ZYK, HM, HM050, z22, 06.12.21," BaSyTec, SN:1937", CH08/CH09, ATT DY200T, 45°C, top rear mittig,
5179,TP_z22_02_1,13,exCU, HM, HM050, z22, 20.12.21," BaSyTec, SN:1937", CH08/CH09, ATT DY200T, 23°C, top rear mittig,4.689772785672898
5180,TP_z22_02_1,14,ZYK, HM, HM050, z22, 22.12.21," BaSyTec, SN:1937", CH08/CH09, ATT DY200T, 45°C, top rear mittig,
5181,TP_z22_02_1,15,CU, HM, HM050, z22, 19.01.22," BaSyTec, SN:1937", CH08/CH09, ATT DY200T, 23°C, top rear mittig,4.639960900373565
5182,TP_z22_02_1,16,ZYK, HM, HM050, z22, 20.01.22," BaSyTec, SN:1937.0", CH08/CH09, ATT DY200T, 45.0°C, top rear mittig,
5183,TP_z22_02_1,17,CU, HM, HM050, z22, 15.02.22," BaSyTec, SN:1937.0", CH08/CH09, ATT DY200T, 23.0°C, top rear mittig,4.60233507621142
5184,TP_z22_02_1,18,ZYK, HM, HM050, z22, 16.02.22," BaSyTec, SN:1937.0", CH08/CH09, ATT DY200T, 45.0°C, top rear mittig,
5185,TP_z22_02_1,19,exCU, HM, HM050, z22, 16.03.22," BaSyTec, SN:1937.0", CH08/CH09, ATT DY200T, 23.0°C, top rear mittig,4.55886044964512
5186,TP_z22_02_1,20,ZYK, HM, HM050, z22, 17.03.22," BaSyTec, SN:1937.0", CH08/CH09, ATT DY200T, 45.0°C, top rear mittig,
5187,TP_z22_02_1,21,CU, HM, HM050, z22, 15.04.22," BaSyTec, SN:1937.0", CH08/CH09, ATT DY200T, 23.0°C, top rear mittig,4.515061072431796
5188,TP_z22_02_1,22,ZYK, HM, HM050, z22, 15.04.22," BaSyTec, SN:1937.0", CH08/CH09, ATT DY200T, 45.0°C, top rear mittig,
5189,TP_z22_02_1,23,CU, HM, HM050, z22, 14.05.22," BaSyTec, SN:1937.0", CH08/CH09, ATT DY200T, 23.0°C, top rear mittig,4.477352065908276
5190,TP_z22_02_1,24,ZYK, HM, HM050, z22, 15.05.22," BaSyTec, SN:1937.0", CH08/CH09, ATT DY200T, 45.0°C, top rear mittig,
5191,TP_z22_02_1,25,exCU, HM, HM050, z22, 12.06.22," BaSyTec, SN:1937.0", CH08/CH09, ATT DY200T, 23.0°C, top rear mittig,4.438667305860996
5192,TP_z22_02_1,26,ZYK, HM, HM050, z22, 14.06.22," BaSyTec, SN:1937.0", CH08/CH09, ATT DY200T, 45.0°C, top rear mittig,
5193,TP_z22_02_1,27,CU, HM, HM050, z22, 13.07.22," BaSyTec, SN:1937.0", CH08/CH09, ATT DY200T, 23.0°C, top rear mittig,4.401662239225811
5194,TP_z22_02_1,28,ZYK, HM, HM050, z22, 13.07.22," BaSyTec, SN:1937.0", CH08/CH09, ATT DY200T, 45.0°C, top rear mittig,
5195,TP_z22_02_1,29,CU, HM, HM050, z22, 11.08.22," BaSyTec, SN:1937.0", CH08/CH09, ATT DY200T, 23.0°C, top rear mittig,4.3612261646980865
5196,TP_z22_02_1,30,ZYK, HM, HM050, z22, 12.08.22," BaSyTec, SN:1937.0", CH08/CH09, ATT DY200T, 45.0°C, top rear mittig,
5197,TP_z22_02_1,31,AT_T23, HM, HM050, z22, 12.09.2022," BaSyTec, SN:1937", CH08/CH09, ATT DY200T, 23°C, top rear mittig,4.292540849833694
5198,TP_z22_02_1,31,AT_T45, HM, HM050, z22, 12.09.2022," BaSyTec, SN:1937", CH08/CH09, ATT DY200T, 45°C, top rear mittig,4.390551567011045
5199,TP_z22_02_1,31,AT_T10, HM, HM050, z22, 12.09.2022," BaSyTec, SN:1937", CH08/CH09, ATT DY200T, 10°C, top rear mittig,4.278953700599896
5200,TP_z22_02_2,1,ET_T10, HM, TP_z22_02, z22, 02.02.23," BaSyTec, SN:1936", CH25, ATT DY200T, 10°C, bottom front left,4.730701107695209
5201,TP_z22_02_2,1,ET_T23, HM, TP_z22_02, z22, 07.02.2023," BaSyTec, SN:1936", CH25, ATT DY200T, 23°C, bottom front left,4.861537257921541
5202,TP_z22_02_2,1,ET_T45, HM, TP_z22_02, z22, 04.02.2023," BaSyTec, SN:1936", CH25, ATT DY200T, 45°C, bottom front left,4.955081858653161
5203,TP_z22_02_2,2,ZYK, HM, TP_z22_02, z22, 12.02.23," BaSyTec, SN:1936", CH25, ATT DY200T, 45°C, bottom front left,
5204,TP_z22_02_2,3,CU, HM, TP_z22_02, z22, 19.02.23," BaSyTec, SN:1936", CH25, ATT DY200T, 23°C, bottom front left,4.829885459049857
5205,TP_z22_02_2,4,ZYK, HM, TP_z22_02, z22, 20.02.23," BaSyTec, SN:1936", CH25, ATT DY200T, 45°C, bottom front left,
5206,TP_z22_02_2,5,CU, HM, TP_z22_02, z22, 27.02.23," BaSyTec, SN:1936", CH25, ATT DY200T, 23°C, bottom front left,4.787936034756975
5207,TP_z22_02_2,6,ZYK, HM, TP_z22_02, z22, 28.02.23," BaSyTec, SN:1936", CH25, ATT DY200T, 45°C, bottom front left,
5208,TP_z22_02_2,7,exCU, HM, TP_z22_02, z22, 07.03.23," BaSyTec, SN:1936", CH25, ATT DY200T, 23°C, bottom front left,4.767763724877371
5209,TP_z22_02_2,8,ZYK, HM, TP_z22_02, z22, 09.03.23," BaSyTec, SN:1936", CH25, ATT DY200T, 45°C, bottom front left,
5210,TP_z22_02_2,9,CU, HM, TP_z22_02, z22, 22.03.23," BaSyTec, SN:1936", CH25, ATT DY200T, 23°C, bottom front left,4.7311533155587675
5211,TP_z22_02_2,10,ZYK, HM, TP_z22_02, z22, 24.03.23," BaSyTec, SN:1936", CH25, ATT DY200T, 45°C, bottom front left,
5212,TP_z22_02_2,11,CU, HM, TP_z22_02, z22, 07.04.23," BaSyTec, SN:1936", CH25, ATT DY200T, 23°C, bottom front left,4.715122403613048
5213,TP_z22_02_2,12,ZYK, HM, TP_z22_02, z22, 08.04.23," BaSyTec, SN:1936", CH25, ATT DY200T, 45°C, bottom front left,
5214,TP_z22_02_2,13,exCU, HM, TP_z22_02, z22, 22.04.23," BaSyTec, SN:1936", CH25, ATT DY200T, 23°C, bottom front left,4.6996875947522465
5215,TP_z22_02_2,15,CU, HM, TP_z22_02, z22, 10.05.23," BaSyTec, SN:1936", CH25, ATT DY200T, 23°C, bottom front left,4.656006593018303
5216,TP_z22_02_2,16,ZYK, HM, TP_z22_02, z22, 11.05.23," BaSyTec, SN:1936", CH25, ATT DY200T, 45°C, bottom front left,
5217,TP_z22_02_2,17,CU, HM, TP_z22_02, z22, 20.06.23," BaSyTec, SN:1936", CH25, ATT DY200T, 23°C, bottom front left,4.638077387682962
5218,TP_z22_02_2,18,ZYK, HM, TP_z22_02, z22, 09.06.23," BaSyTec, SN:1936", CH25, ATT DY200T, 45°C, bottom front left,
5219,TP_z22_02_2,19,CU, HM, TP_z22_02, z22, 19.07.23," BaSyTec, SN:1936", CH25, ATT DY200T, 23°C, bottom front left,4.605180369920776
5220,TP_z22_02_2,20,ZYK, HM, TP_z22_02, z22, 08.07.23," BaSyTec, SN:1936", CH25, ATT DY200T, 45°C, bottom front left,
5221,TP_z22_02_2,21,exCU, HM, TP_z22_02, z22, 18.08.23," BaSyTec, SN:1936", CH25, ATT DY200T, 23°C, bottom front left,4.577012464105474
5222,TP_z22_02_2,22,ZYK, HM, TP_z22_02, z22, 07.08.23," BaSyTec, SN:1936", CH25, ATT DY200T, 45°C, bottom front left,
5223,TP_z22_02_2,23,CU, HM, TP_z22_02, z22, 20.09.23," BaSyTec, SN:1936", CH25, ATT DY200T, 23°C, bottom front left,4.543808856447591
5224,TP_z22_02_2,24,ZYK, HM, TP_z22_02, z22, 24.09.23," BaSyTec, SN:1936", CH25, ATT DY200T, 45°C, bottom front left,
5225,TP_z22_02_2,25,CU, HM, TP_z22_02, z22, 19.10.23," BaSyTec, SN:1936", CH25, ATT DY200T, 23°C, bottom front left,4.515336478099929
5226,TP_z22_02_2,26,ZYK, HM, TP_z22_02, z22, 23.10.23," BaSyTec, SN:1936", CH25, ATT DY200T, 45°C, bottom front left,
5227,TP_z22_02_2,27,exCU, HM, TP_z22_02, z22, 18.11.23," BaSyTec, SN:1936", CH25, ATT DY200T, 23°C, bottom front left,4.48959440721678
5228,TP_z22_02_2,28,ZYK, HM, TP_z22_02, z22, 23.11.23," BaSyTec, SN:1936", CH25, ATT DY200T, 45°C, bottom front left,
5229,TP_z22_02_2,29,CU, HM, TP_z22_02, z22, 17.12.23," BaSyTec, SN:1936", CH25, ATT DY200T, 23°C, bottom front left,4.457481665907411
5230,TP_z22_02_2,30,ZYK, HM, TP_z22_02, z22, 22.12.23," BaSyTec, SN:1936", CH25, ATT DY200T, 45°C, bottom front left,
5231,TP_z22_02_2,31,CU, HM, TP_z22_02, z22, 15.01.24," BaSyTec, SN:1936", CH25, ATT DY200T, 23°C, bottom front left,4.425786363745534
5232,TP_z22_02_2,32,ZYK, HM, TP_z22_02, z22, 20.01.24," BaSyTec, SN:1936", CH25, ATT DY200T, 45°C, bottom front left,
5233,TP_z22_02_2,33,AT_T45, HM, TP_z22_02, z22, 13.02.24," BaSyTec, SN:1936", CH25, ATT DY200T, 45°C, bottom front left,4.485538410830747
5234,TP_z22_02_2,33,AT_T23, HM, TP_z22_02, z22, 13.02.24," BaSyTec, SN:1936", CH25, ATT DY200T, 23°C, bottom front left,4.387393408518525
5235,TP_z22_02_2,33,AT_T10, HM, TP_z22_02, z22, 13.02.24," BaSyTec, SN:1936", CH25, ATT DY200T, 10°C, bottom front left,4.2619519302715885
5236,TP_z22_03_1,1,ET_T45, HM, HM051, z22, 03.10.2021," BaSyTec, SN:1937", CH10/CH11, ATT DY200T, 45°C, top rear mittig,4.936018480262186
5237,TP_z22_03_1,1,ET_T23, HM, HM051, z22, 07.10.2021," BaSyTec, SN:1937", CH10/CH11, ATT DY200T, 23°C, top rear mittig,4.836099056737494
5238,TP_z22_03_1,1,ET_T10, HM, HM051, z22, 01.10.21," BaSyTec, SN:1937", CH10/CH11, ATT DY200T, 10°C, top rear mittig,4.776046528800556
5239,TP_z22_03_1,2,ZYK, HM, HM051, z22, 12.10.21," BaSyTec, SN:1937", CH10/CH11, ATT DY200T, 45°C, top rear mittig,
5240,TP_z22_03_1,3,CU, HM, HM051, z22, 12.10.21," BaSyTec, SN:1937", CH10/CH11, ATT DY200T, 23°C, top rear mittig,4.800092422348424
5241,TP_z22_03_1,4,ZYK, HM, HM051, z22, 20.10.21," BaSyTec, SN:1937", CH10/CH11, ATT DY200T, 45°C, top rear mittig,
5242,TP_z22_03_1,5,CU, HM, HM051, z22, 27.10.21," BaSyTec, SN:1937", CH10/CH11, ATT DY200T, 23°C, top rear mittig,4.772022989634943
5243,TP_z22_03_1,6,ZYK, HM, HM051, z22, 28.10.21," BaSyTec, SN:1937", CH10/CH11, ATT DY200T, 45°C, top rear mittig,
5244,TP_z22_03_1,7,exCU, HM, HM051, z22, 04.11.21," BaSyTec, SN:1937", CH10/CH11, ATT DY200T, 23°C, top rear mittig,4.751450225822104
5245,TP_z22_03_1,8,ZYK, HM, HM051, z22, 06.11.21," BaSyTec, SN:1937", CH10/CH11, ATT DY200T, 45°C, top rear mittig,
5246,TP_z22_03_1,9,CU, HM, HM051, z22, 20.11.21," BaSyTec, SN:1937", CH10/CH11, ATT DY200T, 23°C, top rear mittig,4.718851350610718
5247,TP_z22_03_1,10,ZYK, HM, HM051, z22, 21.11.21," BaSyTec, SN:1937", CH10/CH11, ATT DY200T, 45°C, top rear mittig,
5248,TP_z22_03_1,11,CU, HM, HM051, z22, 05.12.21," BaSyTec, SN:1937", CH10/CH11, ATT DY200T, 23°C, top rear mittig,4.69242723102603
5249,TP_z22_03_1,12,ZYK, HM, HM051, z22, 06.12.21," BaSyTec, SN:1937", CH10/CH11, ATT DY200T, 45°C, top rear mittig,
5250,TP_z22_03_1,13,exCU, HM, HM051, z22, 20.12.21," BaSyTec, SN:1937", CH10/CH11, ATT DY200T, 23°C, top rear mittig,4.666945407418956
5251,TP_z22_03_1,14,ZYK, HM, HM051, z22, 22.12.21," BaSyTec, SN:1937", CH10/CH11, ATT DY200T, 45°C, top rear mittig,
5252,TP_z22_03_1,15,CU, HM, HM051, z22, 19.01.22," BaSyTec, SN:1937", CH10/CH11, ATT DY200T, 23°C, top rear mittig,4.6178594150048955
5253,TP_z22_03_1,16,ZYK, HM, HM051, z22, 20.01.22," BaSyTec, SN:1937.0", CH10/CH11, ATT DY200T, 45.0°C, top rear mittig,
5254,TP_z22_03_1,17,CU, HM, HM051, z22, 15.02.22," BaSyTec, SN:1937.0", CH10/CH11, ATT DY200T, 23.0°C, top rear mittig,4.583240502693281
5255,TP_z22_03_1,18,ZYK, HM, HM051, z22, 16.02.22," BaSyTec, SN:1937.0", CH10/CH11, ATT DY200T, 45.0°C, top rear mittig,
5256,TP_z22_03_1,19,exCU, HM, HM051, z22, 16.03.22," BaSyTec, SN:1937.0", CH10/CH11, ATT DY200T, 23.0°C, top rear mittig,4.540490686139217
5257,TP_z22_03_1,20,ZYK, HM, HM051, z22, 17.03.22," BaSyTec, SN:1937.0", CH10/CH11, ATT DY200T, 45.0°C, top rear mittig,
5258,TP_z22_03_1,21,CU, HM, HM051, z22, 15.04.22," BaSyTec, SN:1937.0", CH10/CH11, ATT DY200T, 23.0°C, top rear mittig,4.49960228350854
5259,TP_z22_03_1,22,ZYK, HM, HM051, z22, 15.04.22," BaSyTec, SN:1937.0", CH10/CH11, ATT DY200T, 45.0°C, top rear mittig,
5260,TP_z22_03_1,23,CU, HM, HM051, z22, 14.05.22," BaSyTec, SN:1937.0", CH10/CH11, ATT DY200T, 23.0°C, top rear mittig,4.4621262119270195
5261,TP_z22_03_1,24,ZYK, HM, HM051, z22, 15.05.22," BaSyTec, SN:1937.0", CH10/CH11, ATT DY200T, 45.0°C, top rear mittig,
5262,TP_z22_03_1,25,exCU, HM, HM051, z22, 12.06.22," BaSyTec, SN:1937.0", CH10/CH11, ATT DY200T, 23.0°C, top rear mittig,4.423171883345665
5263,TP_z22_03_1,26,ZYK, HM, HM051, z22, 14.06.22," BaSyTec, SN:1937.0", CH10/CH11, ATT DY200T, 45.0°C, top rear mittig,
5264,TP_z22_03_1,27,CU, HM, HM051, z22, 13.07.22," BaSyTec, SN:1937.0", CH10/CH11, ATT DY200T, 23.0°C, top rear mittig,4.387830299381047
5265,TP_z22_03_1,28,ZYK, HM, HM051, z22, 13.07.22," BaSyTec, SN:1937.0", CH10/CH11, ATT DY200T, 45.0°C, top rear mittig,
5266,TP_z22_03_1,29,CU, HM, HM051, z22, 11.08.22," BaSyTec, SN:1937.0", CH10/CH11, ATT DY200T, 23.0°C, top rear mittig,4.346353265494647
5267,TP_z22_03_1,30,ZYK, HM, HM051, z22, 12.08.22," BaSyTec, SN:1937.0", CH10/CH11, ATT DY200T, 45.0°C, top rear mittig,
5268,TP_z22_03_1,31,AT_T10, HM, HM051, z22, 12.09.2022," BaSyTec, SN:1937", CH10/CH11, ATT DY200T, 10°C, top rear mittig,4.261685168433105
5269,TP_z22_03_1,31,AT_T45, HM, HM051, z22, 12.09.2022," BaSyTec, SN:1937", CH10/CH11, ATT DY200T, 45°C, top rear mittig,4.375645952819511
5270,TP_z22_03_1,31,AT_T23, HM, HM051, z22, 12.09.2022," BaSyTec, SN:1937", CH10/CH11, ATT DY200T, 23°C, top rear mittig,4.277532185869957
5271,TP_z22_03_2,1,ET_T45, HM, TP_z22_03, z22, 04.02.2023," BaSyTec, SN:1937", CH24, ATT DY200T, 45°C, top front left,4.960898939831997
5272,TP_z22_03_2,1,ET_T23, HM, TP_z22_03, z22, 07.02.2023," BaSyTec, SN:1937", CH24, ATT DY200T, 23°C, top front left,4.86519429996512
5273,TP_z22_03_2,1,ET_T10, HM, TP_z22_03, z22, 02.02.23," BaSyTec, SN:1937", CH24, ATT DY200T, 10°C, top front left,4.742197314709981
5274,TP_z22_03_2,2,ZYK, HM, TP_z22_03, z22, 12.02.23," BaSyTec, SN:1937", CH24, ATT DY200T, 45°C, top front left,
5275,TP_z22_03_2,3,CU, HM, TP_z22_03, z22, 19.02.23," BaSyTec, SN:1937", CH24, ATT DY200T, 23°C, top front left,4.825866652859123
5276,TP_z22_03_2,4,ZYK, HM, TP_z22_03, z22, 20.02.23," BaSyTec, SN:1937", CH24, ATT DY200T, 45°C, top front left,
5277,TP_z22_03_2,5,CU, HM, TP_z22_03, z22, 27.02.23," BaSyTec, SN:1937", CH24, ATT DY200T, 23°C, top front left,4.784942591202246
5278,TP_z22_03_2,6,ZYK, HM, TP_z22_03, z22, 28.02.23," BaSyTec, SN:1937", CH24, ATT DY200T, 45°C, top front left,
5279,TP_z22_03_2,7,exCU, HM, TP_z22_03, z22, 07.03.23," BaSyTec, SN:1937", CH24, ATT DY200T, 23°C, top front left,4.7651840336092075
5280,TP_z22_03_2,8,ZYK, HM, TP_z22_03, z22, 09.03.23," BaSyTec, SN:1937", CH24, ATT DY200T, 45°C, top front left,
5281,TP_z22_03_2,9,CU, HM, TP_z22_03, z22, 22.03.23," BaSyTec, SN:1937", CH24, ATT DY200T, 23°C, top front left,4.722534795108249
5282,TP_z22_03_2,10,ZYK, HM, TP_z22_03, z22, 24.03.23," BaSyTec, SN:1937", CH24, ATT DY200T, 45°C, top front left,
5283,TP_z22_03_2,11,CU, HM, TP_z22_03, z22, 07.04.23," BaSyTec, SN:1937", CH24, ATT DY200T, 23°C, top front left,4.708540955850948
5284,TP_z22_03_2,12,ZYK, HM, TP_z22_03, z22, 08.04.23," BaSyTec, SN:1937", CH24, ATT DY200T, 45°C, top front left,
5285,TP_z22_03_2,13,exCU, HM, TP_z22_03, z22, 22.04.23," BaSyTec, SN:1937", CH24, ATT DY200T, 23°C, top front left,4.690524331784676
5286,TP_z22_03_2,15,CU, HM, TP_z22_03, z22, 10.05.23," BaSyTec, SN:1937", CH24, ATT DY200T, 23°C, top front left,4.644967255122766
5287,TP_z22_03_2,16,ZYK, HM, TP_z22_03, z22, 11.05.23," BaSyTec, SN:1937", CH24, ATT DY200T, 45°C, top front left,
5288,TP_z22_03_2,17,CU, HM, TP_z22_03, z22, 20.06.23," BaSyTec, SN:1937", CH24, ATT DY200T, 23°C, top front left,4.627600497052936
5289,TP_z22_03_2,18,ZYK, HM, TP_z22_03, z22, 09.06.23," BaSyTec, SN:1937", CH24, ATT DY200T, 45°C, top front left,
5290,TP_z22_03_2,19,CU, HM, TP_z22_03, z22, 19.07.23," BaSyTec, SN:1937", CH24, ATT DY200T, 23°C, top front left,4.601494093252169
5291,TP_z22_03_2,20,ZYK, HM, TP_z22_03, z22, 08.07.23," BaSyTec, SN:1937", CH24, ATT DY200T, 45°C, top front left,
5292,TP_z22_03_2,21,exCU, HM, TP_z22_03, z22, 18.08.23," BaSyTec, SN:1937", CH24, ATT DY200T, 23°C, top front left,4.570803856490663
5293,TP_z22_03_2,22,ZYK, HM, TP_z22_03, z22, 07.08.23," BaSyTec, SN:1937", CH24, ATT DY200T, 45°C, top front left,
5294,TP_z22_03_2,23,CU, HM, TP_z22_03, z22, 20.09.23," BaSyTec, SN:1937", CH24, ATT DY200T, 23°C, top front left,4.540117076929494
5295,TP_z22_03_2,24,ZYK, HM, TP_z22_03, z22, 24.09.23," BaSyTec, SN:1937", CH24, ATT DY200T, 45°C, top front left,
5296,TP_z22_03_2,25,CU, HM, TP_z22_03, z22, 19.10.23," BaSyTec, SN:1937", CH24, ATT DY200T, 23°C, top front left,4.504516289633846
5297,TP_z22_03_2,26,ZYK, HM, TP_z22_03, z22, 23.10.23," BaSyTec, SN:1937", CH24, ATT DY200T, 45°C, top front left,
5298,TP_z22_03_2,27,exCU, HM, TP_z22_03, z22, 18.11.23," BaSyTec, SN:1937", CH24, ATT DY200T, 23°C, top front left,4.483911297700216
5299,TP_z22_03_2,28,ZYK, HM, TP_z22_03, z22, 23.11.23," BaSyTec, SN:1937", CH24, ATT DY200T, 45°C, top front left,
5300,TP_z22_03_2,29,CU, HM, TP_z22_03, z22, 17.12.23," BaSyTec, SN:1937", CH24, ATT DY200T, 23°C, top front left,4.448344939269868
5301,TP_z22_03_2,30,ZYK, HM, TP_z22_03, z22, 22.12.23," BaSyTec, SN:1937", CH24, ATT DY200T, 45°C, top front left,
5302,TP_z22_03_2,31,CU, HM, TP_z22_03, z22, 15.01.24," BaSyTec, SN:1937", CH24, ATT DY200T, 23°C, top front left,4.422247266511798
5303,TP_z22_03_2,32,ZYK, HM, TP_z22_03, z22, 20.01.24," BaSyTec, SN:1937", CH24, ATT DY200T, 45°C, top front left,
5304,TP_z22_03_2,33,AT_T10, HM, TP_z22_03, z22, 13.02.24," BaSyTec, SN:1937", CH24, ATT DY200T, 10°C, top front left,4.315755546389093
5305,TP_z22_03_2,33,AT_T23, HM, TP_z22_03, z22, 13.02.24," BaSyTec, SN:1937", CH24, ATT DY200T, 23°C, top front left,4.3855991631783375
5306,TP_z22_03_2,33,AT_T45, HM, TP_z22_03, z22, 13.02.24," BaSyTec, SN:1937", CH24, ATT DY200T, 45°C, top front left,4.490608912797518
5307,TP_z23_01_1,1,ET_T10, HM, HM052, z23, 01.10.21," BaSyTec, SN:1937", CH12/CH13, ATT DY200T, 10°C, top rear mittig,4.776336058723812
5308,TP_z23_01_1,1,ET_T45, HM, HM052, z23, 03.10.2021," BaSyTec, SN:1937", CH12/CH13, ATT DY200T, 45°C, top rear mittig,4.940333755251032
5309,TP_z23_01_1,1,ET_T23, HM, HM052, z23, 07.10.2021," BaSyTec, SN:1937", CH12/CH13, ATT DY200T, 23°C, top rear mittig,4.84382711824815
5310,TP_z23_01_1,2,ZYK, HM, HM052, z23, 12.10.21," BaSyTec, SN:1937", CH12/CH13, ATT DY200T, 45°C, top rear mittig,
5311,TP_z23_01_1,3,CU, HM, HM052, z23, 12.10.21," BaSyTec, SN:1937", CH12/CH13, ATT DY200T, 23°C, top rear mittig,4.7383063959902305
5312,TP_z23_01_1,4,ZYK, HM, HM052, z23, 20.10.21," BaSyTec, SN:1937", CH12/CH13, ATT DY200T, 45°C, top rear mittig,
5313,TP_z23_01_1,5,CU, HM, HM052, z23, 27.10.21," BaSyTec, SN:1937", CH12/CH13, ATT DY200T, 23°C, top rear mittig,4.696474089107973
5314,TP_z23_01_1,6,ZYK, HM, HM052, z23, 28.10.21," BaSyTec, SN:1937", CH12/CH13, ATT DY200T, 45°C, top rear mittig,
5315,TP_z23_01_1,7,exCU, HM, HM052, z23, 04.11.21," BaSyTec, SN:1937", CH12/CH13, ATT DY200T, 23°C, top rear mittig,4.666816251600093
5316,TP_z23_01_1,8,ZYK, HM, HM052, z23, 06.11.21," BaSyTec, SN:1937", CH12/CH13, ATT DY200T, 45°C, top rear mittig,
5317,TP_z23_01_1,9,CU, HM, HM052, z23, 20.11.21," BaSyTec, SN:1937", CH12/CH13, ATT DY200T, 23°C, top rear mittig,4.620896289599378
5318,TP_z23_01_1,10,ZYK, HM, HM052, z23, 21.11.21," BaSyTec, SN:1937", CH12/CH13, ATT DY200T, 45°C, top rear mittig,
5319,TP_z23_01_1,11,CU, HM, HM052, z23, 05.12.21," BaSyTec, SN:1937", CH12/CH13, ATT DY200T, 23°C, top rear mittig,4.585552744898511
5320,TP_z23_01_1,12,ZYK, HM, HM052, z23, 06.12.21," BaSyTec, SN:1937", CH12/CH13, ATT DY200T, 45°C, top rear mittig,
5321,TP_z23_01_1,13,exCU, HM, HM052, z23, 20.12.21," BaSyTec, SN:1937", CH12/CH13, ATT DY200T, 23°C, top rear mittig,4.555296756577681
5322,TP_z23_01_1,14,ZYK, HM, HM052, z23, 22.12.21," BaSyTec, SN:1937", CH12/CH13, ATT DY200T, 45°C, top rear mittig,
5323,TP_z23_01_1,15,CU, HM, HM052, z23, 19.01.22," BaSyTec, SN:1937", CH12/CH13, ATT DY200T, 23°C, top rear mittig,4.504472389273497
5324,TP_z23_01_1,16,ZYK, HM, HM052, z23, 20.01.22," BaSyTec, SN:1937.0", CH12/CH13, ATT DY200T, 45.0°C, top rear mittig,
5325,TP_z23_01_1,17,CU, HM, HM052, z23, 15.02.22," BaSyTec, SN:1937.0", CH12/CH13, ATT DY200T, 23.0°C, top rear mittig,4.469586553667275
5326,TP_z23_01_1,18,ZYK, HM, HM052, z23, 16.02.22," BaSyTec, SN:1937.0", CH12/CH13, ATT DY200T, 45.0°C, top rear mittig,
5327,TP_z23_01_1,19,exCU, HM, HM052, z23, 16.03.22," BaSyTec, SN:1937.0", CH12/CH13, ATT DY200T, 23.0°C, top rear mittig,4.432345845044912
5328,TP_z23_01_1,20,ZYK, HM, HM052, z23, 17.03.22," BaSyTec, SN:1937.0", CH12/CH13, ATT DY200T, 45.0°C, top rear mittig,
5329,TP_z23_01_1,21,CU, HM, HM052, z23, 15.04.22," BaSyTec, SN:1937.0", CH12/CH13, ATT DY200T, 23.0°C, top rear mittig,4.407069896949888
5330,TP_z23_01_1,22,ZYK, HM, HM052, z23, 15.04.22," BaSyTec, SN:1937.0", CH12/CH13, ATT DY200T, 45.0°C, top rear mittig,
5331,TP_z23_01_1,23,CU, HM, HM052, z23, 14.05.22," BaSyTec, SN:1937.0", CH12/CH13, ATT DY200T, 23.0°C, top rear mittig,4.370220669549489
5332,TP_z23_01_1,24,ZYK, HM, HM052, z23, 15.05.22," BaSyTec, SN:1937.0", CH12/CH13, ATT DY200T, 45.0°C, top rear mittig,
5333,TP_z23_01_1,25,exCU, HM, HM052, z23, 12.06.22," BaSyTec, SN:1937.0", CH12/CH13, ATT DY200T, 23.0°C, top rear mittig,4.335598428754878
5334,TP_z23_01_1,26,ZYK, HM, HM052, z23, 14.06.22," BaSyTec, SN:1937.0", CH12/CH13, ATT DY200T, 45.0°C, top rear mittig,
5335,TP_z23_01_1,27,CU, HM, HM052, z23, 13.07.22," BaSyTec, SN:1937.0", CH12/CH13, ATT DY200T, 23.0°C, top rear mittig,4.298498844810197
5336,TP_z23_01_1,28,ZYK, HM, HM052, z23, 13.07.22," BaSyTec, SN:1937.0", CH12/CH13, ATT DY200T, 45.0°C, top rear mittig,
5337,TP_z23_01_1,29,CU, HM, HM052, z23, 11.08.22," BaSyTec, SN:1937.0", CH12/CH13, ATT DY200T, 23.0°C, top rear mittig,4.265599322962247
5338,TP_z23_01_1,30,ZYK, HM, HM052, z23, 12.08.22," BaSyTec, SN:1937.0", CH12/CH13, ATT DY200T, 45.0°C, top rear mittig,
5339,TP_z23_01_1,31,AT_T45, HM, HM052, z23, 12.09.2022," BaSyTec, SN:1937", CH12/CH13, ATT DY200T, 45°C, top rear mittig,4.37724578405026
5340,TP_z23_01_1,31,AT_T23, HM, HM052, z23, 12.09.2022," BaSyTec, SN:1937", CH12/CH13, ATT DY200T, 23°C, top rear mittig,4.258609694666498
5341,TP_z23_01_1,31,AT_T10, HM, HM052, z23, 12.09.2022," BaSyTec, SN:1937", CH12/CH13, ATT DY200T, 10°C, top rear mittig,4.093936470762589
5342,TP_z23_01_2,1,ET_T10, HM, TP_z23_01, z23, 02.02.23," BaSyTec, SN:1937", CH18/CH19, ATT DY200T, 10°C, top front mittig,4.7120081706152614
5343,TP_z23_01_2,1,ET_T45, HM, TP_z23_01, z23, 04.02.2023," BaSyTec, SN:1937", CH18/CH19, ATT DY200T, 45°C, top front mittig,4.943342261653242
5344,TP_z23_01_2,1,ET_T23, HM, TP_z23_01, z23, 07.02.2023," BaSyTec, SN:1937", CH18/CH19, ATT DY200T, 23°C, top front mittig,4.851207437499805
5345,TP_z23_01_2,2,ZYK, HM, TP_z23_01, z23, 12.02.23," BaSyTec, SN:1937", CH18/CH19, ATT DY200T, 45°C, top front mittig,
5346,TP_z23_01_2,3,CU, HM, TP_z23_01, z23, 19.02.23," BaSyTec, SN:1937", CH18/CH19, ATT DY200T, 23°C, top front mittig,4.736404967095385
5347,TP_z23_01_2,4,ZYK, HM, TP_z23_01, z23, 20.02.23," BaSyTec, SN:1937", CH18/CH19, ATT DY200T, 45°C, top front mittig,
5348,TP_z23_01_2,5,CU, HM, TP_z23_01, z23, 27.02.23," BaSyTec, SN:1937", CH18/CH19, ATT DY200T, 23°C, top front mittig,4.66832112537727
5349,TP_z23_01_2,6,ZYK, HM, TP_z23_01, z23, 28.02.23," BaSyTec, SN:1937", CH18/CH19, ATT DY200T, 45°C, top front mittig,
5350,TP_z23_01_2,7,exCU, HM, TP_z23_01, z23, 07.03.23," BaSyTec, SN:1937", CH18/CH19, ATT DY200T, 23°C, top front mittig,5.031715690060018
5351,TP_z23_01_2,8,AT_T10, HM, TP_z23_01, z23, 13.03.23," BaSyTec, SN:1936", CH27, ATT DY200T, 10°C, top front left,
5352,TP_z23_01_2,8,AT_T23, HM, TP_z23_01, z23, 13.03.23," BaSyTec, SN:1936", CH27, ATT DY200T, 23°C, top front left,4.608231604655138
5353,TP_z23_01_2,8,AT_T45, HM, TP_z23_01, z23, 13.03.23," BaSyTec, SN:1936", CH27, ATT DY200T, 45°C, top front left,
5354,TP_z23_02_1,1,ET_T10, HM, HM053, z23, 01.10.21," BaSyTec, SN:1937", CH14/CH15, ATT DY200T, 10°C, top rear right,4.814978243060837
5355,TP_z23_02_1,1,ET_T45, HM, HM053, z23, 03.10.2021," BaSyTec, SN:1937", CH14/CH15, ATT DY200T, 45°C, top rear right,4.97020567723791
5356,TP_z23_02_1,1,ET_T23, HM, HM053, z23, 07.10.2021," BaSyTec, SN:1937", CH14/CH15, ATT DY200T, 23°C, top rear right,4.87147993202851
5357,TP_z23_02_1,2,ZYK, HM, HM053, z23, 12.10.21," BaSyTec, SN:1937", CH14/CH15, ATT DY200T, 45°C, top rear right,
5358,TP_z23_02_1,3,CU, HM, HM053, z23, 12.10.21," BaSyTec, SN:1937", CH14/CH15, ATT DY200T, 23°C, top rear right,4.760568657901345
5359,TP_z23_02_1,4,ZYK, HM, HM053, z23, 20.10.21," BaSyTec, SN:1937", CH14/CH15, ATT DY200T, 45°C, top rear right,
5360,TP_z23_02_1,5,CU, HM, HM053, z23, 27.10.21," BaSyTec, SN:1937", CH14/CH15, ATT DY200T, 23°C, top rear right,4.717327543478089
5361,TP_z23_02_1,6,ZYK, HM, HM053, z23, 28.10.21," BaSyTec, SN:1937", CH14/CH15, ATT DY200T, 45°C, top rear right,
5362,TP_z23_02_1,7,exCU, HM, HM053, z23, 04.11.21," BaSyTec, SN:1937", CH14/CH15, ATT DY200T, 23°C, top rear right,4.686822101580143
5363,TP_z23_02_1,8,ZYK, HM, HM053, z23, 06.11.21," BaSyTec, SN:1937", CH14/CH15, ATT DY200T, 45°C, top rear right,
5364,TP_z23_02_1,9,CU, HM, HM053, z23, 20.11.21," BaSyTec, SN:1937", CH14/CH15, ATT DY200T, 23°C, top rear right,4.640487494359702
5365,TP_z23_02_1,10,ZYK, HM, HM053, z23, 21.11.21," BaSyTec, SN:1937", CH14/CH15, ATT DY200T, 45°C, top rear right,
5366,TP_z23_02_1,11,CU, HM, HM053, z23, 05.12.21," BaSyTec, SN:1937", CH14/CH15, ATT DY200T, 23°C, top rear right,4.6043746446613785
5367,TP_z23_02_1,12,ZYK, HM, HM053, z23, 06.12.21," BaSyTec, SN:1937", CH14/CH15, ATT DY200T, 45°C, top rear right,
5368,TP_z23_02_1,13,exCU, HM, HM053, z23, 20.12.21," BaSyTec, SN:1937", CH14/CH15, ATT DY200T, 23°C, top rear right,4.573314945776977
5369,TP_z23_02_1,14,ZYK, HM, HM053, z23, 22.12.21," BaSyTec, SN:1937", CH14/CH15, ATT DY200T, 45°C, top rear right,
5370,TP_z23_02_1,15,CU, HM, HM053, z23, 19.01.22," BaSyTec, SN:1937", CH14/CH15, ATT DY200T, 23°C, top rear right,4.525003738814106
5371,TP_z23_02_1,16,ZYK, HM, HM053, z23, 20.01.22," BaSyTec, SN:1937.0", CH14/CH15, ATT DY200T, 45.0°C, top rear right,
5372,TP_z23_02_1,17,CU, HM, HM053, z23, 15.02.22," BaSyTec, SN:1937.0", CH14/CH15, ATT DY200T, 23.0°C, top rear right,4.488887968678194
5373,TP_z23_02_1,18,ZYK, HM, HM053, z23, 16.02.22," BaSyTec, SN:1937.0", CH14/CH15, ATT DY200T, 45.0°C, top rear right,
5374,TP_z23_02_1,19,exCU, HM, HM053, z23, 16.03.22," BaSyTec, SN:1937.0", CH14/CH15, ATT DY200T, 23.0°C, top rear right,4.450010495430999
5375,TP_z23_02_1,20,ZYK, HM, HM053, z23, 17.03.22," BaSyTec, SN:1937.0", CH14/CH15, ATT DY200T, 45.0°C, top rear right,
5376,TP_z23_02_1,21,CU, HM, HM053, z23, 15.04.22," BaSyTec, SN:1937.0", CH14/CH15, ATT DY200T, 23.0°C, top rear right,4.415306314158746
5377,TP_z23_02_1,22,ZYK, HM, HM053, z23, 15.04.22," BaSyTec, SN:1937.0", CH14/CH15, ATT DY200T, 45.0°C, top rear right,
5378,TP_z23_02_1,23,CU, HM, HM053, z23, 14.05.22," BaSyTec, SN:1937.0", CH14/CH15, ATT DY200T, 23.0°C, top rear right,4.386132090595115
5379,TP_z23_02_1,24,ZYK, HM, HM053, z23, 15.05.22," BaSyTec, SN:1937.0", CH14/CH15, ATT DY200T, 45.0°C, top rear right,
5380,TP_z23_02_1,25,exCU, HM, HM053, z23, 12.06.22," BaSyTec, SN:1937.0", CH14/CH15, ATT DY200T, 23.0°C, top rear right,4.353944816431978
5381,TP_z23_02_1,26,ZYK, HM, HM053, z23, 14.06.22," BaSyTec, SN:1937.0", CH14/CH15, ATT DY200T, 45.0°C, top rear right,
5382,TP_z23_02_1,27,CU, HM, HM053, z23, 13.07.22," BaSyTec, SN:1937.0", CH14/CH15, ATT DY200T, 23.0°C, top rear right,4.327097019990628
5383,TP_z23_02_1,28,ZYK, HM, HM053, z23, 13.07.22," BaSyTec, SN:1937.0", CH14/CH15, ATT DY200T, 45.0°C, top rear right,
5384,TP_z23_02_1,29,CU, HM, HM053, z23, 11.08.22," BaSyTec, SN:1937.0", CH14/CH15, ATT DY200T, 23.0°C, top rear right,4.291619026369216
5385,TP_z23_02_1,30,ZYK, HM, HM053, z23, 12.08.22," BaSyTec, SN:1937.0", CH14/CH15, ATT DY200T, 45.0°C, top rear right,
5386,TP_z23_02_1,31,AT_T45, HM, HM053, z23, 12.09.2022," BaSyTec, SN:1937", CH14/CH15, ATT DY200T, 45°C, top rear right,4.398277039206929
5387,TP_z23_02_1,31,AT_T23, HM, HM053, z23, 12.09.2022," BaSyTec, SN:1937", CH14/CH15, ATT DY200T, 23°C, top rear right,4.275028000374294
5388,TP_z23_02_1,31,AT_T10, HM, HM053, z23, 12.09.2022," BaSyTec, SN:1937", CH14/CH15, ATT DY200T, 10°C, top rear right,4.119645990718727
5389,TP_z23_02_2,1,ET_T10, HM, TP_z23_02, z23, 02.02.23," BaSyTec, SN:1937", CH20/CH21, ATT DY200T, 10°C, top front mittig,4.71970368830655
5390,TP_z23_02_2,1,ET_T45, HM, TP_z23_02, z23, 04.02.2023," BaSyTec, SN:1937", CH20/CH21, ATT DY200T, 45°C, top front mittig,4.95404120209451
5391,TP_z23_02_2,1,ET_T23, HM, TP_z23_02, z23, 07.02.2023," BaSyTec, SN:1937", CH20/CH21, ATT DY200T, 23°C, top front mittig,4.861222253662547
5392,TP_z23_02_2,2,ZYK, HM, TP_z23_02, z23, 12.02.23," BaSyTec, SN:1937", CH20/CH21, ATT DY200T, 45°C, top front mittig,
5393,TP_z23_02_2,3,CU, HM, TP_z23_02, z23, 19.02.23," BaSyTec, SN:1937", CH20/CH21, ATT DY200T, 23°C, top front mittig,4.747516046772926
5394,TP_z23_02_2,4,ZYK, HM, TP_z23_02, z23, 20.02.23," BaSyTec, SN:1937", CH20/CH21, ATT DY200T, 45°C, top front mittig,
5395,TP_z23_02_2,5,CU, HM, TP_z23_02, z23, 27.02.23," BaSyTec, SN:1937", CH20/CH21, ATT DY200T, 23°C, top front mittig,4.681196407270917
5396,TP_z23_02_2,6,ZYK, HM, TP_z23_02, z23, 28.02.23," BaSyTec, SN:1937", CH20/CH21, ATT DY200T, 45°C, top front mittig,
5397,TP_z23_02_2,7,exCU, HM, TP_z23_02, z23, 07.03.23," BaSyTec, SN:1937", CH20/CH21, ATT DY200T, 23°C, top front mittig,4.64699462895029
5398,TP_z23_02_2,8,ZYK, HM, TP_z23_02, z23, 09.03.23," BaSyTec, SN:1937", CH20/CH21, ATT DY200T, 45°C, top front mittig,
5399,TP_z23_02_2,9,CU, HM, TP_z23_02, z23, 22.03.23," BaSyTec, SN:1937", CH20/CH21, ATT DY200T, 23°C, top front mittig,5.069961573084336
5400,TP_z23_02_2,10,AT_T23, HM, TP_z23_02, z23, 23.03.23," BaSyTec, SN:1936", CH26, ATT DY200T, 23°C, top rear left,4.4795225217381045
5401,TP_z23_02_2,10,AT_T45, HM, TP_z23_02, z23, 23.03.23," BaSyTec, SN:1936", CH26, ATT DY200T, 45°C, top rear left,
5402,TP_z23_02_2,10,AT_T10, HM, TP_z23_02, z23, 23.03.23," BaSyTec, SN:1936", CH26, ATT DY200T, 10°C, top rear left,
5403,TP_z23_03_1,1,ET_T23, HM, HM054, z23, 07.10.2021," BaSyTec, SN:1937", CH16/CH17, ATT DY200T, 23°C, top rear right,4.890066611562405
5404,TP_z23_03_1,1,ET_T45, HM, HM054, z23, 03.10.2021," BaSyTec, SN:1937", CH16/CH17, ATT DY200T, 45°C, top rear right,4.991000117310718
5405,TP_z23_03_1,1,ET_T10, HM, HM054, z23, 01.10.21," BaSyTec, SN:1937", CH16/CH17, ATT DY200T, 10°C, top rear right,4.856278028431241
5406,TP_z23_03_1,2,ZYK, HM, HM054, z23, 12.10.21," BaSyTec, SN:1937", CH16/CH17, ATT DY200T, 45°C, top rear right,
5407,TP_z23_03_1,3,CU, HM, HM054, z23, 12.10.21," BaSyTec, SN:1937", CH16/CH17, ATT DY200T, 23°C, top rear right,4.77916970871782
5408,TP_z23_03_1,4,ZYK, HM, HM054, z23, 20.10.21," BaSyTec, SN:1937", CH16/CH17, ATT DY200T, 45°C, top rear right,
5409,TP_z23_03_1,5,CU, HM, HM054, z23, 27.10.21," BaSyTec, SN:1937", CH16/CH17, ATT DY200T, 23°C, top rear right,4.728858973396188
5410,TP_z23_03_1,6,ZYK, HM, HM054, z23, 28.10.21," BaSyTec, SN:1937", CH16/CH17, ATT DY200T, 45°C, top rear right,
5411,TP_z23_03_1,7,exCU, HM, HM054, z23, 04.11.21," BaSyTec, SN:1937", CH16/CH17, ATT DY200T, 23°C, top rear right,4.697396042832095
5412,TP_z23_03_1,8,ZYK, HM, HM054, z23, 06.11.21," BaSyTec, SN:1937", CH16/CH17, ATT DY200T, 45°C, top rear right,
5413,TP_z23_03_1,9,CU, HM, HM054, z23, 20.11.21," BaSyTec, SN:1937", CH16/CH17, ATT DY200T, 23°C, top rear right,4.652242130194638
5414,TP_z23_03_1,10,ZYK, HM, HM054, z23, 21.11.21," BaSyTec, SN:1937", CH16/CH17, ATT DY200T, 45°C, top rear right,
5415,TP_z23_03_1,11,CU, HM, HM054, z23, 05.12.21," BaSyTec, SN:1937", CH16/CH17, ATT DY200T, 23°C, top rear right,4.616463078634874
5416,TP_z23_03_1,12,ZYK, HM, HM054, z23, 06.12.21," BaSyTec, SN:1937", CH16/CH17, ATT DY200T, 45°C, top rear right,
5417,TP_z23_03_1,13,exCU, HM, HM054, z23, 20.12.21," BaSyTec, SN:1937", CH16/CH17, ATT DY200T, 23°C, top rear right,4.584822994751126
5418,TP_z23_03_1,14,ZYK, HM, HM054, z23, 22.12.21," BaSyTec, SN:1937", CH16/CH17, ATT DY200T, 45°C, top rear right,
5419,TP_z23_03_1,15,CU, HM, HM054, z23, 19.01.22," BaSyTec, SN:1937", CH16/CH17, ATT DY200T, 23°C, top rear right,4.534062899298091
5420,TP_z23_03_1,16,ZYK, HM, HM054, z23, 20.01.22," BaSyTec, SN:1937.0", CH16/CH17, ATT DY200T, 45.0°C, top rear right,
5421,TP_z23_03_1,17,CU, HM, HM054, z23, 15.02.22," BaSyTec, SN:1937.0", CH16/CH17, ATT DY200T, 23.0°C, top rear right,4.496867701053668
5422,TP_z23_03_1,18,ZYK, HM, HM054, z23, 16.02.22," BaSyTec, SN:1937.0", CH16/CH17, ATT DY200T, 45.0°C, top rear right,
5423,TP_z23_03_1,19,exCU, HM, HM054, z23, 16.03.22," BaSyTec, SN:1937.0", CH16/CH17, ATT DY200T, 23.0°C, top rear right,4.458891598196715
5424,TP_z23_03_1,20,ZYK, HM, HM054, z23, 17.03.22," BaSyTec, SN:1937.0", CH16/CH17, ATT DY200T, 45.0°C, top rear right,
5425,TP_z23_03_1,21,CU, HM, HM054, z23, 15.04.22," BaSyTec, SN:1937.0", CH16/CH17, ATT DY200T, 23.0°C, top rear right,4.424705461858397
5426,TP_z23_03_1,22,ZYK, HM, HM054, z23, 15.04.22," BaSyTec, SN:1937.0", CH16/CH17, ATT DY200T, 45.0°C, top rear right,
5427,TP_z23_03_1,23,CU, HM, HM054, z23, 14.05.22," BaSyTec, SN:1937.0", CH16/CH17, ATT DY200T, 23.0°C, top rear right,4.396143853782232
5428,TP_z23_03_1,24,ZYK, HM, HM054, z23, 15.05.22," BaSyTec, SN:1937.0", CH16/CH17, ATT DY200T, 45.0°C, top rear right,
5429,TP_z23_03_1,25,exCU, HM, HM054, z23, 12.06.22," BaSyTec, SN:1937.0", CH16/CH17, ATT DY200T, 23.0°C, top rear right,4.362868259855707
5430,TP_z23_03_1,26,ZYK, HM, HM054, z23, 14.06.22," BaSyTec, SN:1937.0", CH16/CH17, ATT DY200T, 45.0°C, top rear right,
5431,TP_z23_03_1,27,CU, HM, HM054, z23, 13.07.22," BaSyTec, SN:1937.0", CH16/CH17, ATT DY200T, 23.0°C, top rear right,4.331383631488206
5432,TP_z23_03_1,28,ZYK, HM, HM054, z23, 13.07.22," BaSyTec, SN:1937.0", CH16/CH17, ATT DY200T, 45.0°C, top rear right,
5433,TP_z23_03_1,29,CU, HM, HM054, z23, 11.08.22," BaSyTec, SN:1937.0", CH16/CH17, ATT DY200T, 23.0°C, top rear right,4.298721271304533
5434,TP_z23_03_1,30,ZYK, HM, HM054, z23, 12.08.22," BaSyTec, SN:1937.0", CH16/CH17, ATT DY200T, 45.0°C, top rear right,
5435,TP_z23_03_1,31,AT_T10, HM, HM054, z23, 12.09.2022," BaSyTec, SN:1937", CH16/CH17, ATT DY200T, 10°C, top rear right,4.133234452291029
5436,TP_z23_03_1,31,AT_T23, HM, HM054, z23, 12.09.2022," BaSyTec, SN:1937", CH16/CH17, ATT DY200T, 23°C, top rear right,4.282503472334469
5437,TP_z23_03_1,31,AT_T45, HM, HM054, z23, 12.09.2022," BaSyTec, SN:1937", CH16/CH17, ATT DY200T, 45°C, top rear right,4.399145223660726
5438,TP_z23_03_2,1,ET_T23, HM, TP_z23_03, z23, 07.02.2023," BaSyTec, SN:1937", CH22/CH23, ATT DY200T, 23°C, top front mittig,4.868769271749788
5439,TP_z23_03_2,1,ET_T45, HM, TP_z23_03, z23, 04.02.2023," BaSyTec, SN:1937", CH22/CH23, ATT DY200T, 45°C, top front mittig,4.95729254822295
5440,TP_z23_03_2,1,ET_T10, HM, TP_z23_03, z23, 02.02.23," BaSyTec, SN:1937", CH22/CH23, ATT DY200T, 10°C, top front mittig,4.731672006532547
5441,TP_z23_03_2,2,ZYK, HM, TP_z23_03, z23, 12.02.23," BaSyTec, SN:1937", CH22/CH23, ATT DY200T, 45°C, top front mittig,
5442,TP_z23_03_2,3,CU, HM, TP_z23_03, z23, 19.02.23," BaSyTec, SN:1937", CH22/CH23, ATT DY200T, 23°C, top front mittig,4.745350874970407
5443,TP_z23_03_2,4,ZYK, HM, TP_z23_03, z23, 20.02.23," BaSyTec, SN:1937", CH22/CH23, ATT DY200T, 45°C, top front mittig,
5444,TP_z23_03_2,5,CU, HM, TP_z23_03, z23, 27.02.23," BaSyTec, SN:1937", CH22/CH23, ATT DY200T, 23°C, top front mittig,4.676953918460841
5445,TP_z23_03_2,6,ZYK, HM, TP_z23_03, z23, 28.02.23," BaSyTec, SN:1937", CH22/CH23, ATT DY200T, 45°C, top front mittig,
5446,TP_z23_03_2,7,exCU, HM, TP_z23_03, z23, 07.03.23," BaSyTec, SN:1937", CH22/CH23, ATT DY200T, 23°C, top front mittig,4.6262991325041
5447,TP_z23_03_2,8,ZYK, HM, TP_z23_03, z23, 09.03.23," BaSyTec, SN:1937", CH22/CH23, ATT DY200T, 45°C, top front mittig,
5448,TP_z23_03_2,9,CU, HM, TP_z23_03, z23, 22.03.23," BaSyTec, SN:1937", CH22/CH23, ATT DY200T, 23°C, top front mittig,4.5479220450038556
5449,TP_z23_03_2,10,ZYK, HM, TP_z23_03, z23, 24.03.23," BaSyTec, SN:1937", CH22/CH23, ATT DY200T, 45°C, top front mittig,
5450,TP_z23_03_2,11,CU, HM, TP_z23_03, z23, 07.04.23," BaSyTec, SN:1937", CH22/CH23, ATT DY200T, 23°C, top front mittig,4.605915801860984
5451,TP_z23_03_2,12,ZYK, HM, TP_z23_03, z23, 08.04.23," BaSyTec, SN:1937", CH22/CH23, ATT DY200T, 45°C, top front mittig,
5452,TP_z23_03_2,13,exCU, HM, TP_z23_03, z23, 22.04.23," BaSyTec, SN:1937", CH22/CH23, ATT DY200T, 23°C, top front mittig,4.371016463884853
5453,TP_z23_03_2,14,AT_T45, HM, TP_z23_03, z23, 25.04.23," BaSyTec, SN:1936", CH28, ATT DY200T, 45°C, top rear mittig,
5454,TP_z23_03_2,14,AT_T23, HM, TP_z23_03, z23, 25.04.23," BaSyTec, SN:1936", CH28, ATT DY200T, 23°C, top rear mittig,4.142285797033147
5455,TP_z23_03_2,14,AT_T10, HM, TP_z23_03, z23, 25.04.23," BaSyTec, SN:1936", CH28, ATT DY200T, 10°C, top rear mittig,
5456,TP_z24_01_1,1,ET_T23, HM, HM055, z24, 07.10.2021," BaSyTec, SN:1937", CH18/CH19, ATT DY200T, 23°C, top front mittig,4.856076054479065
5457,TP_z24_01_1,1,ET_T45, HM, HM055, z24, 04.10.2021," BaSyTec, SN:1937", CH18/CH19, ATT DY200T, 45°C, top front mittig,4.941727921278295
5458,TP_z24_01_1,1,ET_T10, HM, HM055, z24, 01.10.21," BaSyTec, SN:1937", CH18/CH19, ATT DY200T, 10°C, top front mittig,4.763775029609473
5459,TP_z24_01_1,2,ZYK, HM, HM055, z24, 12.10.21," BaSyTec, SN:1937", CH18/CH19, ATT DY200T, 45°C, top front mittig,
5460,TP_z24_01_1,3,CU, HM, HM055, z24, 12.10.21," BaSyTec, SN:1937", CH18/CH19, ATT DY200T, 23°C, top front mittig,4.809779847207205
5461,TP_z24_01_1,4,ZYK, HM, HM055, z24, 20.10.21," BaSyTec, SN:1937", CH18/CH19, ATT DY200T, 45°C, top front mittig,
5462,TP_z24_01_1,5,CU, HM, HM055, z24, 27.10.21," BaSyTec, SN:1937", CH18/CH19, ATT DY200T, 23°C, top front mittig,4.778713036254418
5463,TP_z24_01_1,6,ZYK, HM, HM055, z24, 28.10.21," BaSyTec, SN:1937", CH18/CH19, ATT DY200T, 45°C, top front mittig,
5464,TP_z24_01_1,7,exCU, HM, HM055, z24, 04.11.21," BaSyTec, SN:1937", CH18/CH19, ATT DY200T, 23°C, top front mittig,4.7561224672184625
5465,TP_z24_01_1,8,ZYK, HM, HM055, z24, 06.11.21," BaSyTec, SN:1937", CH18/CH19, ATT DY200T, 45°C, top front mittig,
5466,TP_z24_01_1,9,CU, HM, HM055, z24, 20.11.21," BaSyTec, SN:1937", CH18/CH19, ATT DY200T, 23°C, top front mittig,4.711210954207724
5467,TP_z24_01_1,10,ZYK, HM, HM055, z24, 21.11.21," BaSyTec, SN:1937", CH18/CH19, ATT DY200T, 45°C, top front mittig,
5468,TP_z24_01_1,11,CU, HM, HM055, z24, 05.12.21," BaSyTec, SN:1937", CH18/CH19, ATT DY200T, 23°C, top front mittig,4.684776330736849
5469,TP_z24_01_1,12,ZYK, HM, HM055, z24, 06.12.21," BaSyTec, SN:1937", CH18/CH19, ATT DY200T, 45°C, top front mittig,
5470,TP_z24_01_1,13,exCU, HM, HM055, z24, 20.12.21," BaSyTec, SN:1937", CH18/CH19, ATT DY200T, 23°C, top front mittig,4.659536177539136
5471,TP_z24_01_1,14,ZYK, HM, HM055, z24, 22.12.21," BaSyTec, SN:1937", CH18/CH19, ATT DY200T, 45°C, top front mittig,
5472,TP_z24_01_1,15,CU, HM, HM055, z24, 19.01.22," BaSyTec, SN:1937", CH18/CH19, ATT DY200T, 23°C, top front mittig,4.611393322828251
5473,TP_z24_01_1,16,ZYK, HM, HM055, z24, 20.01.22," BaSyTec, SN:1937.0", CH18/CH19, ATT DY200T, 45.0°C, top front mittig,
5474,TP_z24_01_1,17,CU, HM, HM055, z24, 15.02.22," BaSyTec, SN:1937.0", CH18/CH19, ATT DY200T, 23.0°C, top front mittig,4.57298586085521
5475,TP_z24_01_1,18,ZYK, HM, HM055, z24, 16.02.22," BaSyTec, SN:1937.0", CH18/CH19, ATT DY200T, 45.0°C, top front mittig,
5476,TP_z24_01_1,19,exCU, HM, HM055, z24, 16.03.22," BaSyTec, SN:1937.0", CH18/CH19, ATT DY200T, 23.0°C, top front mittig,4.5346233339607345
5477,TP_z24_01_1,20,ZYK, HM, HM055, z24, 17.03.22," BaSyTec, SN:1937.0", CH18/CH19, ATT DY200T, 45.0°C, top front mittig,
5478,TP_z24_01_1,21,CU, HM, HM055, z24, 15.04.22," BaSyTec, SN:1937.0", CH18/CH19, ATT DY200T, 23.0°C, top front mittig,4.496893237324013
5479,TP_z24_01_1,22,ZYK, HM, HM055, z24, 15.04.22," BaSyTec, SN:1937.0", CH18/CH19, ATT DY200T, 45.0°C, top front mittig,
5480,TP_z24_01_1,23,CU, HM, HM055, z24, 14.05.22," BaSyTec, SN:1937.0", CH18/CH19, ATT DY200T, 23.0°C, top front mittig,4.460743914451189
5481,TP_z24_01_1,24,ZYK, HM, HM055, z24, 15.05.22," BaSyTec, SN:1937.0", CH18/CH19, ATT DY200T, 45.0°C, top front mittig,
5482,TP_z24_01_1,25,exCU, HM, HM055, z24, 12.06.22," BaSyTec, SN:1937.0", CH18/CH19, ATT DY200T, 23.0°C, top front mittig,4.427650206396843
5483,TP_z24_01_1,26,ZYK, HM, HM055, z24, 14.06.22," BaSyTec, SN:1937.0", CH18/CH19, ATT DY200T, 45.0°C, top front mittig,
5484,TP_z24_01_1,27,CU, HM, HM055, z24, 13.07.22," BaSyTec, SN:1937.0", CH18/CH19, ATT DY200T, 23.0°C, top front mittig,4.404110250457748
5485,TP_z24_01_1,28,ZYK, HM, HM055, z24, 13.07.22," BaSyTec, SN:1937.0", CH18/CH19, ATT DY200T, 45.0°C, top front mittig,
5486,TP_z24_01_1,29,CU, HM, HM055, z24, 11.08.22," BaSyTec, SN:1937.0", CH18/CH19, ATT DY200T, 23.0°C, top front mittig,4.368700253484519
5487,TP_z24_01_1,30,ZYK, HM, HM055, z24, 12.08.22," BaSyTec, SN:1937.0", CH18/CH19, ATT DY200T, 45.0°C, top front mittig,
5488,TP_z24_01_1,31,AT_T10, HM, HM055, z24, 12.09.2022," BaSyTec, SN:1937", CH18/CH19, ATT DY200T, 10°C, top front mittig,4.238254339955773
5489,TP_z24_01_1,31,AT_T23, HM, HM055, z24, 12.09.2022," BaSyTec, SN:1937", CH18/CH19, ATT DY200T, 23°C, top front mittig,4.331902821991865
5490,TP_z24_01_1,31,AT_T45, HM, HM055, z24, 12.09.2022," BaSyTec, SN:1937", CH18/CH19, ATT DY200T, 45°C, top front mittig,4.4106510695079155
5491,TP_z24_01_2,1,ET_T23, HM, TP_z24_01, z24, 07.02.2023," BaSyTec, SN:1937", CH25, ATT DY200T, 23°C, top front mittig,4.871206575966606
5492,TP_z24_01_2,1,ET_T45, HM, TP_z24_01, z24, 04.02.2023," BaSyTec, SN:1937", CH25, ATT DY200T, 45°C, top front mittig,4.962333718501073
5493,TP_z24_01_2,1,ET_T10, HM, TP_z24_01, z24, 02.02.23," BaSyTec, SN:1937", CH25, ATT DY200T, 10°C, top front mittig,4.723150011775413
5494,TP_z24_01_2,2,ZYK, HM, TP_z24_01, z24, 12.02.23," BaSyTec, SN:1937", CH25, ATT DY200T, 45°C, top front mittig,
5495,TP_z24_01_2,3,CU, HM, TP_z24_01, z24, 19.02.23," BaSyTec, SN:1937", CH25, ATT DY200T, 23°C, top front mittig,4.830338859903569
5496,TP_z24_01_2,4,ZYK, HM, TP_z24_01, z24, 20.02.23," BaSyTec, SN:1937", CH25, ATT DY200T, 45°C, top front mittig,
5497,TP_z24_01_2,5,CU, HM, TP_z24_01, z24, 27.02.23," BaSyTec, SN:1937", CH25, ATT DY200T, 23°C, top front mittig,4.78538232965365
5498,TP_z24_01_2,6,ZYK, HM, TP_z24_01, z24, 28.02.23," BaSyTec, SN:1937", CH25, ATT DY200T, 45°C, top front mittig,
5499,TP_z24_01_2,7,exCU, HM, TP_z24_01, z24, 07.03.23," BaSyTec, SN:1937", CH25, ATT DY200T, 23°C, top front mittig,4.765127294067209
5500,TP_z24_01_2,8,ZYK, HM, TP_z24_01, z24, 09.03.23," BaSyTec, SN:1937", CH25, ATT DY200T, 45°C, top front mittig,
5501,TP_z24_01_2,9,CU, HM, TP_z24_01, z24, 22.03.23," BaSyTec, SN:1937", CH25, ATT DY200T, 23°C, top front mittig,4.727796159244146
5502,TP_z24_01_2,10,ZYK, HM, TP_z24_01, z24, 24.03.23," BaSyTec, SN:1937", CH25, ATT DY200T, 45°C, top front mittig,
5503,TP_z24_01_2,11,CU, HM, TP_z24_01, z24, 07.04.23," BaSyTec, SN:1937", CH25, ATT DY200T, 23°C, top front mittig,4.712006885782197
5504,TP_z24_01_2,12,ZYK, HM, TP_z24_01, z24, 08.04.23," BaSyTec, SN:1937", CH25, ATT DY200T, 45°C, top front mittig,
5505,TP_z24_01_2,13,exCU, HM, TP_z24_01, z24, 22.04.23," BaSyTec, SN:1937", CH25, ATT DY200T, 23°C, top front mittig,4.695285392595599
5506,TP_z24_01_2,15,CU, HM, TP_z24_01, z24, 10.05.23," BaSyTec, SN:1937", CH25, ATT DY200T, 23°C, top front mittig,4.643214988656773
5507,TP_z24_01_2,16,ZYK, HM, TP_z24_01, z24, 11.05.23," BaSyTec, SN:1937", CH25, ATT DY200T, 45°C, top front mittig,
5508,TP_z24_01_2,17,CU, HM, TP_z24_01, z24, 08.06.23," BaSyTec, SN:1937", CH25, ATT DY200T, 23°C, top front mittig,4.623453400450858
5509,TP_z24_01_2,18,ZYK, HM, TP_z24_01, z24, 09.06.23," BaSyTec, SN:1937", CH25, ATT DY200T, 45°C, top front mittig,
5510,TP_z24_01_2,19,CU, HM, TP_z24_01, z24, 07.07.23," BaSyTec, SN:1937", CH25, ATT DY200T, 23°C, top front mittig,4.590851833207344
5511,TP_z24_01_2,20,ZYK, HM, TP_z24_01, z24, 08.07.23," BaSyTec, SN:1937", CH25, ATT DY200T, 45°C, top front mittig,
5512,TP_z24_01_2,21,exCU, HM, TP_z24_01, z24, 05.08.23," BaSyTec, SN:1937", CH25, ATT DY200T, 23°C, top front mittig,4.561164072185194
5513,TP_z24_01_2,22,ZYK, HM, TP_z24_01, z24, 07.08.23," BaSyTec, SN:1937", CH25, ATT DY200T, 45°C, top front mittig,
5514,TP_z24_01_2,23,CU, HM, TP_z24_01, z24, 23.09.23," BaSyTec, SN:1937", CH25, ATT DY200T, 23°C, top front mittig,4.541302233285206
5515,TP_z24_01_2,24,ZYK, HM, TP_z24_01, z24, 24.09.23," BaSyTec, SN:1937", CH25, ATT DY200T, 45°C, top front mittig,
5516,TP_z24_01_2,25,CU, HM, TP_z24_01, z24, 22.10.23," BaSyTec, SN:1937", CH25, ATT DY200T, 23°C, top front mittig,4.510435305071313
5517,TP_z24_01_2,26,ZYK, HM, TP_z24_01, z24, 23.10.23," BaSyTec, SN:1937", CH25, ATT DY200T, 45°C, top front mittig,
5518,TP_z24_01_2,27,exCU, HM, TP_z24_01, z24, 21.11.23," BaSyTec, SN:1937", CH25, ATT DY200T, 23°C, top front mittig,4.4831316511599635
5519,TP_z24_01_2,28,ZYK, HM, TP_z24_01, z24, 23.11.23," BaSyTec, SN:1937", CH25, ATT DY200T, 45°C, top front mittig,
5520,TP_z24_01_2,29,CU, HM, TP_z24_01, z24, 21.12.23," BaSyTec, SN:1937", CH25, ATT DY200T, 23°C, top front mittig,4.447296573354889
5521,TP_z24_01_2,30,ZYK, HM, TP_z24_01, z24, 22.12.23," BaSyTec, SN:1937", CH25, ATT DY200T, 45°C, top front mittig,
5522,TP_z24_01_2,31,CU, HM, TP_z24_01, z24, 19.01.24," BaSyTec, SN:1937", CH25, ATT DY200T, 23°C, top front mittig,4.419326241903807
5523,TP_z24_01_2,32,ZYK, HM, TP_z24_01, z24, 20.01.24," BaSyTec, SN:1937", CH25, ATT DY200T, 45°C, top front mittig,
5524,TP_z24_01_2,33,AT_T10, HM, TP_z24_01, z24, 13.02.24," BaSyTec, SN:1937", CH25, ATT DY200T, 10°C, top front mittig,4.298536309695302
5525,TP_z24_01_2,33,AT_T45, HM, TP_z24_01, z24, 13.02.24," BaSyTec, SN:1937", CH25, ATT DY200T, 45°C, top front mittig,4.486214585667138
5526,TP_z24_01_2,33,AT_T23, HM, TP_z24_01, z24, 13.02.24," BaSyTec, SN:1937", CH25, ATT DY200T, 23°C, top front mittig,4.382412807478664
5527,TP_z24_02_1,1,ET_T23, HM, HM056, z24, 07.10.2021," BaSyTec, SN:1937", CH20/CH21, ATT DY200T, 23°C, top front left,4.806531528648725
5528,TP_z24_02_1,1,ET_T45, HM, HM056, z24, 03.10.2021," BaSyTec, SN:1937", CH20/CH21, ATT DY200T, 45°C, top front left,4.90576219159087
5529,TP_z24_02_1,1,ET_T10, HM, HM056, z24, 01.10.21," BaSyTec, SN:1937", CH20/CH21, ATT DY200T, 10°C, top front left,4.724849135308109
5530,TP_z24_02_1,2,ZYK, HM, HM056, z24, 12.10.21," BaSyTec, SN:1937", CH20/CH21, ATT DY200T, 45°C, top front left,
5531,TP_z24_02_1,3,CU, HM, HM056, z24, 12.10.21," BaSyTec, SN:1937", CH20/CH21, ATT DY200T, 23°C, top front left,4.754470461636342
5532,TP_z24_02_1,4,ZYK, HM, HM056, z24, 20.10.21," BaSyTec, SN:1937", CH20/CH21, ATT DY200T, 45°C, top front left,
5533,TP_z24_02_1,5,CU, HM, HM056, z24, 27.10.21," BaSyTec, SN:1937", CH20/CH21, ATT DY200T, 23°C, top front left,4.725668076312913
5534,TP_z24_02_1,6,ZYK, HM, HM056, z24, 28.10.21," BaSyTec, SN:1937", CH20/CH21, ATT DY200T, 45°C, top front left,
5535,TP_z24_02_1,7,exCU, HM, HM056, z24, 04.11.21," BaSyTec, SN:1937", CH20/CH21, ATT DY200T, 23°C, top front left,4.701886300444205
5536,TP_z24_02_1,8,ZYK, HM, HM056, z24, 06.11.21," BaSyTec, SN:1937", CH20/CH21, ATT DY200T, 45°C, top front left,
5537,TP_z24_02_1,9,CU, HM, HM056, z24, 20.11.21," BaSyTec, SN:1937", CH20/CH21, ATT DY200T, 23°C, top front left,4.6631570924346875
5538,TP_z24_02_1,10,ZYK, HM, HM056, z24, 21.11.21," BaSyTec, SN:1937", CH20/CH21, ATT DY200T, 45°C, top front left,
5539,TP_z24_02_1,11,CU, HM, HM056, z24, 05.12.21," BaSyTec, SN:1937", CH20/CH21, ATT DY200T, 23°C, top front left,4.633532549701361
5540,TP_z24_02_1,12,ZYK, HM, HM056, z24, 06.12.21," BaSyTec, SN:1937", CH20/CH21, ATT DY200T, 45°C, top front left,
5541,TP_z24_02_1,13,exCU, HM, HM056, z24, 20.12.21," BaSyTec, SN:1937", CH20/CH21, ATT DY200T, 23°C, top front left,4.607266575592579
5542,TP_z24_02_1,14,ZYK, HM, HM056, z24, 22.12.21," BaSyTec, SN:1937", CH20/CH21, ATT DY200T, 45°C, top front left,
5543,TP_z24_02_1,15,CU, HM, HM056, z24, 19.01.22," BaSyTec, SN:1937", CH20/CH21, ATT DY200T, 23°C, top front left,4.562293099779973
5544,TP_z24_02_1,16,ZYK, HM, HM056, z24, 20.01.22," BaSyTec, SN:1937.0", CH20/CH21, ATT DY200T, 45.0°C, top front left,
5545,TP_z24_02_1,17,CU, HM, HM056, z24, 15.02.22," BaSyTec, SN:1937.0", CH20/CH21, ATT DY200T, 23.0°C, top front left,4.529855461627967
5546,TP_z24_02_1,18,ZYK, HM, HM056, z24, 16.02.22," BaSyTec, SN:1937.0", CH20/CH21, ATT DY200T, 45.0°C, top front left,
5547,TP_z24_02_1,19,exCU, HM, HM056, z24, 16.03.22," BaSyTec, SN:1937.0", CH20/CH21, ATT DY200T, 23.0°C, top front left,4.495652774273656
5548,TP_z24_02_1,20,ZYK, HM, HM056, z24, 17.03.22," BaSyTec, SN:1937.0", CH20/CH21, ATT DY200T, 45.0°C, top front left,
5549,TP_z24_02_1,21,CU, HM, HM056, z24, 15.04.22," BaSyTec, SN:1937.0", CH20/CH21, ATT DY200T, 23.0°C, top front left,4.462646607486194
5550,TP_z24_02_1,22,ZYK, HM, HM056, z24, 15.04.22," BaSyTec, SN:1937.0", CH20/CH21, ATT DY200T, 45.0°C, top front left,
5551,TP_z24_02_1,23,CU, HM, HM056, z24, 14.05.22," BaSyTec, SN:1937.0", CH20/CH21, ATT DY200T, 23.0°C, top front left,4.435691144761805
5552,TP_z24_02_1,24,ZYK, HM, HM056, z24, 15.05.22," BaSyTec, SN:1937.0", CH20/CH21, ATT DY200T, 45.0°C, top front left,
5553,TP_z24_02_1,25,exCU, HM, HM056, z24, 12.06.22," BaSyTec, SN:1937.0", CH20/CH21, ATT DY200T, 23.0°C, top front left,4.409761480447264
5554,TP_z24_02_1,26,ZYK, HM, HM056, z24, 14.06.22," BaSyTec, SN:1937.0", CH20/CH21, ATT DY200T, 45.0°C, top front left,
5555,TP_z24_02_1,27,CU, HM, HM056, z24, 13.07.22," BaSyTec, SN:1937.0", CH20/CH21, ATT DY200T, 23.0°C, top front left,4.382902358325014
5556,TP_z24_02_1,28,ZYK, HM, HM056, z24, 13.07.22," BaSyTec, SN:1937.0", CH20/CH21, ATT DY200T, 45.0°C, top front left,
5557,TP_z24_02_1,29,CU, HM, HM056, z24, 11.08.22," BaSyTec, SN:1937.0", CH20/CH21, ATT DY200T, 23.0°C, top front left,4.356578554988768
5558,TP_z24_02_1,30,ZYK, HM, HM056, z24, 12.08.22," BaSyTec, SN:1937.0", CH20/CH21, ATT DY200T, 45.0°C, top front left,
5559,TP_z24_02_1,31,AT_T10, HM, HM056, z24, 12.09.2022," BaSyTec, SN:1937", CH20/CH21, ATT DY200T, 10°C, top front left,4.240622091792058
5560,TP_z24_02_1,31,AT_T23, HM, HM056, z24, 12.09.2022," BaSyTec, SN:1937", CH20/CH21, ATT DY200T, 23°C, top front left,4.31909459729949
5561,TP_z24_02_1,31,AT_T45, HM, HM056, z24, 12.09.2022," BaSyTec, SN:1937", CH20/CH21, ATT DY200T, 45°C, top front left,4.401694680127639
5562,TP_z24_02_2,1,ET_T23, HM, TP_z24_02, z24, 07.02.2023," BaSyTec, SN:1937", CH26, ATT DY200T, 23°C, top front right,4.84800231601885
5563,TP_z24_02_2,1,ET_T45, HM, TP_z24_02, z24, 04.02.2023," BaSyTec, SN:1937", CH26, ATT DY200T, 45°C, top front right,4.938389886360201
5564,TP_z24_02_2,1,ET_T10, HM, TP_z24_02, z24, 02.02.23," BaSyTec, SN:1937", CH26, ATT DY200T, 10°C, top front right,4.725075222604088
5565,TP_z24_02_2,2,ZYK, HM, TP_z24_02, z24, 12.02.23," BaSyTec, SN:1937", CH26, ATT DY200T, 45°C, top front right,
5566,TP_z24_02_2,3,CU, HM, TP_z24_02, z24, 19.02.23," BaSyTec, SN:1937", CH26, ATT DY200T, 23°C, top front right,4.808843615204736
5567,TP_z24_02_2,4,ZYK, HM, TP_z24_02, z24, 20.02.23," BaSyTec, SN:1937", CH26, ATT DY200T, 45°C, top front right,
5568,TP_z24_02_2,5,CU, HM, TP_z24_02, z24, 27.02.23," BaSyTec, SN:1937", CH26, ATT DY200T, 23°C, top front right,4.7685764194403975
5569,TP_z24_02_2,6,ZYK, HM, TP_z24_02, z24, 28.02.23," BaSyTec, SN:1937", CH26, ATT DY200T, 45°C, top front right,
5570,TP_z24_02_2,7,exCU, HM, TP_z24_02, z24, 07.03.23," BaSyTec, SN:1937", CH26, ATT DY200T, 23°C, top front right,4.7483373883483235
5571,TP_z24_02_2,8,ZYK, HM, TP_z24_02, z24, 09.03.23," BaSyTec, SN:1937", CH26, ATT DY200T, 45°C, top front right,
5572,TP_z24_02_2,9,CU, HM, TP_z24_02, z24, 22.03.23," BaSyTec, SN:1937", CH26, ATT DY200T, 23°C, top front right,4.713114917620357
5573,TP_z24_02_2,10,ZYK, HM, TP_z24_02, z24, 24.03.23," BaSyTec, SN:1937", CH26, ATT DY200T, 45°C, top front right,
5574,TP_z24_02_2,11,CU, HM, TP_z24_02, z24, 07.04.23," BaSyTec, SN:1937", CH26, ATT DY200T, 23°C, top front right,4.696688088771831
5575,TP_z24_02_2,12,ZYK, HM, TP_z24_02, z24, 08.04.23," BaSyTec, SN:1937", CH26, ATT DY200T, 45°C, top front right,
5576,TP_z24_02_2,13,exCU, HM, TP_z24_02, z24, 22.04.23," BaSyTec, SN:1937", CH26, ATT DY200T, 23°C, top front right,4.677521857648674
5577,TP_z24_02_2,15,CU, HM, TP_z24_02, z24, 10.05.23," BaSyTec, SN:1937", CH26, ATT DY200T, 23°C, top front right,4.629749998926884
5578,TP_z24_02_2,16,ZYK, HM, TP_z24_02, z24, 11.05.23," BaSyTec, SN:1937", CH26, ATT DY200T, 45°C, top front right,
5579,TP_z24_02_2,17,CU, HM, TP_z24_02, z24, 08.06.23," BaSyTec, SN:1937", CH26, ATT DY200T, 23°C, top front right,4.6190588604823954
5580,TP_z24_02_2,18,ZYK, HM, TP_z24_02, z24, 09.06.23," BaSyTec, SN:1937", CH26, ATT DY200T, 45°C, top front right,
5581,TP_z24_02_2,19,CU, HM, TP_z24_02, z24, 07.07.23," BaSyTec, SN:1937", CH26, ATT DY200T, 23°C, top front right,4.5844502073800575
5582,TP_z24_02_2,20,ZYK, HM, TP_z24_02, z24, 08.07.23," BaSyTec, SN:1937", CH26, ATT DY200T, 45°C, top front right,
5583,TP_z24_02_2,21,exCU, HM, TP_z24_02, z24, 05.08.23," BaSyTec, SN:1937", CH26, ATT DY200T, 23°C, top front right,4.556393246282907
5584,TP_z24_02_2,22,ZYK, HM, TP_z24_02, z24, 07.08.23," BaSyTec, SN:1937", CH26, ATT DY200T, 45°C, top front right,
5585,TP_z24_02_2,23,CU, HM, TP_z24_02, z24, 23.09.23," BaSyTec, SN:1937", CH26, ATT DY200T, 23°C, top front right,4.529582487358143
5586,TP_z24_02_2,24,ZYK, HM, TP_z24_02, z24, 24.09.23," BaSyTec, SN:1937", CH26, ATT DY200T, 45°C, top front right,
5587,TP_z24_02_2,25,CU, HM, TP_z24_02, z24, 22.10.23," BaSyTec, SN:1937", CH26, ATT DY200T, 23°C, top front right,4.497970158492155
5588,TP_z24_02_2,26,ZYK, HM, TP_z24_02, z24, 23.10.23," BaSyTec, SN:1937", CH26, ATT DY200T, 45°C, top front right,
5589,TP_z24_02_2,27,exCU, HM, TP_z24_02, z24, 21.11.23," BaSyTec, SN:1937", CH26, ATT DY200T, 23°C, top front right,4.475079852061893
5590,TP_z24_02_2,28,ZYK, HM, TP_z24_02, z24, 23.11.23," BaSyTec, SN:1937", CH26, ATT DY200T, 45°C, top front right,
5591,TP_z24_02_2,29,CU, HM, TP_z24_02, z24, 21.12.23," BaSyTec, SN:1937", CH26, ATT DY200T, 23°C, top front right,4.440391491499337
5592,TP_z24_02_2,30,ZYK, HM, TP_z24_02, z24, 22.12.23," BaSyTec, SN:1937", CH26, ATT DY200T, 45°C, top front right,
5593,TP_z24_02_2,31,CU, HM, TP_z24_02, z24, 19.01.24," BaSyTec, SN:1937", CH26, ATT DY200T, 23°C, top front right,4.415034384258932
5594,TP_z24_02_2,32,ZYK, HM, TP_z24_02, z24, 20.01.24," BaSyTec, SN:1937", CH26, ATT DY200T, 45°C, top front right,
5595,TP_z24_02_2,33,AT_T10, HM, TP_z24_02, z24, 13.02.24," BaSyTec, SN:1937", CH26, ATT DY200T, 10°C, top front right,4.340678293941542
5596,TP_z24_02_2,33,AT_T45, HM, TP_z24_02, z24, 13.02.24," BaSyTec, SN:1937", CH26, ATT DY200T, 45°C, top front right,4.476865075085353
5597,TP_z24_02_2,33,AT_T23, HM, TP_z24_02, z24, 13.02.24," BaSyTec, SN:1937", CH26, ATT DY200T, 23°C, top front right,4.375133447897262
5598,TP_z24_03_1,1,ET_T10, HM, HM057, z24, 01.10.21," BaSyTec, SN:1937", CH22/CH23, ATT DY200T, 10°C, top front left,4.830807046627031
5599,TP_z24_03_1,1,ET_T45, HM, HM057, z24, 03.10.2021," BaSyTec, SN:1937", CH22/CH23, ATT DY200T, 45°C, top front left,4.9985535137144215
5600,TP_z24_03_1,1,ET_T23, HM, HM057, z24, 07.10.2021," BaSyTec, SN:1937", CH22/CH23, ATT DY200T, 23°C, top front left,4.899399460912328
5601,TP_z24_03_1,2,ZYK, HM, HM057, z24, 12.10.21," BaSyTec, SN:1937", CH22/CH23, ATT DY200T, 45°C, top front left,
5602,TP_z24_03_1,3,CU, HM, HM057, z24, 12.10.21," BaSyTec, SN:1937", CH22/CH23, ATT DY200T, 23°C, top front left,4.837967537358533
5603,TP_z24_03_1,4,ZYK, HM, HM057, z24, 20.10.21," BaSyTec, SN:1937", CH22/CH23, ATT DY200T, 45°C, top front left,
5604,TP_z24_03_1,5,CU, HM, HM057, z24, 27.10.21," BaSyTec, SN:1937", CH22/CH23, ATT DY200T, 23°C, top front left,4.804752890671429
5605,TP_z24_03_1,6,ZYK, HM, HM057, z24, 28.10.21," BaSyTec, SN:1937", CH22/CH23, ATT DY200T, 45°C, top front left,
5606,TP_z24_03_1,7,exCU, HM, HM057, z24, 04.11.21," BaSyTec, SN:1937", CH22/CH23, ATT DY200T, 23°C, top front left,4.778118726905659
5607,TP_z24_03_1,8,ZYK, HM, HM057, z24, 06.11.21," BaSyTec, SN:1937", CH22/CH23, ATT DY200T, 45°C, top front left,
5608,TP_z24_03_1,9,CU, HM, HM057, z24, 20.11.21," BaSyTec, SN:1937", CH22/CH23, ATT DY200T, 23°C, top front left,4.734068583181649
5609,TP_z24_03_1,10,ZYK, HM, HM057, z24, 21.11.21," BaSyTec, SN:1937", CH22/CH23, ATT DY200T, 45°C, top front left,
5610,TP_z24_03_1,11,CU, HM, HM057, z24, 05.12.21," BaSyTec, SN:1937", CH22/CH23, ATT DY200T, 23°C, top front left,4.704603418612834
5611,TP_z24_03_1,12,ZYK, HM, HM057, z24, 06.12.21," BaSyTec, SN:1937", CH22/CH23, ATT DY200T, 45°C, top front left,
5612,TP_z24_03_1,13,exCU, HM, HM057, z24, 20.12.21," BaSyTec, SN:1937", CH22/CH23, ATT DY200T, 23°C, top front left,4.677107684586398
5613,TP_z24_03_1,14,ZYK, HM, HM057, z24, 22.12.21," BaSyTec, SN:1937", CH22/CH23, ATT DY200T, 45°C, top front left,
5614,TP_z24_03_1,15,CU, HM, HM057, z24, 19.01.22," BaSyTec, SN:1937", CH22/CH23, ATT DY200T, 23°C, top front left,4.6266708433825094
5615,TP_z24_03_1,16,ZYK, HM, HM057, z24, 20.01.22," BaSyTec, SN:1937.0", CH22/CH23, ATT DY200T, 45.0°C, top front left,
5616,TP_z24_03_1,17,CU, HM, HM057, z24, 15.02.22," BaSyTec, SN:1937.0", CH22/CH23, ATT DY200T, 23.0°C, top front left,4.592248478276479
5617,TP_z24_03_1,18,ZYK, HM, HM057, z24, 16.02.22," BaSyTec, SN:1937.0", CH22/CH23, ATT DY200T, 45.0°C, top front left,
5618,TP_z24_03_1,19,exCU, HM, HM057, z24, 16.03.22," BaSyTec, SN:1937.0", CH22/CH23, ATT DY200T, 23.0°C, top front left,4.5546439004007215
5619,TP_z24_03_1,20,ZYK, HM, HM057, z24, 17.03.22," BaSyTec, SN:1937.0", CH22/CH23, ATT DY200T, 45.0°C, top front left,
5620,TP_z24_03_1,21,CU, HM, HM057, z24, 15.04.22," BaSyTec, SN:1937.0", CH22/CH23, ATT DY200T, 23.0°C, top front left,4.518292399867807
5621,TP_z24_03_1,22,ZYK, HM, HM057, z24, 15.04.22," BaSyTec, SN:1937.0", CH22/CH23, ATT DY200T, 45.0°C, top front left,
5622,TP_z24_03_1,23,CU, HM, HM057, z24, 14.05.22," BaSyTec, SN:1937.0", CH22/CH23, ATT DY200T, 23.0°C, top front left,4.488483558854217
5623,TP_z24_03_1,24,ZYK, HM, HM057, z24, 15.05.22," BaSyTec, SN:1937.0", CH22/CH23, ATT DY200T, 45.0°C, top front left,
5624,TP_z24_03_1,25,exCU, HM, HM057, z24, 12.06.22," BaSyTec, SN:1937.0", CH22/CH23, ATT DY200T, 23.0°C, top front left,4.4601612354041125
5625,TP_z24_03_1,26,ZYK, HM, HM057, z24, 14.06.22," BaSyTec, SN:1937.0", CH22/CH23, ATT DY200T, 45.0°C, top front left,
5626,TP_z24_03_1,27,CU, HM, HM057, z24, 13.07.22," BaSyTec, SN:1937.0", CH22/CH23, ATT DY200T, 23.0°C, top front left,4.432726992633362
5627,TP_z24_03_1,28,ZYK, HM, HM057, z24, 13.07.22," BaSyTec, SN:1937.0", CH22/CH23, ATT DY200T, 45.0°C, top front left,
5628,TP_z24_03_1,29,CU, HM, HM057, z24, 11.08.22," BaSyTec, SN:1937.0", CH22/CH23, ATT DY200T, 23.0°C, top front left,4.408606812168182
5629,TP_z24_03_1,30,ZYK, HM, HM057, z24, 12.08.22," BaSyTec, SN:1937.0", CH22/CH23, ATT DY200T, 45.0°C, top front left,
5630,TP_z24_03_1,31,AT_T45, HM, HM057, z24, 12.09.2022," BaSyTec, SN:1937", CH22/CH23, ATT DY200T, 45°C, top front left,4.469082087912349
5631,TP_z24_03_1,31,AT_T23, HM, HM057, z24, 12.09.2022," BaSyTec, SN:1937", CH22/CH23, ATT DY200T, 23°C, top front left,4.38528670640892
5632,TP_z24_03_1,31,AT_T10, HM, HM057, z24, 12.09.2022," BaSyTec, SN:1937", CH22/CH23, ATT DY200T, 10°C, top front left,4.28522456556681
5633,TP_z24_03_2,1,ET_T10, HM, TP_z24_03, z24, 02.02.23," BaSyTec, SN:1937", CH27, ATT DY200T, 10°C, top front right,4.725328087949643
5634,TP_z24_03_2,1,ET_T45, HM, TP_z24_03, z24, 04.02.2023," BaSyTec, SN:1937", CH27, ATT DY200T, 45°C, top front right,4.951381688422179
5635,TP_z24_03_2,1,ET_T23, HM, TP_z24_03, z24, 07.02.2023," BaSyTec, SN:1937", CH27, ATT DY200T, 23°C, top front right,4.859396454743237
5636,TP_z24_03_2,2,ZYK, HM, TP_z24_03, z24, 12.02.23," BaSyTec, SN:1937", CH27, ATT DY200T, 45°C, top front right,
5637,TP_z24_03_2,3,CU, HM, TP_z24_03, z24, 19.02.23," BaSyTec, SN:1937", CH27, ATT DY200T, 23°C, top front right,4.821829253929246
5638,TP_z24_03_2,4,ZYK, HM, TP_z24_03, z24, 20.02.23," BaSyTec, SN:1937", CH27, ATT DY200T, 45°C, top front right,
5639,TP_z24_03_2,5,CU, HM, TP_z24_03, z24, 27.02.23," BaSyTec, SN:1937", CH27, ATT DY200T, 23°C, top front right,4.780852086635337
5640,TP_z24_03_2,6,ZYK, HM, TP_z24_03, z24, 28.02.23," BaSyTec, SN:1937", CH27, ATT DY200T, 45°C, top front right,
5641,TP_z24_03_2,7,exCU, HM, TP_z24_03, z24, 07.03.23," BaSyTec, SN:1937", CH27, ATT DY200T, 23°C, top front right,4.759651943313345
5642,TP_z24_03_2,8,ZYK, HM, TP_z24_03, z24, 09.03.23," BaSyTec, SN:1937", CH27, ATT DY200T, 45°C, top front right,
5643,TP_z24_03_2,9,CU, HM, TP_z24_03, z24, 22.03.23," BaSyTec, SN:1937", CH27, ATT DY200T, 23°C, top front right,4.723261359685789
5644,TP_z24_03_2,10,ZYK, HM, TP_z24_03, z24, 24.03.23," BaSyTec, SN:1937", CH27, ATT DY200T, 45°C, top front right,
5645,TP_z24_03_2,11,CU, HM, TP_z24_03, z24, 07.04.23," BaSyTec, SN:1937", CH27, ATT DY200T, 23°C, top front right,4.704640003140257
5646,TP_z24_03_2,12,ZYK, HM, TP_z24_03, z24, 08.04.23," BaSyTec, SN:1937", CH27, ATT DY200T, 45°C, top front right,
5647,TP_z24_03_2,13,exCU, HM, TP_z24_03, z24, 22.04.23," BaSyTec, SN:1937", CH27, ATT DY200T, 23°C, top front right,4.685300584066527
5648,TP_z24_03_2,15,CU, HM, TP_z24_03, z24, 10.05.23," BaSyTec, SN:1937", CH27, ATT DY200T, 23°C, top front right,4.640202002904424
5649,TP_z24_03_2,16,ZYK, HM, TP_z24_03, z24, 11.05.23," BaSyTec, SN:1937", CH27, ATT DY200T, 45°C, top front right,
5650,TP_z24_03_2,17,CU, HM, TP_z24_03, z24, 08.06.23," BaSyTec, SN:1937", CH27, ATT DY200T, 23°C, top front right,4.6231729054128525
5651,TP_z24_03_2,18,ZYK, HM, TP_z24_03, z24, 09.06.23," BaSyTec, SN:1937", CH27, ATT DY200T, 45°C, top front right,
5652,TP_z24_03_2,19,CU, HM, TP_z24_03, z24, 07.07.23," BaSyTec, SN:1937", CH27, ATT DY200T, 23°C, top front right,4.590069556093628
5653,TP_z24_03_2,20,ZYK, HM, TP_z24_03, z24, 08.07.23," BaSyTec, SN:1937", CH27, ATT DY200T, 45°C, top front right,
5654,TP_z24_03_2,21,exCU, HM, TP_z24_03, z24, 05.08.23," BaSyTec, SN:1937", CH27, ATT DY200T, 23°C, top front right,4.561328266421224
5655,TP_z24_03_2,22,ZYK, HM, TP_z24_03, z24, 07.08.23," BaSyTec, SN:1937", CH27, ATT DY200T, 45°C, top front right,
5656,TP_z24_03_2,23,CU, HM, TP_z24_03, z24, 23.09.23," BaSyTec, SN:1937", CH27, ATT DY200T, 23°C, top front right,4.539405242733761
5657,TP_z24_03_2,24,ZYK, HM, TP_z24_03, z24, 24.09.23," BaSyTec, SN:1937", CH27, ATT DY200T, 45°C, top front right,
5658,TP_z24_03_2,25,CU, HM, TP_z24_03, z24, 22.10.23," BaSyTec, SN:1937", CH27, ATT DY200T, 23°C, top front right,4.504699531047699
5659,TP_z24_03_2,26,ZYK, HM, TP_z24_03, z24, 23.10.23," BaSyTec, SN:1937", CH27, ATT DY200T, 45°C, top front right,
5660,TP_z24_03_2,27,exCU, HM, TP_z24_03, z24, 21.11.23," BaSyTec, SN:1937", CH27, ATT DY200T, 23°C, top front right,4.485007343993622
5661,TP_z24_03_2,28,ZYK, HM, TP_z24_03, z24, 23.11.23," BaSyTec, SN:1937", CH27, ATT DY200T, 45°C, top front right,
5662,TP_z24_03_2,29,CU, HM, TP_z24_03, z24, 21.12.23," BaSyTec, SN:1937", CH27, ATT DY200T, 23°C, top front right,4.4471040051372945
5663,TP_z24_03_2,30,ZYK, HM, TP_z24_03, z24, 22.12.23," BaSyTec, SN:1937", CH27, ATT DY200T, 45°C, top front right,
5664,TP_z24_03_2,31,CU, HM, TP_z24_03, z24, 19.01.24," BaSyTec, SN:1937", CH27, ATT DY200T, 23°C, top front right,4.422831122178868
5665,TP_z24_03_2,32,ZYK, HM, TP_z24_03, z24, 20.01.24," BaSyTec, SN:1937", CH27, ATT DY200T, 45°C, top front right,
5666,TP_z24_03_2,33,AT_T23, HM, TP_z24_03, z24, 13.02.24," BaSyTec, SN:1937", CH27, ATT DY200T, 23°C, top front right,4.385607649095473
5667,TP_z24_03_2,33,AT_T45, HM, TP_z24_03, z24, 13.02.24," BaSyTec, SN:1937", CH27, ATT DY200T, 45°C, top front right,4.487140585124019
5668,TP_z24_03_2,33,AT_T10, HM, TP_z24_03, z24, 13.02.24," BaSyTec, SN:1937", CH27, ATT DY200T, 10°C, top front right,4.302191502175459
5669,TP_z25_01_1,1,ET_T45, HM, HM058, z25, 03.10.2021," BaSyTec, SN:1937", CH24/CH25, ATT DY200T, 45°C, top front mittig,3.8751965714619327
5670,TP_z25_01_1,1,ET_T23, HM, HM058, z25, 07.10.2021," BaSyTec, SN:1937", CH24/CH25, ATT DY200T, 23°C, top front mittig,4.8800767452016025
5671,TP_z25_01_1,1,ET_T10, HM, HM058, z25, 01.10.21," BaSyTec, SN:1937", CH24/CH25, ATT DY200T, 10°C, top front mittig,4.81839671380301
5672,TP_z25_01_1,2,ZYK, HM, HM058, z25, 14.10.21," BaSyTec, SN:1937", CH24/CH25, ATT DY200T, 45°C, top front mittig,
5673,TP_z25_01_1,3,CU, HM, HM058, z25, 14.10.21," BaSyTec, SN:1937", CH24/CH25, ATT DY200T, 23°C, top front mittig,4.824962332289994
5674,TP_z25_01_1,4,ZYK, HM, HM058, z25, 20.10.21," BaSyTec, SN:1937", CH24/CH25, ATT DY200T, 45°C, top front mittig,
5675,TP_z25_01_1,5,CU, HM, HM058, z25, 27.10.21," BaSyTec, SN:1937", CH24/CH25, ATT DY200T, 23°C, top front mittig,4.69129653825064
5676,TP_z25_01_1,6,ZYK, HM, HM058, z25, 28.10.21," BaSyTec, SN:1937", CH24/CH25, ATT DY200T, 45°C, top front mittig,
5677,TP_z25_01_1,7,exCU, HM, HM058, z25, 04.11.21," BaSyTec, SN:1937", CH24/CH25, ATT DY200T, 23°C, top front mittig,4.661031390354426
5678,TP_z25_01_1,8,ZYK, HM, HM058, z25, 06.11.21," BaSyTec, SN:1937", CH24/CH25, ATT DY200T, 45°C, top front mittig,
5679,TP_z25_01_1,9,CU, HM, HM058, z25, 14.10.21," BaSyTec, SN:1937", CH24/CH25, ATT DY200T, 23°C, top front mittig,4.5739633410901135
5680,TP_z25_01_1,10,ZYK, HM, HM058, z25, 21.11.21," BaSyTec, SN:1937", CH24/CH25, ATT DY200T, 45°C, top front mittig,
5681,TP_z25_01_1,11,CU, HM, HM058, z25, 14.10.21," BaSyTec, SN:1937", CH24/CH25, ATT DY200T, 23°C, top front mittig,4.5161351070702835
5682,TP_z25_01_1,12,ZYK, HM, HM058, z25, 06.12.21," BaSyTec, SN:1937", CH24/CH25, ATT DY200T, 45°C, top front mittig,
5683,TP_z25_01_1,13,exCU, HM, HM058, z25, 14.10.21," BaSyTec, SN:1937", CH24/CH25, ATT DY200T, 23°C, top front mittig,4.469824443837505
5684,TP_z25_01_1,14,ZYK, HM, HM058, z25, 22.12.21," BaSyTec, SN:1937", CH24/CH25, ATT DY200T, 45°C, top front mittig,
5685,TP_z25_01_1,15,CU, HM, HM058, z25, 14.10.21," BaSyTec, SN:1937", CH24/CH25, ATT DY200T, 23°C, top front mittig,4.385062401514579
5686,TP_z25_01_1,16,ZYK, HM, HM058, z25, 20.01.22," BaSyTec, SN:1937.0", CH24/CH25, ATT DY200T, 45.0°C, top front mittig,
5687,TP_z25_01_1,17,CU, HM, HM058, z25, 14.10.21," BaSyTec, SN:1937.0", CH24/CH25, ATT DY200T, 23.0°C, top front mittig,4.338785637228673
5688,TP_z25_01_1,18,ZYK, HM, HM058, z25, 16.02.22," BaSyTec, SN:1937.0", CH24/CH25, ATT DY200T, 45.0°C, top front mittig,
5689,TP_z25_01_1,19,exCU, HM, HM058, z25, 14.10.21," BaSyTec, SN:1937.0", CH24/CH25, ATT DY200T, 23.0°C, top front mittig,4.25962962433151
5690,TP_z25_01_1,20,ZYK, HM, HM058, z25, 17.03.22," BaSyTec, SN:1937.0", CH24/CH25, ATT DY200T, 45.0°C, top front mittig,
5691,TP_z25_01_1,21,CU, HM, HM058, z25, 14.10.21," BaSyTec, SN:1937.0", CH24/CH25, ATT DY200T, 23.0°C, top front mittig,4.1833765684242445
5692,TP_z25_01_1,22,ZYK, HM, HM058, z25, 15.04.22," BaSyTec, SN:1937.0", CH24/CH25, ATT DY200T, 45.0°C, top front mittig,
5693,TP_z25_01_1,23,CU, HM, HM058, z25, 14.10.21," BaSyTec, SN:1937.0", CH24/CH25, ATT DY200T, 23.0°C, top front mittig,4.125512386821869
5694,TP_z25_01_1,24,ZYK, HM, HM058, z25, 15.05.22," BaSyTec, SN:1937.0", CH24/CH25, ATT DY200T, 45.0°C, top front mittig,
5695,TP_z25_01_1,25,exCU, HM, HM058, z25, 14.10.21," BaSyTec, SN:1937.0", CH24/CH25, ATT DY200T, 23.0°C, top front mittig,4.050761038408298
5696,TP_z25_01_1,26,ZYK, HM, HM058, z25, 14.06.22," BaSyTec, SN:1937.0", CH24/CH25, ATT DY200T, 45.0°C, top front mittig,
5697,TP_z25_01_1,27,CU, HM, HM058, z25, 14.10.21," BaSyTec, SN:1937.0", CH24/CH25, ATT DY200T, 23.0°C, top front mittig,4.349089054864876
5698,TP_z25_01_1,28,ZYK, HM, HM058, z25, 13.07.22," BaSyTec, SN:1937.0", CH24/CH25, ATT DY200T, 45.0°C, top front mittig,
5699,TP_z25_01_1,29,CU, HM, HM058, z25, 14.10.21," BaSyTec, SN:1937.0", CH24/CH25, ATT DY200T, 23.0°C, top front mittig,3.787464487430849
5700,TP_z25_01_1,30,ZYK, HM, HM058, z25, 12.08.22," BaSyTec, SN:1937.0", CH24/CH25, ATT DY200T, 45.0°C, top front mittig,
5701,TP_z25_01_1,31,AT_T10, HM, HM058, z25, 12.09.2022," BaSyTec, SN:1937", CH24/CH25, ATT DY200T, 10°C, top front mittig,4.626250523732892
5702,TP_z25_01_1,31,AT_T45, HM, HM058, z25, 12.09.2022," BaSyTec, SN:1937", CH24/CH25, ATT DY200T, 45°C, top front mittig,4.018868074606814
5703,TP_z25_01_1,31,AT_T23, HM, HM058, z25, 12.09.2022," BaSyTec, SN:1937", CH24/CH25, ATT DY200T, 23°C, top front mittig,3.8710619642133075
5704,TP_z25_02_1,1,ET_T45, HM, HM059, z25, 03.10.2021," BaSyTec, SN:1937", CH26/CH27, ATT DY200T, 45°C, top front mittig,4.984467223710695
5705,TP_z25_02_1,1,ET_T23, HM, HM059, z25, 07.10.2021," BaSyTec, SN:1937", CH26/CH27, ATT DY200T, 23°C, top front mittig,4.886530975306754
5706,TP_z25_02_1,1,ET_T10, HM, HM059, z25, 01.10.21," BaSyTec, SN:1937", CH26/CH27, ATT DY200T, 10°C, top front mittig,4.826087712933569
5707,TP_z25_02_1,2,ZYK, HM, HM059, z25, 12.10.21," BaSyTec, SN:1937", CH26/CH27, ATT DY200T, 45°C, top front mittig,
5708,TP_z25_02_1,3,CU, HM, HM059, z25, 12.10.21," BaSyTec, SN:1937", CH26/CH27, ATT DY200T, 23°C, top front mittig,4.803203477848822
5709,TP_z25_02_1,4,ZYK, HM, HM059, z25, 20.10.21," BaSyTec, SN:1937", CH26/CH27, ATT DY200T, 45°C, top front mittig,
5710,TP_z25_02_1,5,CU, HM, HM059, z25, 27.10.21," BaSyTec, SN:1937", CH26/CH27, ATT DY200T, 23°C, top front mittig,4.75958501317991
5711,TP_z25_02_1,6,ZYK, HM, HM059, z25, 28.10.21," BaSyTec, SN:1937", CH26/CH27, ATT DY200T, 45°C, top front mittig,
5712,TP_z25_02_1,7,exCU, HM, HM059, z25, 04.11.21," BaSyTec, SN:1937", CH26/CH27, ATT DY200T, 23°C, top front mittig,4.725478307592015
5713,TP_z25_02_1,8,ZYK, HM, HM059, z25, 06.11.21," BaSyTec, SN:1937", CH26/CH27, ATT DY200T, 45°C, top front mittig,
5714,TP_z25_02_1,9,CU, HM, HM059, z25, 20.11.21," BaSyTec, SN:1937", CH26/CH27, ATT DY200T, 23°C, top front mittig,4.672430601604633
5715,TP_z25_02_1,10,ZYK, HM, HM059, z25, 21.11.21," BaSyTec, SN:1937", CH26/CH27, ATT DY200T, 45°C, top front mittig,
5716,TP_z25_02_1,11,CU, HM, HM059, z25, 05.12.21," BaSyTec, SN:1937", CH26/CH27, ATT DY200T, 23°C, top front mittig,4.634862258900325
5717,TP_z25_02_1,12,ZYK, HM, HM059, z25, 06.12.21," BaSyTec, SN:1937", CH26/CH27, ATT DY200T, 45°C, top front mittig,
5718,TP_z25_02_1,13,exCU, HM, HM059, z25, 20.12.21," BaSyTec, SN:1937", CH26/CH27, ATT DY200T, 23°C, top front mittig,4.601367754240133
5719,TP_z25_02_1,14,ZYK, HM, HM059, z25, 22.12.21," BaSyTec, SN:1937", CH26/CH27, ATT DY200T, 45°C, top front mittig,
5720,TP_z25_02_1,15,CU, HM, HM059, z25, 19.01.22," BaSyTec, SN:1937", CH26/CH27, ATT DY200T, 23°C, top front mittig,4.540632497869849
5721,TP_z25_02_1,16,ZYK, HM, HM059, z25, 20.01.22," BaSyTec, SN:1937.0", CH26/CH27, ATT DY200T, 45.0°C, top front mittig,
5722,TP_z25_02_1,17,CU, HM, HM059, z25, 15.02.22," BaSyTec, SN:1937.0", CH26/CH27, ATT DY200T, 23.0°C, top front mittig,4.4975919199272205
5723,TP_z25_02_1,18,ZYK, HM, HM059, z25, 16.02.22," BaSyTec, SN:1937.0", CH26/CH27, ATT DY200T, 45.0°C, top front mittig,
5724,TP_z25_02_1,19,exCU, HM, HM059, z25, 16.03.22," BaSyTec, SN:1937.0", CH26/CH27, ATT DY200T, 23.0°C, top front mittig,4.449203948781491
5725,TP_z25_02_1,20,ZYK, HM, HM059, z25, 17.03.22," BaSyTec, SN:1937.0", CH26/CH27, ATT DY200T, 45.0°C, top front mittig,
5726,TP_z25_02_1,21,CU, HM, HM059, z25, 15.04.22," BaSyTec, SN:1937.0", CH26/CH27, ATT DY200T, 23.0°C, top front mittig,4.4022945459364795
5727,TP_z25_02_1,22,ZYK, HM, HM059, z25, 15.04.22," BaSyTec, SN:1937.0", CH26/CH27, ATT DY200T, 45.0°C, top front mittig,
5728,TP_z25_02_1,23,CU, HM, HM059, z25, 14.05.22," BaSyTec, SN:1937.0", CH26/CH27, ATT DY200T, 23.0°C, top front mittig,4.3579985914737085
5729,TP_z25_02_1,24,ZYK, HM, HM059, z25, 15.05.22," BaSyTec, SN:1937.0", CH26/CH27, ATT DY200T, 45.0°C, top front mittig,
5730,TP_z25_02_1,25,exCU, HM, HM059, z25, 12.06.22," BaSyTec, SN:1937.0", CH26/CH27, ATT DY200T, 23.0°C, top front mittig,4.315267994867766
5731,TP_z25_02_1,26,ZYK, HM, HM059, z25, 14.06.22," BaSyTec, SN:1937.0", CH26/CH27, ATT DY200T, 45.0°C, top front mittig,
5732,TP_z25_02_1,27,CU, HM, HM059, z25, 13.07.22," BaSyTec, SN:1937.0", CH26/CH27, ATT DY200T, 23.0°C, top front mittig,4.277524584132864
5733,TP_z25_02_1,28,ZYK, HM, HM059, z25, 13.07.22," BaSyTec, SN:1937.0", CH26/CH27, ATT DY200T, 45.0°C, top front mittig,
5734,TP_z25_02_1,29,CU, HM, HM059, z25, 11.08.22," BaSyTec, SN:1937.0", CH26/CH27, ATT DY200T, 23.0°C, top front mittig,4.235889648118878
5735,TP_z25_02_1,30,ZYK, HM, HM059, z25, 12.08.22," BaSyTec, SN:1937.0", CH26/CH27, ATT DY200T, 45.0°C, top front mittig,
5736,TP_z25_02_1,31,AT_T10, HM, HM059, z25, 12.09.2022," BaSyTec, SN:1937", CH26/CH27, ATT DY200T, 10°C, top front mittig,4.106858877439412
5737,TP_z25_02_1,31,AT_T45, HM, HM059, z25, 12.09.2022," BaSyTec, SN:1937", CH26/CH27, ATT DY200T, 45°C, top front mittig,4.2880990840796
5738,TP_z25_02_1,31,AT_T23, HM, HM059, z25, 12.09.2022," BaSyTec, SN:1937", CH26/CH27, ATT DY200T, 23°C, top front mittig,4.191579473523115
5739,TP_z25_03_1,1,ET_T10, HM, HM060, z25, 01.10.21," BaSyTec, SN:1937", CH28/CH29, ATT DY200T, 10°C, top front mittig,4.834427720719083
5740,TP_z25_03_1,1,ET_T23, HM, HM060, z25, 07.10.2021," BaSyTec, SN:1937", CH28/CH29, ATT DY200T, 23°C, top front mittig,4.896205318403449
5741,TP_z25_03_1,1,ET_T45, HM, HM060, z25, 03.10.2021," BaSyTec, SN:1937", CH28/CH29, ATT DY200T, 45°C, top front mittig,4.9973960748675506
5742,TP_z25_03_1,2,ZYK, HM, HM060, z25, 12.10.21," BaSyTec, SN:1937", CH28/CH29, ATT DY200T, 45°C, top front mittig,
5743,TP_z25_03_1,3,CU, HM, HM060, z25, 12.10.21," BaSyTec, SN:1937", CH28/CH29, ATT DY200T, 23°C, top front mittig,4.814611892677218
5744,TP_z25_03_1,4,ZYK, HM, HM060, z25, 20.10.21," BaSyTec, SN:1937", CH28/CH29, ATT DY200T, 45°C, top front mittig,
5745,TP_z25_03_1,5,CU, HM, HM060, z25, 27.10.21," BaSyTec, SN:1937", CH28/CH29, ATT DY200T, 23°C, top front mittig,4.772345844258586
5746,TP_z25_03_1,6,ZYK, HM, HM060, z25, 28.10.21," BaSyTec, SN:1937", CH28/CH29, ATT DY200T, 45°C, top front mittig,
5747,TP_z25_03_1,7,exCU, HM, HM060, z25, 04.11.21," BaSyTec, SN:1937", CH28/CH29, ATT DY200T, 23°C, top front mittig,4.738336419474353
5748,TP_z25_03_1,8,ZYK, HM, HM060, z25, 06.11.21," BaSyTec, SN:1937", CH28/CH29, ATT DY200T, 45°C, top front mittig,
5749,TP_z25_03_1,9,CU, HM, HM060, z25, 20.11.21," BaSyTec, SN:1937", CH28/CH29, ATT DY200T, 23°C, top front mittig,4.685941680647792
5750,TP_z25_03_1,10,ZYK, HM, HM060, z25, 21.11.21," BaSyTec, SN:1937", CH28/CH29, ATT DY200T, 45°C, top front mittig,
5751,TP_z25_03_1,11,CU, HM, HM060, z25, 05.12.21," BaSyTec, SN:1937", CH28/CH29, ATT DY200T, 23°C, top front mittig,4.650193390838361
5752,TP_z25_03_1,12,ZYK, HM, HM060, z25, 06.12.21," BaSyTec, SN:1937", CH28/CH29, ATT DY200T, 45°C, top front mittig,
5753,TP_z25_03_1,13,exCU, HM, HM060, z25, 20.12.21," BaSyTec, SN:1937", CH28/CH29, ATT DY200T, 23°C, top front mittig,4.618550670409077
5754,TP_z25_03_1,14,ZYK, HM, HM060, z25, 22.12.21," BaSyTec, SN:1937", CH28/CH29, ATT DY200T, 45°C, top front mittig,
5755,TP_z25_03_1,15,CU, HM, HM060, z25, 19.01.22," BaSyTec, SN:1937", CH28/CH29, ATT DY200T, 23°C, top front mittig,4.555134675722607
5756,TP_z25_03_1,16,ZYK, HM, HM060, z25, 20.01.22," BaSyTec, SN:1937.0", CH28/CH29, ATT DY200T, 45.0°C, top front mittig,
5757,TP_z25_03_1,17,CU, HM, HM060, z25, 15.02.22," BaSyTec, SN:1937.0", CH28/CH29, ATT DY200T, 23.0°C, top front mittig,4.510366621572766
5758,TP_z25_03_1,18,ZYK, HM, HM060, z25, 16.02.22," BaSyTec, SN:1937.0", CH28/CH29, ATT DY200T, 45.0°C, top front mittig,
5759,TP_z25_03_1,19,exCU, HM, HM060, z25, 16.03.22," BaSyTec, SN:1937.0", CH28/CH29, ATT DY200T, 23.0°C, top front mittig,4.459926344076528
5760,TP_z25_03_1,20,ZYK, HM, HM060, z25, 17.03.22," BaSyTec, SN:1937.0", CH28/CH29, ATT DY200T, 45.0°C, top front mittig,
5761,TP_z25_03_1,21,CU, HM, HM060, z25, 15.04.22," BaSyTec, SN:1937.0", CH28/CH29, ATT DY200T, 23.0°C, top front mittig,4.409204644018219
5762,TP_z25_03_1,22,ZYK, HM, HM060, z25, 15.04.22," BaSyTec, SN:1937.0", CH28/CH29, ATT DY200T, 45.0°C, top front mittig,
5763,TP_z25_03_1,23,CU, HM, HM060, z25, 14.05.22," BaSyTec, SN:1937.0", CH28/CH29, ATT DY200T, 23.0°C, top front mittig,4.364384235226609
5764,TP_z25_03_1,24,ZYK, HM, HM060, z25, 15.05.22," BaSyTec, SN:1937.0", CH28/CH29, ATT DY200T, 45.0°C, top front mittig,
5765,TP_z25_03_1,25,exCU, HM, HM060, z25, 12.06.22," BaSyTec, SN:1937.0", CH28/CH29, ATT DY200T, 23.0°C, top front mittig,4.319398474355319
5766,TP_z25_03_1,26,ZYK, HM, HM060, z25, 14.06.22," BaSyTec, SN:1937.0", CH28/CH29, ATT DY200T, 45.0°C, top front mittig,
5767,TP_z25_03_1,27,CU, HM, HM060, z25, 13.07.22," BaSyTec, SN:1937.0", CH28/CH29, ATT DY200T, 23.0°C, top front mittig,4.274007736893485
5768,TP_z25_03_1,28,ZYK, HM, HM060, z25, 13.07.22," BaSyTec, SN:1937.0", CH28/CH29, ATT DY200T, 45.0°C, top front mittig,
5769,TP_z25_03_1,29,CU, HM, HM060, z25, 11.08.22," BaSyTec, SN:1937.0", CH28/CH29, ATT DY200T, 23.0°C, top front mittig,4.230725109214514
5770,TP_z25_03_1,30,ZYK, HM, HM060, z25, 12.08.22," BaSyTec, SN:1937.0", CH28/CH29, ATT DY200T, 45.0°C, top front mittig,
5771,TP_z25_03_1,31,AT_T23, HM, HM060, z25, 12.09.2022," BaSyTec, SN:1937", CH28/CH29, ATT DY200T, 23°C, top front mittig,4.183451066761017
5772,TP_z25_03_1,31,AT_T45, HM, HM060, z25, 12.09.2022," BaSyTec, SN:1937", CH28/CH29, ATT DY200T, 45°C, top front mittig,4.280102573844969
5773,TP_z25_03_1,31,AT_T10, HM, HM060, z25, 12.09.2022," BaSyTec, SN:1937", CH28/CH29, ATT DY200T, 10°C, top front mittig,4.088616292871754
